date,product_id,product_name,category,price,discount,marketing_spend,is_holiday,stock,units_sold,revenue
01-01-2024,P1001,Wireless Headphones,Electronics,2249,10,9899,0,641,79,177671
02-01-2024,P1001,Wireless Headphones,Electronics,2499,0,19561,0,572,69,172431
03-01-2024,P1001,Wireless Headphones,Electronics,2499,0,10106,0,517,55,137445
04-01-2024,P1001,Wireless Headphones,Electronics,2374,5,16809,0,451,66,156684
05-01-2024,P1001,Wireless Headphones,Electronics,2499,0,3148,0,389,62,154938
06-01-2024,P1001,Wireless Headphones,Electronics,2249,10,8381,0,295,94,211406
07-01-2024,P1001,Wireless Headphones,Electronics,2499,0,2788,0,237,58,144942
08-01-2024,P1001,Wireless Headphones,Electronics,2249,10,19415,0,165,72,161928
09-01-2024,P1001,Wireless Headphones,Electronics,2499,0,5410,0,119,46,114954
10-01-2024,P1001,Wireless Headphones,Electronics,2499,0,14056,0,60,59,147441
11-01-2024,P1001,Wireless Headphones,Electronics,2249,10,7622,0,720,78,175422
12-01-2024,P1001,Wireless Headphones,Electronics,2499,0,7189,0,658,62,154938
13-01-2024,P1001,Wireless Headphones,Electronics,2499,0,2132,0,582,76,189924
14-01-2024,P1001,Wireless Headphones,Electronics,2249,10,16053,0,489,93,209157
15-01-2024,P1001,Wireless Headphones,Electronics,2499,0,4061,0,429,60,149940
16-01-2024,P1001,Wireless Headphones,Electronics,2499,0,15769,0,363,66,164934
17-01-2024,P1001,Wireless Headphones,Electronics,2499,0,7471,0,312,51,127449
18-01-2024,P1001,Wireless Headphones,Electronics,2124,15,6210,0,255,57,121068
19-01-2024,P1001,Wireless Headphones,Electronics,2499,0,13914,0,192,63,157437
20-01-2024,P1001,Wireless Headphones,Electronics,2374,5,9314,0,101,91,216034
21-01-2024,P1001,Wireless Headphones,Electronics,2499,0,3620,0,24,77,192423
22-01-2024,P1001,Wireless Headphones,Electronics,2499,0,11018,0,720,52,129948
23-01-2024,P1001,Wireless Headphones,Electronics,2499,0,8858,0,665,55,137445
24-01-2024,P1001,Wireless Headphones,Electronics,2499,0,3577,1,564,101,252399
25-01-2024,P1001,Wireless Headphones,Electronics,2499,0,19445,1,456,108,269892
26-01-2024,P1001,Wireless Headphones,Electronics,2499,0,6900,1,368,88,219912
27-01-2024,P1001,Wireless Headphones,Electronics,2499,0,12425,1,262,106,264894
28-01-2024,P1001,Wireless Headphones,Electronics,2249,10,14950,1,120,142,319358
29-01-2024,P1001,Wireless Headphones,Electronics,2499,0,13697,0,70,50,124950
30-01-2024,P1001,Wireless Headphones,Electronics,2499,0,10891,0,12,58,144942
31-01-2024,P1001,Wireless Headphones,Electronics,2499,0,12577,0,720,55,137445
01-02-2024,P1001,Wireless Headphones,Electronics,2499,0,8243,0,657,63,157437
02-02-2024,P1001,Wireless Headphones,Electronics,1749,30,10681,0,548,109,190641
03-02-2024,P1001,Wireless Headphones,Electronics,2499,0,10832,0,452,96,239904
04-02-2024,P1001,Wireless Headphones,Electronics,2499,0,6805,0,380,72,179928
05-02-2024,P1001,Wireless Headphones,Electronics,2499,0,2389,0,331,49,122451
06-02-2024,P1001,Wireless Headphones,Electronics,2499,0,14100,0,271,60,149940
07-02-2024,P1001,Wireless Headphones,Electronics,2249,10,15835,0,204,67,150683
08-02-2024,P1001,Wireless Headphones,Electronics,2499,0,2673,0,144,60,149940
09-02-2024,P1001,Wireless Headphones,Electronics,2124,15,16548,0,62,82,174168
10-02-2024,P1001,Wireless Headphones,Electronics,2499,0,18848,0,720,76,189924
11-02-2024,P1001,Wireless Headphones,Electronics,2499,0,19862,0,619,101,252399
12-02-2024,P1001,Wireless Headphones,Electronics,1999,20,18082,0,522,97,193903
13-02-2024,P1001,Wireless Headphones,Electronics,2249,10,13909,0,445,77,173173
14-02-2024,P1001,Wireless Headphones,Electronics,2249,10,6724,0,353,92,206908
15-02-2024,P1001,Wireless Headphones,Electronics,2499,0,16960,0,294,59,147441
16-02-2024,P1001,Wireless Headphones,Electronics,2499,0,17742,0,233,61,152439
17-02-2024,P1001,Wireless Headphones,Electronics,2249,10,19492,0,127,106,238394
18-02-2024,P1001,Wireless Headphones,Electronics,2499,0,6133,0,60,67,167433
19-02-2024,P1001,Wireless Headphones,Electronics,2499,0,11113,0,720,71,177429
20-02-2024,P1001,Wireless Headphones,Electronics,2499,0,16474,0,645,75,187425
21-02-2024,P1001,Wireless Headphones,Electronics,2499,0,4227,0,568,77,192423
22-02-2024,P1001,Wireless Headphones,Electronics,2499,0,10794,0,498,70,174930
23-02-2024,P1001,Wireless Headphones,Electronics,2499,0,9544,0,417,81,202419
24-02-2024,P1001,Wireless Headphones,Electronics,2499,0,16125,0,319,98,244902
25-02-2024,P1001,Wireless Headphones,Electronics,2499,0,11553,0,232,87,217413
26-02-2024,P1001,Wireless Headphones,Electronics,2374,5,9426,0,162,70,166180
27-02-2024,P1001,Wireless Headphones,Electronics,2374,5,17614,0,84,78,185172
28-02-2024,P1001,Wireless Headphones,Electronics,2499,0,15428,0,5,79,197421
29-02-2024,P1001,Wireless Headphones,Electronics,2499,0,12699,0,720,59,147441
01-03-2024,P1001,Wireless Headphones,Electronics,2499,0,4589,0,642,78,194922
02-03-2024,P1001,Wireless Headphones,Electronics,2499,0,4765,0,574,68,169932
03-03-2024,P1001,Wireless Headphones,Electronics,2499,0,5143,0,512,62,154938
04-03-2024,P1001,Wireless Headphones,Electronics,2374,5,9085,0,442,70,166180
05-03-2024,P1001,Wireless Headphones,Electronics,2124,15,17320,0,371,71,150804
06-03-2024,P1001,Wireless Headphones,Electronics,2499,0,6488,0,303,68,169932
07-03-2024,P1001,Wireless Headphones,Electronics,2499,0,8725,0,234,69,172431
08-03-2024,P1001,Wireless Headphones,Electronics,2124,15,2935,0,134,100,212400
09-03-2024,P1001,Wireless Headphones,Electronics,2124,15,18247,0,3,131,278244
10-03-2024,P1001,Wireless Headphones,Electronics,2249,10,4421,0,720,100,224900
11-03-2024,P1001,Wireless Headphones,Electronics,2124,15,10330,0,632,88,186912
12-03-2024,P1001,Wireless Headphones,Electronics,2499,0,4515,0,566,66,164934
13-03-2024,P1001,Wireless Headphones,Electronics,2499,0,8615,0,500,66,164934
14-03-2024,P1001,Wireless Headphones,Electronics,2499,0,14343,0,432,68,169932
15-03-2024,P1001,Wireless Headphones,Electronics,1999,20,10656,0,338,94,187906
16-03-2024,P1001,Wireless Headphones,Electronics,2124,15,13746,0,208,130,276120
17-03-2024,P1001,Wireless Headphones,Electronics,2374,5,7186,0,106,102,242148
18-03-2024,P1001,Wireless Headphones,Electronics,2374,5,17492,0,34,72,170928
19-03-2024,P1001,Wireless Headphones,Electronics,2499,0,15062,0,720,83,207417
20-03-2024,P1001,Wireless Headphones,Electronics,2249,10,16312,0,609,111,249639
21-03-2024,P1001,Wireless Headphones,Electronics,2499,0,3710,0,539,70,174930
22-03-2024,P1001,Wireless Headphones,Electronics,2499,0,12303,0,466,73,182427
23-03-2024,P1001,Wireless Headphones,Electronics,2249,10,16386,1,295,171,384579
24-03-2024,P1001,Wireless Headphones,Electronics,1999,20,4155,1,134,161,321839
25-03-2024,P1001,Wireless Headphones,Electronics,2374,5,9534,1,6,128,303872
26-03-2024,P1001,Wireless Headphones,Electronics,2499,0,18170,1,720,126,314874
27-03-2024,P1001,Wireless Headphones,Electronics,2499,0,7659,1,625,95,237405
28-03-2024,P1001,Wireless Headphones,Electronics,1999,20,9882,0,526,99,197901
29-03-2024,P1001,Wireless Headphones,Electronics,2499,0,18850,0,439,87,217413
30-03-2024,P1001,Wireless Headphones,Electronics,2499,0,19759,0,353,86,214914
31-03-2024,P1001,Wireless Headphones,Electronics,2374,5,4194,0,255,98,232652
01-04-2024,P1001,Wireless Headphones,Electronics,2499,0,10177,0,172,83,207417
02-04-2024,P1001,Wireless Headphones,Electronics,2499,0,9961,0,103,69,172431
03-04-2024,P1001,Wireless Headphones,Electronics,2249,10,3990,0,25,78,175422
04-04-2024,P1001,Wireless Headphones,Electronics,2499,0,19983,0,720,85,212415
05-04-2024,P1001,Wireless Headphones,Electronics,2499,0,18146,0,651,69,172431
06-04-2024,P1001,Wireless Headphones,Electronics,2499,0,18391,0,546,105,262395
07-04-2024,P1001,Wireless Headphones,Electronics,2499,0,2929,0,456,90,224910
08-04-2024,P1001,Wireless Headphones,Electronics,2499,0,17289,0,360,96,239904
09-04-2024,P1001,Wireless Headphones,Electronics,2374,5,17083,0,296,64,151936
10-04-2024,P1001,Wireless Headphones,Electronics,2499,0,11081,0,213,83,207417
11-04-2024,P1001,Wireless Headphones,Electronics,2124,15,4793,0,113,100,212400
12-04-2024,P1001,Wireless Headphones,Electronics,2499,0,14778,0,53,60,149940
13-04-2024,P1001,Wireless Headphones,Electronics,2499,0,17914,0,720,108,269892
14-04-2024,P1001,Wireless Headphones,Electronics,2499,0,5303,0,621,99,247401
15-04-2024,P1001,Wireless Headphones,Electronics,2499,0,4612,0,530,91,227409
16-04-2024,P1001,Wireless Headphones,Electronics,2499,0,14595,0,447,83,207417
17-04-2024,P1001,Wireless Headphones,Electronics,2499,0,11150,0,372,75,187425
18-04-2024,P1001,Wireless Headphones,Electronics,2499,0,4413,0,305,67,167433
19-04-2024,P1001,Wireless Headphones,Electronics,2499,0,12997,0,223,82,204918
20-04-2024,P1001,Wireless Headphones,Electronics,2499,0,5917,0,128,95,237405
21-04-2024,P1001,Wireless Headphones,Electronics,2499,0,9531,0,33,95,237405
22-04-2024,P1001,Wireless Headphones,Electronics,2499,0,12183,0,720,84,209916
23-04-2024,P1001,Wireless Headphones,Electronics,2374,5,7691,0,628,92,218408
24-04-2024,P1001,Wireless Headphones,Electronics,2499,0,13268,0,552,76,189924
25-04-2024,P1001,Wireless Headphones,Electronics,2249,10,17955,0,435,117,263133
26-04-2024,P1001,Wireless Headphones,Electronics,2499,0,16397,0,358,77,192423
27-04-2024,P1001,Wireless Headphones,Electronics,2499,0,4085,0,286,72,179928
28-04-2024,P1001,Wireless Headphones,Electronics,2499,0,5113,0,198,88,219912
29-04-2024,P1001,Wireless Headphones,Electronics,2499,0,16889,0,104,94,234906
30-04-2024,P1001,Wireless Headphones,Electronics,2499,0,12815,0,36,68,169932
01-05-2024,P1001,Wireless Headphones,Electronics,1749,30,19918,0,720,146,255354
02-05-2024,P1001,Wireless Headphones,Electronics,2374,5,14697,0,633,87,206538
03-05-2024,P1001,Wireless Headphones,Electronics,2499,0,5763,0,557,76,189924
04-05-2024,P1001,Wireless Headphones,Electronics,2499,0,17053,0,465,92,229908
05-05-2024,P1001,Wireless Headphones,Electronics,2499,0,3440,0,365,100,249900
06-05-2024,P1001,Wireless Headphones,Electronics,2499,0,4712,0,311,54,134946
07-05-2024,P1001,Wireless Headphones,Electronics,2499,0,10823,0,229,82,204918
08-05-2024,P1001,Wireless Headphones,Electronics,2499,0,6386,0,142,87,217413
09-05-2024,P1001,Wireless Headphones,Electronics,2374,5,14063,0,44,98,232652
10-05-2024,P1001,Wireless Headphones,Electronics,2499,0,11711,0,720,76,189924
11-05-2024,P1001,Wireless Headphones,Electronics,2499,0,15835,0,603,117,292383
12-05-2024,P1001,Wireless Headphones,Electronics,1999,20,12568,0,447,156,311844
13-05-2024,P1001,Wireless Headphones,Electronics,2499,0,11565,0,380,67,167433
14-05-2024,P1001,Wireless Headphones,Electronics,1999,20,13354,0,277,103,205897
15-05-2024,P1001,Wireless Headphones,Electronics,2499,0,2446,0,187,90,224910
16-05-2024,P1001,Wireless Headphones,Electronics,2499,0,12772,0,100,87,217413
17-05-2024,P1001,Wireless Headphones,Electronics,1749,30,13166,0,720,131,229119
18-05-2024,P1001,Wireless Headphones,Electronics,1999,20,14972,0,558,162,323838
19-05-2024,P1001,Wireless Headphones,Electronics,2249,10,9921,0,437,121,272129
20-05-2024,P1001,Wireless Headphones,Electronics,1749,30,19722,0,305,132,230868
21-05-2024,P1001,Wireless Headphones,Electronics,2249,10,8236,0,224,81,182169
22-05-2024,P1001,Wireless Headphones,Electronics,2249,10,10814,0,118,106,238394
23-05-2024,P1001,Wireless Headphones,Electronics,2499,0,16437,0,17,101,252399
24-05-2024,P1001,Wireless Headphones,Electronics,2499,0,8708,0,720,59,147441
25-05-2024,P1001,Wireless Headphones,Electronics,2374,5,14838,0,596,124,294376
26-05-2024,P1001,Wireless Headphones,Electronics,2249,10,16415,0,494,102,229398
27-05-2024,P1001,Wireless Headphones,Electronics,2374,5,17446,0,395,99,235026
28-05-2024,P1001,Wireless Headphones,Electronics,2499,0,18121,0,304,91,227409
29-05-2024,P1001,Wireless Headphones,Electronics,2124,15,8264,0,189,115,244260
30-05-2024,P1001,Wireless Headphones,Electronics,2499,0,9144,0,115,74,184926
31-05-2024,P1001,Wireless Headphones,Electronics,2499,0,3526,0,43,72,179928
01-06-2024,P1001,Wireless Headphones,Electronics,2124,15,19977,0,720,135,286740
02-06-2024,P1001,Wireless Headphones,Electronics,2499,0,12347,0,614,106,264894
03-06-2024,P1001,Wireless Headphones,Electronics,1999,20,10944,0,514,100,199900
04-06-2024,P1001,Wireless Headphones,Electronics,2499,0,5635,0,433,81,202419
05-06-2024,P1001,Wireless Headphones,Electronics,2499,0,19265,0,338,95,237405
06-06-2024,P1001,Wireless Headphones,Electronics,2499,0,18145,0,259,79,197421
07-06-2024,P1001,Wireless Headphones,Electronics,1999,20,11531,0,137,122,243878
08-06-2024,P1001,Wireless Headphones,Electronics,2374,5,7388,0,37,100,237400
09-06-2024,P1001,Wireless Headphones,Electronics,2499,0,17737,0,720,101,252399
10-06-2024,P1001,Wireless Headphones,Electronics,2249,10,16108,0,620,100,224900
11-06-2024,P1001,Wireless Headphones,Electronics,1749,30,14142,0,476,144,251856
12-06-2024,P1001,Wireless Headphones,Electronics,2499,0,3834,0,400,76,189924
13-06-2024,P1001,Wireless Headphones,Electronics,2499,0,19275,0,327,73,182427
14-06-2024,P1001,Wireless Headphones,Electronics,2499,0,3179,0,253,74,184926
15-06-2024,P1001,Wireless Headphones,Electronics,2499,0,2917,0,173,80,199920
16-06-2024,P1001,Wireless Headphones,Electronics,2499,0,14567,0,78,95,237405
17-06-2024,P1001,Wireless Headphones,Electronics,2499,0,9498,0,720,91,227409
18-06-2024,P1001,Wireless Headphones,Electronics,2499,0,10811,0,643,77,192423
19-06-2024,P1001,Wireless Headphones,Electronics,2249,10,17141,0,548,95,213655
20-06-2024,P1001,Wireless Headphones,Electronics,2499,0,10637,0,462,86,214914
21-06-2024,P1001,Wireless Headphones,Electronics,2499,0,18746,0,397,65,162435
22-06-2024,P1001,Wireless Headphones,Electronics,2249,10,4708,0,307,90,202410
23-06-2024,P1001,Wireless Headphones,Electronics,1999,20,2166,0,188,119,237881
24-06-2024,P1001,Wireless Headphones,Electronics,2499,0,13162,0,113,75,187425
25-06-2024,P1001,Wireless Headphones,Electronics,2499,0,17289,0,24,89,222411
26-06-2024,P1001,Wireless Headphones,Electronics,2249,10,17398,0,720,95,213655
27-06-2024,P1001,Wireless Headphones,Electronics,2499,0,12861,0,629,91,227409
28-06-2024,P1001,Wireless Headphones,Electronics,2249,10,12813,0,539,90,202410
29-06-2024,P1001,Wireless Headphones,Electronics,2499,0,3405,0,438,101,252399
30-06-2024,P1001,Wireless Headphones,Electronics,2249,10,7708,0,305,133,299117
01-07-2024,P1001,Wireless Headphones,Electronics,2499,0,4586,0,224,81,202419
02-07-2024,P1001,Wireless Headphones,Electronics,2499,0,19851,0,149,75,187425
03-07-2024,P1001,Wireless Headphones,Electronics,1999,20,11651,0,32,117,233883
04-07-2024,P1001,Wireless Headphones,Electronics,2499,0,12702,0,720,76,189924
05-07-2024,P1001,Wireless Headphones,Electronics,2124,15,2326,0,621,99,210276
06-07-2024,P1001,Wireless Headphones,Electronics,2124,15,6565,0,492,129,273996
07-07-2024,P1001,Wireless Headphones,Electronics,2499,0,14197,0,382,110,274890
08-07-2024,P1001,Wireless Headphones,Electronics,2249,10,19701,0,281,101,227149
09-07-2024,P1001,Wireless Headphones,Electronics,2499,0,16328,0,197,84,209916
10-07-2024,P1001,Wireless Headphones,Electronics,2499,0,18013,0,115,82,204918
11-07-2024,P1001,Wireless Headphones,Electronics,2499,0,19307,0,39,76,189924
12-07-2024,P1001,Wireless Headphones,Electronics,2124,15,18426,0,720,101,214524
13-07-2024,P1001,Wireless Headphones,Electronics,2249,10,17810,0,597,123,276627
14-07-2024,P1001,Wireless Headphones,Electronics,2249,10,15160,0,463,134,301366
15-07-2024,P1001,Wireless Headphones,Electronics,2499,0,18271,0,367,96,239904
16-07-2024,P1001,Wireless Headphones,Electronics,2499,0,5679,0,285,82,204918
17-07-2024,P1001,Wireless Headphones,Electronics,1749,30,8788,0,164,121,211629
18-07-2024,P1001,Wireless Headphones,Electronics,2374,5,12457,0,78,86,204164
19-07-2024,P1001,Wireless Headphones,Electronics,1999,20,10417,0,720,100,199900
20-07-2024,P1001,Wireless Headphones,Electronics,2499,0,4359,0,638,82,204918
21-07-2024,P1001,Wireless Headphones,Electronics,2499,0,19188,0,541,97,242403
22-07-2024,P1001,Wireless Headphones,Electronics,2249,10,17858,0,448,93,209157
23-07-2024,P1001,Wireless Headphones,Electronics,2499,0,11396,0,370,78,194922
24-07-2024,P1001,Wireless Headphones,Electronics,2499,0,10666,0,292,78,194922
25-07-2024,P1001,Wireless Headphones,Electronics,2499,0,7305,0,232,60,149940
26-07-2024,P1001,Wireless Headphones,Electronics,2499,0,11952,0,167,65,162435
27-07-2024,P1001,Wireless Headphones,Electronics,2374,5,11762,0,71,96,227904
28-07-2024,P1001,Wireless Headphones,Electronics,2499,0,17334,0,720,105,262395
29-07-2024,P1001,Wireless Headphones,Electronics,2499,0,8682,0,646,74,184926
30-07-2024,P1001,Wireless Headphones,Electronics,2249,10,5722,0,538,108,242892
31-07-2024,P1001,Wireless Headphones,Electronics,1999,20,3807,0,444,94,187906
01-08-2024,P1001,Wireless Headphones,Electronics,2499,0,9444,0,369,75,187425
02-08-2024,P1001,Wireless Headphones,Electronics,2249,10,17324,0,258,111,249639
03-08-2024,P1001,Wireless Headphones,Electronics,2499,0,6471,0,173,85,212415
04-08-2024,P1001,Wireless Headphones,Electronics,1999,20,17983,0,19,154,307846
05-08-2024,P1001,Wireless Headphones,Electronics,2499,0,11535,0,720,78,194922
06-08-2024,P1001,Wireless Headphones,Electronics,2499,0,4261,0,628,92,229908
07-08-2024,P1001,Wireless Headphones,Electronics,1749,30,4944,0,511,117,204633
08-08-2024,P1001,Wireless Headphones,Electronics,2499,0,2540,0,445,66,164934
09-08-2024,P1001,Wireless Headphones,Electronics,2499,0,9208,0,369,76,189924
10-08-2024,P1001,Wireless Headphones,Electronics,1749,30,16729,0,200,169,295581
11-08-2024,P1001,Wireless Headphones,Electronics,2499,0,18571,0,103,97,242403
12-08-2024,P1001,Wireless Headphones,Electronics,2499,0,16300,0,20,83,207417
13-08-2024,P1001,Wireless Headphones,Electronics,2249,10,5815,1,720,150,337350
14-08-2024,P1001,Wireless Headphones,Electronics,2374,5,2041,1,627,93,220782
15-08-2024,P1001,Wireless Headphones,Electronics,2499,0,4741,1,516,111,277389
16-08-2024,P1001,Wireless Headphones,Electronics,1999,20,7744,1,354,162,323838
17-08-2024,P1001,Wireless Headphones,Electronics,2374,5,12794,1,198,156,370344
18-08-2024,P1001,Wireless Headphones,Electronics,2499,0,5190,0,104,94,234906
19-08-2024,P1001,Wireless Headphones,Electronics,2499,0,10093,0,17,87,217413
20-08-2024,P1001,Wireless Headphones,Electronics,1749,30,11565,0,720,125,218625
21-08-2024,P1001,Wireless Headphones,Electronics,1999,20,8594,0,611,109,217891
22-08-2024,P1001,Wireless Headphones,Electronics,2499,0,14956,0,534,77,192423
23-08-2024,P1001,Wireless Headphones,Electronics,2499,0,13647,0,462,72,179928
24-08-2024,P1001,Wireless Headphones,Electronics,2499,0,4264,0,390,72,179928
25-08-2024,P1001,Wireless Headphones,Electronics,2374,5,13932,0,296,94,223156
26-08-2024,P1001,Wireless Headphones,Electronics,2124,15,6440,0,200,96,203904
27-08-2024,P1001,Wireless Headphones,Electronics,2499,0,4495,0,136,64,159936
28-08-2024,P1001,Wireless Headphones,Electronics,1999,20,5645,0,37,99,197901
29-08-2024,P1001,Wireless Headphones,Electronics,1749,30,12981,0,720,111,194139
30-08-2024,P1001,Wireless Headphones,Electronics,2499,0,19570,0,644,76,189924
31-08-2024,P1001,Wireless Headphones,Electronics,2499,0,9201,0,542,102,254898
01-09-2024,P1001,Wireless Headphones,Electronics,2499,0,18846,0,433,109,272391
02-09-2024,P1001,Wireless Headphones,Electronics,2499,0,10816,0,357,76,189924
03-09-2024,P1001,Wireless Headphones,Electronics,2499,0,18428,0,264,93,232407
04-09-2024,P1001,Wireless Headphones,Electronics,1749,30,15409,0,135,129,225621
05-09-2024,P1001,Wireless Headphones,Electronics,2499,0,10216,0,70,65,162435
06-09-2024,P1001,Wireless Headphones,Electronics,2499,0,6640,0,720,71,177429
07-09-2024,P1001,Wireless Headphones,Electronics,2499,0,16689,0,614,106,264894
08-09-2024,P1001,Wireless Headphones,Electronics,2499,0,8050,0,539,75,187425
09-09-2024,P1001,Wireless Headphones,Electronics,2499,0,9021,0,479,60,149940
10-09-2024,P1001,Wireless Headphones,Electronics,2374,5,18792,0,407,72,170928
11-09-2024,P1001,Wireless Headphones,Electronics,2499,0,17927,0,327,80,199920
12-09-2024,P1001,Wireless Headphones,Electronics,2124,15,5174,0,242,85,180540
13-09-2024,P1001,Wireless Headphones,Electronics,2499,0,14350,0,183,59,147441
14-09-2024,P1001,Wireless Headphones,Electronics,1749,30,7729,0,47,136,237864
15-09-2024,P1001,Wireless Headphones,Electronics,2499,0,14100,0,720,86,214914
16-09-2024,P1001,Wireless Headphones,Electronics,2124,15,16782,0,626,94,199656
17-09-2024,P1001,Wireless Headphones,Electronics,2249,10,16425,0,538,88,197912
18-09-2024,P1001,Wireless Headphones,Electronics,2499,0,17823,0,477,61,152439
19-09-2024,P1001,Wireless Headphones,Electronics,2499,0,3215,0,430,47,117453
20-09-2024,P1001,Wireless Headphones,Electronics,2499,0,15943,0,348,82,204918
21-09-2024,P1001,Wireless Headphones,Electronics,2499,0,17494,0,246,102,254898
22-09-2024,P1001,Wireless Headphones,Electronics,2124,15,3669,0,144,102,216648
23-09-2024,P1001,Wireless Headphones,Electronics,2499,0,15541,0,72,72,179928
24-09-2024,P1001,Wireless Headphones,Electronics,2499,0,8622,0,12,60,149940
25-09-2024,P1001,Wireless Headphones,Electronics,2249,10,4140,0,720,63,141687
26-09-2024,P1001,Wireless Headphones,Electronics,2499,0,16815,0,650,70,174930
27-09-2024,P1001,Wireless Headphones,Electronics,2499,0,13763,0,581,69,172431
28-09-2024,P1001,Wireless Headphones,Electronics,2124,15,19560,0,447,134,284616
29-09-2024,P1001,Wireless Headphones,Electronics,2499,0,13809,0,366,81,202419
30-09-2024,P1001,Wireless Headphones,Electronics,2499,0,11916,0,288,78,194922
01-10-2024,P1001,Wireless Headphones,Electronics,2499,0,2890,0,223,65,162435
02-10-2024,P1001,Wireless Headphones,Electronics,2499,0,9535,0,155,68,169932
03-10-2024,P1001,Wireless Headphones,Electronics,2499,0,11394,0,92,63,157437
04-10-2024,P1001,Wireless Headphones,Electronics,2374,5,3189,0,11,81,192294
05-10-2024,P1001,Wireless Headphones,Electronics,2499,0,18024,0,720,89,222411
06-10-2024,P1001,Wireless Headphones,Electronics,1999,20,3070,0,620,100,199900
07-10-2024,P1001,Wireless Headphones,Electronics,2499,0,14231,0,558,62,154938
08-10-2024,P1001,Wireless Headphones,Electronics,2499,0,9609,0,501,57,142443
09-10-2024,P1001,Wireless Headphones,Electronics,2124,15,7767,0,420,81,172044
10-10-2024,P1001,Wireless Headphones,Electronics,2499,0,6766,0,353,67,167433
11-10-2024,P1001,Wireless Headphones,Electronics,1999,20,18733,0,268,85,169915
12-10-2024,P1001,Wireless Headphones,Electronics,2499,0,13152,0,196,72,179928
13-10-2024,P1001,Wireless Headphones,Electronics,2249,10,16756,0,116,80,179920
14-10-2024,P1001,Wireless Headphones,Electronics,2499,0,19075,0,43,73,182427
15-10-2024,P1001,Wireless Headphones,Electronics,2499,0,19615,0,720,71,177429
16-10-2024,P1001,Wireless Headphones,Electronics,1749,30,8853,0,619,101,176649
17-10-2024,P1001,Wireless Headphones,Electronics,2499,0,7779,0,563,56,139944
18-10-2024,P1001,Wireless Headphones,Electronics,2124,15,12607,0,480,83,176292
19-10-2024,P1001,Wireless Headphones,Electronics,2499,0,13396,0,399,81,202419
20-10-2024,P1001,Wireless Headphones,Electronics,2499,0,12222,0,317,82,204918
21-10-2024,P1001,Wireless Headphones,Electronics,2499,0,7772,0,257,60,149940
22-10-2024,P1001,Wireless Headphones,Electronics,2499,0,4989,0,190,67,167433
23-10-2024,P1001,Wireless Headphones,Electronics,2499,0,12128,0,117,73,182427
24-10-2024,P1001,Wireless Headphones,Electronics,2124,15,18695,0,23,94,199656
25-10-2024,P1001,Wireless Headphones,Electronics,2499,0,19019,0,720,67,167433
26-10-2024,P1001,Wireless Headphones,Electronics,2499,0,2083,0,644,76,189924
27-10-2024,P1001,Wireless Headphones,Electronics,2249,10,17338,0,541,103,231647
28-10-2024,P1001,Wireless Headphones,Electronics,2499,0,16159,0,477,64,159936
29-10-2024,P1001,Wireless Headphones,Electronics,2499,0,12171,0,417,60,149940
30-10-2024,P1001,Wireless Headphones,Electronics,2249,10,10938,1,299,118,265382
31-10-2024,P1001,Wireless Headphones,Electronics,1749,30,17401,1,147,152,265848
01-11-2024,P1001,Wireless Headphones,Electronics,2124,15,8740,1,40,107,227268
02-11-2024,P1001,Wireless Headphones,Electronics,2499,0,12159,1,720,120,299880
03-11-2024,P1001,Wireless Headphones,Electronics,2499,0,4131,1,613,107,267393
04-11-2024,P1001,Wireless Headphones,Electronics,2124,15,2431,0,535,78,165672
05-11-2024,P1001,Wireless Headphones,Electronics,2374,5,4941,0,464,71,168554
06-11-2024,P1001,Wireless Headphones,Electronics,2374,5,2721,0,399,65,154310
07-11-2024,P1001,Wireless Headphones,Electronics,2499,0,4513,0,346,53,132447
08-11-2024,P1001,Wireless Headphones,Electronics,2499,0,19051,0,279,67,167433
09-11-2024,P1001,Wireless Headphones,Electronics,1749,30,3453,0,154,125,218625
10-11-2024,P1001,Wireless Headphones,Electronics,2374,5,9722,0,69,85,201790
11-11-2024,P1001,Wireless Headphones,Electronics,2499,0,19883,0,720,90,224910
12-11-2024,P1001,Wireless Headphones,Electronics,2249,10,7431,0,632,88,197912
13-11-2024,P1001,Wireless Headphones,Electronics,1999,20,17074,0,551,81,161919
14-11-2024,P1001,Wireless Headphones,Electronics,2124,15,4803,0,471,80,169920
15-11-2024,P1001,Wireless Headphones,Electronics,2499,0,9150,0,409,62,154938
16-11-2024,P1001,Wireless Headphones,Electronics,1749,30,7591,0,296,113,197637
17-11-2024,P1001,Wireless Headphones,Electronics,1749,30,3697,0,162,134,234366
18-11-2024,P1001,Wireless Headphones,Electronics,2124,15,19566,0,85,77,163548
19-11-2024,P1001,Wireless Headphones,Electronics,2499,0,11782,0,16,69,172431
20-11-2024,P1001,Wireless Headphones,Electronics,2499,0,8954,0,720,60,149940
21-11-2024,P1001,Wireless Headphones,Electronics,2499,0,3393,0,654,66,164934
22-11-2024,P1001,Wireless Headphones,Electronics,1999,20,13019,0,589,65,129935
23-11-2024,P1001,Wireless Headphones,Electronics,2499,0,19563,0,511,78,194922
24-11-2024,P1001,Wireless Headphones,Electronics,1999,20,19589,0,399,112,223888
25-11-2024,P1001,Wireless Headphones,Electronics,2499,0,3139,0,347,52,129948
26-11-2024,P1001,Wireless Headphones,Electronics,1999,20,11669,0,253,94,187906
27-11-2024,P1001,Wireless Headphones,Electronics,2124,15,13120,0,172,81,172044
28-11-2024,P1001,Wireless Headphones,Electronics,2499,0,9881,0,92,80,199920
29-11-2024,P1001,Wireless Headphones,Electronics,2249,10,11728,0,24,68,152932
30-11-2024,P1001,Wireless Headphones,Electronics,2374,5,14111,0,720,89,211286
01-12-2024,P1001,Wireless Headphones,Electronics,2249,10,5039,0,610,110,247390
02-12-2024,P1001,Wireless Headphones,Electronics,2499,0,10957,0,545,65,162435
03-12-2024,P1001,Wireless Headphones,Electronics,2499,0,19906,0,476,69,172431
04-12-2024,P1001,Wireless Headphones,Electronics,2499,0,3202,0,414,62,154938
05-12-2024,P1001,Wireless Headphones,Electronics,2374,5,2915,0,336,78,185172
06-12-2024,P1001,Wireless Headphones,Electronics,2499,0,16799,0,265,71,177429
07-12-2024,P1001,Wireless Headphones,Electronics,2499,0,13482,0,172,93,232407
08-12-2024,P1001,Wireless Headphones,Electronics,2499,0,13925,0,93,79,197421
09-12-2024,P1001,Wireless Headphones,Electronics,2124,15,11103,0,2,91,193284
10-12-2024,P1001,Wireless Headphones,Electronics,2499,0,15413,0,720,56,139944
11-12-2024,P1001,Wireless Headphones,Electronics,2374,5,15450,0,633,87,206538
12-12-2024,P1001,Wireless Headphones,Electronics,2499,0,19208,0,573,60,149940
13-12-2024,P1001,Wireless Headphones,Electronics,2499,0,11529,0,497,76,189924
14-12-2024,P1001,Wireless Headphones,Electronics,2249,10,5153,0,409,88,197912
15-12-2024,P1001,Wireless Headphones,Electronics,2499,0,6921,0,336,73,182427
16-12-2024,P1001,Wireless Headphones,Electronics,2499,0,14690,0,284,52,129948
17-12-2024,P1001,Wireless Headphones,Electronics,2249,10,15463,0,194,90,202410
18-12-2024,P1001,Wireless Headphones,Electronics,2124,15,6333,0,117,77,163548
19-12-2024,P1001,Wireless Headphones,Electronics,2499,0,9057,0,59,58,144942
20-12-2024,P1001,Wireless Headphones,Electronics,2499,0,6910,0,6,53,132447
21-12-2024,P1001,Wireless Headphones,Electronics,2499,0,8646,0,720,73,182427
22-12-2024,P1001,Wireless Headphones,Electronics,1999,20,10962,0,601,119,237881
23-12-2024,P1001,Wireless Headphones,Electronics,1749,30,13043,1,429,172,300828
24-12-2024,P1001,Wireless Headphones,Electronics,2499,0,2284,1,339,90,224910
25-12-2024,P1001,Wireless Headphones,Electronics,2499,0,12227,1,238,101,252399
26-12-2024,P1001,Wireless Headphones,Electronics,2499,0,6053,1,129,109,272391
27-12-2024,P1001,Wireless Headphones,Electronics,2499,0,6825,1,31,98,244902
28-12-2024,P1001,Wireless Headphones,Electronics,2499,0,12026,0,720,78,194922
29-12-2024,P1001,Wireless Headphones,Electronics,2499,0,3043,0,624,96,239904
30-12-2024,P1001,Wireless Headphones,Electronics,2124,15,14263,0,545,79,167796
31-12-2024,P1001,Wireless Headphones,Electronics,2124,15,6764,0,447,98,208152
01-01-2025,P1001,Wireless Headphones,Electronics,2374,5,16660,0,377,70,166180
02-01-2025,P1001,Wireless Headphones,Electronics,1749,30,6762,0,276,101,176649
03-01-2025,P1001,Wireless Headphones,Electronics,2499,0,15964,0,199,77,192423
04-01-2025,P1001,Wireless Headphones,Electronics,2124,15,5835,0,105,94,199656
05-01-2025,P1001,Wireless Headphones,Electronics,2124,15,3602,0,6,99,210276
06-01-2025,P1001,Wireless Headphones,Electronics,2499,0,5399,0,720,56,139944
07-01-2025,P1001,Wireless Headphones,Electronics,2499,0,17512,0,645,75,187425
08-01-2025,P1001,Wireless Headphones,Electronics,1749,30,9413,0,541,104,181896
09-01-2025,P1001,Wireless Headphones,Electronics,2499,0,15136,0,464,77,192423
10-01-2025,P1001,Wireless Headphones,Electronics,2499,0,5610,0,408,56,139944
11-01-2025,P1001,Wireless Headphones,Electronics,2499,0,16329,0,304,104,259896
12-01-2025,P1001,Wireless Headphones,Electronics,2499,0,6934,0,229,75,187425
13-01-2025,P1001,Wireless Headphones,Electronics,1999,20,9236,0,143,86,171914
14-01-2025,P1001,Wireless Headphones,Electronics,2499,0,2632,0,89,54,134946
15-01-2025,P1001,Wireless Headphones,Electronics,2249,10,5796,0,720,93,209157
16-01-2025,P1001,Wireless Headphones,Electronics,2124,15,6097,0,640,80,169920
17-01-2025,P1001,Wireless Headphones,Electronics,2249,10,4309,0,556,84,188916
18-01-2025,P1001,Wireless Headphones,Electronics,2124,15,11494,0,435,121,257004
19-01-2025,P1001,Wireless Headphones,Electronics,2249,10,7181,0,349,86,193414
20-01-2025,P1001,Wireless Headphones,Electronics,2499,0,11094,0,277,72,179928
21-01-2025,P1001,Wireless Headphones,Electronics,2249,10,18436,0,195,82,184418
22-01-2025,P1001,Wireless Headphones,Electronics,2374,5,11415,0,127,68,161432
23-01-2025,P1001,Wireless Headphones,Electronics,1749,30,14993,0,16,111,194139
24-01-2025,P1001,Wireless Headphones,Electronics,2499,0,19759,1,720,97,242403
25-01-2025,P1001,Wireless Headphones,Electronics,2124,15,7112,1,543,177,375948
26-01-2025,P1001,Wireless Headphones,Electronics,1749,30,17903,1,327,216,377784
27-01-2025,P1001,Wireless Headphones,Electronics,2499,0,12914,1,214,113,282387
28-01-2025,P1001,Wireless Headphones,Electronics,2499,0,5962,1,106,108,269892
29-01-2025,P1001,Wireless Headphones,Electronics,2499,0,2993,0,44,62,154938
30-01-2025,P1001,Wireless Headphones,Electronics,2499,0,9135,0,720,88,219912
31-01-2025,P1001,Wireless Headphones,Electronics,2249,10,6637,0,626,94,211406
01-02-2025,P1001,Wireless Headphones,Electronics,1999,20,5886,0,505,121,241879
02-02-2025,P1001,Wireless Headphones,Electronics,2499,0,6153,0,413,92,229908
03-02-2025,P1001,Wireless Headphones,Electronics,2249,10,11569,0,327,86,193414
04-02-2025,P1001,Wireless Headphones,Electronics,2374,5,5627,0,239,88,208912
05-02-2025,P1001,Wireless Headphones,Electronics,2499,0,12414,0,170,69,172431
06-02-2025,P1001,Wireless Headphones,Electronics,2499,0,3620,0,113,57,142443
07-02-2025,P1001,Wireless Headphones,Electronics,1749,30,3333,0,18,95,166155
08-02-2025,P1001,Wireless Headphones,Electronics,2499,0,15939,0,720,99,247401
09-02-2025,P1001,Wireless Headphones,Electronics,2374,5,11398,0,612,108,256392
10-02-2025,P1001,Wireless Headphones,Electronics,2499,0,10417,0,548,64,159936
11-02-2025,P1001,Wireless Headphones,Electronics,2499,0,4763,0,485,63,157437
12-02-2025,P1001,Wireless Headphones,Electronics,2499,0,14348,0,398,87,217413
13-02-2025,P1001,Wireless Headphones,Electronics,2249,10,7537,0,320,78,175422
14-02-2025,P1001,Wireless Headphones,Electronics,1999,20,7310,0,217,103,205897
15-02-2025,P1001,Wireless Headphones,Electronics,2499,0,13193,0,119,98,244902
16-02-2025,P1001,Wireless Headphones,Electronics,2499,0,14483,0,17,102,254898
17-02-2025,P1001,Wireless Headphones,Electronics,2499,0,10043,0,720,72,179928
18-02-2025,P1001,Wireless Headphones,Electronics,2499,0,9937,0,639,81,202419
19-02-2025,P1001,Wireless Headphones,Electronics,2124,15,11824,0,532,107,227268
20-02-2025,P1001,Wireless Headphones,Electronics,2499,0,13154,0,439,93,232407
21-02-2025,P1001,Wireless Headphones,Electronics,2499,0,12835,0,355,84,209916
22-02-2025,P1001,Wireless Headphones,Electronics,2499,0,10668,0,243,112,279888
23-02-2025,P1001,Wireless Headphones,Electronics,2499,0,19319,0,142,101,252399
24-02-2025,P1001,Wireless Headphones,Electronics,2499,0,3713,0,63,79,197421
25-02-2025,P1001,Wireless Headphones,Electronics,2499,0,12259,0,720,68,169932
26-02-2025,P1001,Wireless Headphones,Electronics,2499,0,13548,0,643,77,192423
27-02-2025,P1001,Wireless Headphones,Electronics,2499,0,18304,0,561,82,204918
28-02-2025,P1001,Wireless Headphones,Electronics,2124,15,19978,0,461,100,212400
01-03-2025,P1001,Wireless Headphones,Electronics,2499,0,6731,0,363,98,244902
02-03-2025,P1001,Wireless Headphones,Electronics,1999,20,5669,0,232,131,261869
03-03-2025,P1001,Wireless Headphones,Electronics,2499,0,9916,0,141,91,227409
04-03-2025,P1001,Wireless Headphones,Electronics,2499,0,7775,0,64,77,192423
05-03-2025,P1001,Wireless Headphones,Electronics,2499,0,13460,0,720,78,194922
06-03-2025,P1001,Wireless Headphones,Electronics,2499,0,7952,0,655,65,162435
07-03-2025,P1001,Wireless Headphones,Electronics,2124,15,10033,0,562,93,197532
08-03-2025,P1001,Wireless Headphones,Electronics,2499,0,2380,0,476,86,214914
09-03-2025,P1001,Wireless Headphones,Electronics,2374,5,6950,0,390,86,204164
10-03-2025,P1001,Wireless Headphones,Electronics,2499,0,2391,0,306,84,209916
11-03-2025,P1001,Wireless Headphones,Electronics,2374,5,10004,0,220,86,204164
12-03-2025,P1001,Wireless Headphones,Electronics,2124,15,18074,1,33,187,397188
13-03-2025,P1001,Wireless Headphones,Electronics,2499,0,5650,1,720,120,299880
14-03-2025,P1001,Wireless Headphones,Electronics,2499,0,19156,1,590,130,324870
15-03-2025,P1001,Wireless Headphones,Electronics,2499,0,8473,1,452,138,344862
16-03-2025,P1001,Wireless Headphones,Electronics,2499,0,14805,1,289,163,407337
17-03-2025,P1001,Wireless Headphones,Electronics,2249,10,16589,0,180,109,245141
18-03-2025,P1001,Wireless Headphones,Electronics,2499,0,12861,0,104,76,189924
19-03-2025,P1001,Wireless Headphones,Electronics,2499,0,10188,0,25,79,197421
20-03-2025,P1001,Wireless Headphones,Electronics,2124,15,18662,0,720,139,295236
21-03-2025,P1001,Wireless Headphones,Electronics,2249,10,19463,0,612,108,242892
22-03-2025,P1001,Wireless Headphones,Electronics,2124,15,13048,0,471,141,299484
23-03-2025,P1001,Wireless Headphones,Electronics,2499,0,4764,0,366,105,262395
24-03-2025,P1001,Wireless Headphones,Electronics,2249,10,17281,0,262,104,233896
25-03-2025,P1001,Wireless Headphones,Electronics,2499,0,19450,0,166,96,239904
26-03-2025,P1001,Wireless Headphones,Electronics,2499,0,5952,0,87,79,197421
27-03-2025,P1001,Wireless Headphones,Electronics,2249,10,5874,0,720,108,242892
28-03-2025,P1001,Wireless Headphones,Electronics,2124,15,6350,0,612,108,229392
29-03-2025,P1001,Wireless Headphones,Electronics,2499,0,14472,0,521,91,227409
30-03-2025,P1001,Wireless Headphones,Electronics,2499,0,3282,0,424,97,242403
31-03-2025,P1001,Wireless Headphones,Electronics,2499,0,8030,0,331,93,232407
01-04-2025,P1001,Wireless Headphones,Electronics,2124,15,10035,0,197,134,284616
02-04-2025,P1001,Wireless Headphones,Electronics,2499,0,17931,0,107,90,224910
03-04-2025,P1001,Wireless Headphones,Electronics,2499,0,14375,0,41,66,164934
04-04-2025,P1001,Wireless Headphones,Electronics,2499,0,9939,0,720,82,204918
05-04-2025,P1001,Wireless Headphones,Electronics,2499,0,2576,0,618,102,254898
06-04-2025,P1001,Wireless Headphones,Electronics,2374,5,3956,0,509,109,258766
07-04-2025,P1001,Wireless Headphones,Electronics,2124,15,8801,0,399,110,233640
08-04-2025,P1001,Wireless Headphones,Electronics,2499,0,11272,0,317,82,204918
09-04-2025,P1001,Wireless Headphones,Electronics,2499,0,16090,0,207,110,274890
10-04-2025,P1001,Wireless Headphones,Electronics,2374,5,15749,0,114,93,220782
11-04-2025,P1001,Wireless Headphones,Electronics,2374,5,18724,0,14,100,237400
12-04-2025,P1001,Wireless Headphones,Electronics,2499,0,8053,0,720,104,259896
13-04-2025,P1001,Wireless Headphones,Electronics,2499,0,10636,0,625,95,237405
14-04-2025,P1001,Wireless Headphones,Electronics,1999,20,6784,0,507,118,235882
15-04-2025,P1001,Wireless Headphones,Electronics,2499,0,18741,0,421,86,214914
16-04-2025,P1001,Wireless Headphones,Electronics,2124,15,10068,0,315,106,225144
17-04-2025,P1001,Wireless Headphones,Electronics,2499,0,11553,0,232,83,207417
18-04-2025,P1001,Wireless Headphones,Electronics,2499,0,5603,0,143,89,222411
19-04-2025,P1001,Wireless Headphones,Electronics,2374,5,6742,0,31,112,265888
20-04-2025,P1001,Wireless Headphones,Electronics,2249,10,10397,0,720,127,285623
21-04-2025,P1001,Wireless Headphones,Electronics,2499,0,5848,0,622,98,244902
22-04-2025,P1001,Wireless Headphones,Electronics,2499,0,10902,0,546,76,189924
23-04-2025,P1001,Wireless Headphones,Electronics,2249,10,4353,0,443,103,231647
24-04-2025,P1001,Wireless Headphones,Electronics,2249,10,19870,0,333,110,247390
25-04-2025,P1001,Wireless Headphones,Electronics,2499,0,11598,0,254,79,197421
26-04-2025,P1001,Wireless Headphones,Electronics,2499,0,18698,0,143,111,277389
27-04-2025,P1001,Wireless Headphones,Electronics,2499,0,6324,0,43,100,249900
28-04-2025,P1001,Wireless Headphones,Electronics,2499,0,5472,0,720,82,204918
29-04-2025,P1001,Wireless Headphones,Electronics,2499,0,7902,0,648,72,179928
30-04-2025,P1001,Wireless Headphones,Electronics,2499,0,15619,0,554,94,234906
01-05-2025,P1001,Wireless Headphones,Electronics,2499,0,15930,0,452,102,254898
02-05-2025,P1001,Wireless Headphones,Electronics,1999,20,9818,0,318,134,267866
03-05-2025,P1001,Wireless Headphones,Electronics,2499,0,18726,0,188,130,324870
04-05-2025,P1001,Wireless Headphones,Electronics,2374,5,2615,0,64,124,294376
05-05-2025,P1001,Wireless Headphones,Electronics,2374,5,17423,0,720,89,211286
06-05-2025,P1001,Wireless Headphones,Electronics,2499,0,2764,0,638,82,204918
07-05-2025,P1001,Wireless Headphones,Electronics,2499,0,9651,0,536,102,254898
08-05-2025,P1001,Wireless Headphones,Electronics,1999,20,9667,0,416,120,239880
09-05-2025,P1001,Wireless Headphones,Electronics,2499,0,6632,0,329,87,217413
10-05-2025,P1001,Wireless Headphones,Electronics,2499,0,12184,0,217,112,279888
11-05-2025,P1001,Wireless Headphones,Electronics,2499,0,19455,0,82,135,337365
12-05-2025,P1001,Wireless Headphones,Electronics,2499,0,5059,0,720,96,239904
13-05-2025,P1001,Wireless Headphones,Electronics,2499,0,18732,0,636,84,209916
14-05-2025,P1001,Wireless Headphones,Electronics,2249,10,3059,0,531,105,236145
15-05-2025,P1001,Wireless Headphones,Electronics,2499,0,11220,0,447,84,209916
16-05-2025,P1001,Wireless Headphones,Electronics,2499,0,18866,0,334,113,282387
17-05-2025,P1001,Wireless Headphones,Electronics,2499,0,12577,0,211,123,307377
18-05-2025,P1001,Wireless Headphones,Electronics,2499,0,3874,0,90,121,302379
19-05-2025,P1001,Wireless Headphones,Electronics,1999,20,3579,0,720,144,287856
20-05-2025,P1001,Wireless Headphones,Electronics,2499,0,10144,0,631,89,222411
21-05-2025,P1001,Wireless Headphones,Electronics,1999,20,6559,0,501,130,259870
22-05-2025,P1001,Wireless Headphones,Electronics,2499,0,13767,0,411,90,224910
23-05-2025,P1001,Wireless Headphones,Electronics,2499,0,19097,0,305,106,264894
24-05-2025,P1001,Wireless Headphones,Electronics,2499,0,7762,0,197,108,269892
25-05-2025,P1001,Wireless Headphones,Electronics,2499,0,3091,0,94,103,257397
26-05-2025,P1001,Wireless Headphones,Electronics,2499,0,5545,0,13,81,202419
27-05-2025,P1001,Wireless Headphones,Electronics,2499,0,8216,0,720,91,227409
28-05-2025,P1001,Wireless Headphones,Electronics,2499,0,12575,0,611,109,272391
29-05-2025,P1001,Wireless Headphones,Electronics,2499,0,9723,0,521,90,224910
30-05-2025,P1001,Wireless Headphones,Electronics,2499,0,4278,0,427,94,234906
31-05-2025,P1001,Wireless Headphones,Electronics,2249,10,17648,0,276,151,339599
01-06-2025,P1001,Wireless Headphones,Electronics,2249,10,17164,0,114,162,364338
02-06-2025,P1001,Wireless Headphones,Electronics,2499,0,5892,0,14,100,249900
03-06-2025,P1001,Wireless Headphones,Electronics,2499,0,5385,0,720,83,207417
04-06-2025,P1001,Wireless Headphones,Electronics,2499,0,3684,0,620,100,249900
05-06-2025,P1001,Wireless Headphones,Electronics,2499,0,7261,0,528,92,229908
06-06-2025,P1001,Wireless Headphones,Electronics,2499,0,2711,0,436,92,229908
07-06-2025,P1001,Wireless Headphones,Electronics,2499,0,15130,0,292,144,359856
08-06-2025,P1001,Wireless Headphones,Electronics,2499,0,10748,0,179,113,282387
09-06-2025,P1001,Wireless Headphones,Electronics,2499,0,9760,0,85,94,234906
10-06-2025,P1001,Wireless Headphones,Electronics,1749,30,3417,0,720,134,234366
11-06-2025,P1001,Wireless Headphones,Electronics,2499,0,7174,0,641,79,197421
12-06-2025,P1001,Wireless Headphones,Electronics,2499,0,18546,0,571,70,174930
13-06-2025,P1001,Wireless Headphones,Electronics,2499,0,3444,0,493,78,194922
14-06-2025,P1001,Wireless Headphones,Electronics,2499,0,10963,0,375,118,294882
15-06-2025,P1001,Wireless Headphones,Electronics,2124,15,4494,0,236,139,295236
16-06-2025,P1001,Wireless Headphones,Electronics,2124,15,8652,0,116,120,254880
17-06-2025,P1001,Wireless Headphones,Electronics,2499,0,3244,0,24,92,229908
18-06-2025,P1001,Wireless Headphones,Electronics,2249,10,3195,0,720,116,260884
19-06-2025,P1001,Wireless Headphones,Electronics,2499,0,2427,0,643,77,192423
20-06-2025,P1001,Wireless Headphones,Electronics,2499,0,16319,0,547,96,239904
21-06-2025,P1001,Wireless Headphones,Electronics,1749,30,4702,0,359,188,328812
22-06-2025,P1001,Wireless Headphones,Electronics,2499,0,17954,0,231,128,319872
23-06-2025,P1001,Wireless Headphones,Electronics,2499,0,9534,0,144,87,217413
24-06-2025,P1001,Wireless Headphones,Electronics,2499,0,7884,0,60,84,209916
25-06-2025,P1001,Wireless Headphones,Electronics,2499,0,4698,0,720,99,247401
26-06-2025,P1001,Wireless Headphones,Electronics,2499,0,14489,0,614,106,264894
27-06-2025,P1001,Wireless Headphones,Electronics,2499,0,2155,0,522,92,229908
28-06-2025,P1001,Wireless Headphones,Electronics,2499,0,15609,0,407,115,287385
29-06-2025,P1001,Wireless Headphones,Electronics,2499,0,19842,0,291,116,289884
30-06-2025,P1001,Wireless Headphones,Electronics,2499,0,11994,0,196,95,237405
01-07-2025,P1001,Wireless Headphones,Electronics,2249,10,18065,0,68,128,287872
02-07-2025,P1001,Wireless Headphones,Electronics,2499,0,7353,0,720,84,209916
03-07-2025,P1001,Wireless Headphones,Electronics,2374,5,19542,0,614,106,251644
04-07-2025,P1001,Wireless Headphones,Electronics,2499,0,3931,0,536,78,194922
05-07-2025,P1001,Wireless Headphones,Electronics,2499,0,18766,0,429,107,267393
06-07-2025,P1001,Wireless Headphones,Electronics,2249,10,3744,0,284,145,326105
07-07-2025,P1001,Wireless Headphones,Electronics,2499,0,14453,0,186,98,244902
08-07-2025,P1001,Wireless Headphones,Electronics,2124,15,14930,0,61,125,265500
09-07-2025,P1001,Wireless Headphones,Electronics,2374,5,19225,0,720,110,261140
10-07-2025,P1001,Wireless Headphones,Electronics,2499,0,15610,0,635,85,212415
11-07-2025,P1001,Wireless Headphones,Electronics,2499,0,12288,0,565,70,174930
12-07-2025,P1001,Wireless Headphones,Electronics,2499,0,12533,0,445,120,299880
13-07-2025,P1001,Wireless Headphones,Electronics,2374,5,16224,0,311,134,318116
14-07-2025,P1001,Wireless Headphones,Electronics,2374,5,3821,0,225,86,204164
15-07-2025,P1001,Wireless Headphones,Electronics,2124,15,14222,0,122,103,218772
16-07-2025,P1001,Wireless Headphones,Electronics,2499,0,15212,0,18,104,259896
17-07-2025,P1001,Wireless Headphones,Electronics,2499,0,8094,0,720,86,214914
18-07-2025,P1001,Wireless Headphones,Electronics,2249,10,11355,0,616,104,233896
19-07-2025,P1001,Wireless Headphones,Electronics,2499,0,5474,0,513,103,257397
20-07-2025,P1001,Wireless Headphones,Electronics,2499,0,6227,0,421,92,229908
21-07-2025,P1001,Wireless Headphones,Electronics,2124,15,8900,0,298,123,261252
22-07-2025,P1001,Wireless Headphones,Electronics,2499,0,12955,0,183,115,287385
23-07-2025,P1001,Wireless Headphones,Electronics,2499,0,18619,0,74,109,272391
24-07-2025,P1001,Wireless Headphones,Electronics,2499,0,5811,0,720,95,237405
25-07-2025,P1001,Wireless Headphones,Electronics,2499,0,14294,0,635,85,212415
26-07-2025,P1001,Wireless Headphones,Electronics,1999,20,18867,0,467,168,335832
27-07-2025,P1001,Wireless Headphones,Electronics,2499,0,9555,0,372,95,237405
28-07-2025,P1001,Wireless Headphones,Electronics,2499,0,17059,0,290,82,204918
29-07-2025,P1001,Wireless Headphones,Electronics,2499,0,5872,0,216,74,184926
30-07-2025,P1001,Wireless Headphones,Electronics,2499,0,13270,0,110,106,264894
31-07-2025,P1001,Wireless Headphones,Electronics,1999,20,18244,0,720,144,287856
01-08-2025,P1001,Wireless Headphones,Electronics,2374,5,13505,0,615,105,249270
02-08-2025,P1001,Wireless Headphones,Electronics,1749,30,12540,0,425,190,332310
03-08-2025,P1001,Wireless Headphones,Electronics,2499,0,11175,0,315,110,274890
04-08-2025,P1001,Wireless Headphones,Electronics,2499,0,6496,0,230,85,212415
05-08-2025,P1001,Wireless Headphones,Electronics,1749,30,5112,0,104,126,220374
06-08-2025,P1001,Wireless Headphones,Electronics,2499,0,10987,0,23,81,202419
07-08-2025,P1001,Wireless Headphones,Electronics,2499,0,6722,0,720,83,207417
08-08-2025,P1001,Wireless Headphones,Electronics,2374,5,14209,0,614,106,251644
09-08-2025,P1001,Wireless Headphones,Electronics,2374,5,9129,0,524,90,213660
10-08-2025,P1001,Wireless Headphones,Electronics,2374,5,19919,0,387,137,325238
11-08-2025,P1001,Wireless Headphones,Electronics,2499,0,13158,0,293,94,234906
12-08-2025,P1001,Wireless Headphones,Electronics,2499,0,18671,0,218,75,187425
13-08-2025,P1001,Wireless Headphones,Electronics,2499,0,10014,1,96,122,304878
14-08-2025,P1001,Wireless Headphones,Electronics,2499,0,9242,1,720,132,329868
15-08-2025,P1001,Wireless Headphones,Electronics,2499,0,18439,1,602,118,294882
16-08-2025,P1001,Wireless Headphones,Electronics,1999,20,19111,1,365,237,473763
17-08-2025,P1001,Wireless Headphones,Electronics,2499,0,15562,1,237,128,319872
18-08-2025,P1001,Wireless Headphones,Electronics,2374,5,6185,0,143,94,223156
19-08-2025,P1001,Wireless Headphones,Electronics,1999,20,16746,0,18,125,249875
20-08-2025,P1001,Wireless Headphones,Electronics,2499,0,10896,0,720,76,189924
21-08-2025,P1001,Wireless Headphones,Electronics,2124,15,18238,0,601,119,252756
22-08-2025,P1001,Wireless Headphones,Electronics,2499,0,8166,0,525,76,189924
23-08-2025,P1001,Wireless Headphones,Electronics,2499,0,10938,0,405,120,299880
24-08-2025,P1001,Wireless Headphones,Electronics,2499,0,9714,0,302,103,257397
25-08-2025,P1001,Wireless Headphones,Electronics,2124,15,5570,0,192,110,233640
26-08-2025,P1001,Wireless Headphones,Electronics,2499,0,17532,0,109,83,207417
27-08-2025,P1001,Wireless Headphones,Electronics,2249,10,16377,0,720,110,247390
28-08-2025,P1001,Wireless Headphones,Electronics,1749,30,9562,0,577,143,250107
29-08-2025,P1001,Wireless Headphones,Electronics,2499,0,18685,0,491,86,214914
30-08-2025,P1001,Wireless Headphones,Electronics,2499,0,6063,0,381,110,274890
31-08-2025,P1001,Wireless Headphones,Electronics,2499,0,6427,0,282,99,247401
01-09-2025,P1001,Wireless Headphones,Electronics,1999,20,3262,0,172,110,219890
02-09-2025,P1001,Wireless Headphones,Electronics,2374,5,10050,0,85,87,206538
03-09-2025,P1001,Wireless Headphones,Electronics,2499,0,11017,0,4,81,202419
04-09-2025,P1001,Wireless Headphones,Electronics,2249,10,8144,0,720,105,236145
05-09-2025,P1001,Wireless Headphones,Electronics,2499,0,12488,0,643,77,192423
06-09-2025,P1001,Wireless Headphones,Electronics,2499,0,14085,0,546,97,242403
07-09-2025,P1001,Wireless Headphones,Electronics,1999,20,8863,0,391,155,309845
08-09-2025,P1001,Wireless Headphones,Electronics,2124,15,2578,0,297,94,199656
09-09-2025,P1001,Wireless Headphones,Electronics,2374,5,11589,0,211,86,204164
10-09-2025,P1001,Wireless Headphones,Electronics,2249,10,10431,0,100,111,249639
11-09-2025,P1001,Wireless Headphones,Electronics,2499,0,13570,0,25,75,187425
12-09-2025,P1001,Wireless Headphones,Electronics,2124,15,6075,0,720,100,212400
13-09-2025,P1001,Wireless Headphones,Electronics,2499,0,9386,0,632,88,219912
14-09-2025,P1001,Wireless Headphones,Electronics,2249,10,4459,0,522,110,247390
15-09-2025,P1001,Wireless Headphones,Electronics,2499,0,7377,0,443,79,197421
16-09-2025,P1001,Wireless Headphones,Electronics,2499,0,10280,0,373,70,174930
17-09-2025,P1001,Wireless Headphones,Electronics,2249,10,12355,0,292,81,182169
18-09-2025,P1001,Wireless Headphones,Electronics,2499,0,15766,0,213,79,197421
19-09-2025,P1001,Wireless Headphones,Electronics,2499,0,5359,0,138,75,187425
20-09-2025,P1001,Wireless Headphones,Electronics,2499,0,15032,0,24,114,284886
21-09-2025,P1001,Wireless Headphones,Electronics,1999,20,16355,0,720,160,319840
22-09-2025,P1001,Wireless Headphones,Electronics,2374,5,11451,0,629,91,216034
23-09-2025,P1001,Wireless Headphones,Electronics,2499,0,7683,0,554,75,187425
24-09-2025,P1001,Wireless Headphones,Electronics,2124,15,19838,0,456,98,208152
25-09-2025,P1001,Wireless Headphones,Electronics,1999,20,2879,0,347,109,217891
26-09-2025,P1001,Wireless Headphones,Electronics,2374,5,11252,0,268,79,187546
27-09-2025,P1001,Wireless Headphones,Electronics,2499,0,3859,0,173,95,237405
28-09-2025,P1001,Wireless Headphones,Electronics,2499,0,14453,0,67,106,264894
29-09-2025,P1001,Wireless Headphones,Electronics,1999,20,8937,0,720,118,235882
30-09-2025,P1001,Wireless Headphones,Electronics,2249,10,19792,0,608,112,251888
01-10-2025,P1001,Wireless Headphones,Electronics,2374,5,8359,0,520,88,208912
02-10-2025,P1001,Wireless Headphones,Electronics,1749,30,10864,0,419,101,176649
03-10-2025,P1001,Wireless Headphones,Electronics,2499,0,6405,0,350,69,172431
04-10-2025,P1001,Wireless Headphones,Electronics,2499,0,4983,0,254,96,239904
05-10-2025,P1001,Wireless Headphones,Electronics,2499,0,12056,0,164,90,224910
06-10-2025,P1001,Wireless Headphones,Electronics,2499,0,18619,0,88,76,189924
07-10-2025,P1001,Wireless Headphones,Electronics,2499,0,19205,0,7,81,202419
08-10-2025,P1001,Wireless Headphones,Electronics,2124,15,15254,0,720,94,199656
09-10-2025,P1001,Wireless Headphones,Electronics,2499,0,16875,0,635,85,212415
10-10-2025,P1001,Wireless Headphones,Electronics,2374,5,6868,0,558,77,182798
11-10-2025,P1001,Wireless Headphones,Electronics,2249,10,9793,0,448,110,247390
12-10-2025,P1001,Wireless Headphones,Electronics,2499,0,12580,0,361,87,217413
13-10-2025,P1001,Wireless Headphones,Electronics,2249,10,8776,0,276,85,191165
14-10-2025,P1001,Wireless Headphones,Electronics,2124,15,7775,0,176,100,212400
15-10-2025,P1001,Wireless Headphones,Electronics,2249,10,10242,0,89,87,195663
16-10-2025,P1001,Wireless Headphones,Electronics,2499,0,3876,0,21,68,169932
17-10-2025,P1001,Wireless Headphones,Electronics,2499,0,12024,0,720,92,229908
18-10-2025,P1001,Wireless Headphones,Electronics,2374,5,10239,1,584,136,322864
19-10-2025,P1001,Wireless Headphones,Electronics,2499,0,9223,1,445,139,347361
20-10-2025,P1001,Wireless Headphones,Electronics,2499,0,3684,1,339,106,264894
21-10-2025,P1001,Wireless Headphones,Electronics,2499,0,5992,1,248,91,227409
22-10-2025,P1001,Wireless Headphones,Electronics,2499,0,19662,1,124,124,309876
23-10-2025,P1001,Wireless Headphones,Electronics,1749,30,3591,0,10,114,199386
24-10-2025,P1001,Wireless Headphones,Electronics,2499,0,18762,0,720,76,189924
25-10-2025,P1001,Wireless Headphones,Electronics,1749,30,3036,0,562,158,276342
26-10-2025,P1001,Wireless Headphones,Electronics,2249,10,4685,0,457,105,236145
27-10-2025,P1001,Wireless Headphones,Electronics,2499,0,4789,0,394,63,157437
28-10-2025,P1001,Wireless Headphones,Electronics,2499,0,14759,0,328,66,164934
29-10-2025,P1001,Wireless Headphones,Electronics,2499,0,12616,0,249,79,197421
30-10-2025,P1001,Wireless Headphones,Electronics,2499,0,14551,0,171,78,194922
31-10-2025,P1001,Wireless Headphones,Electronics,2499,0,17874,0,89,82,204918
01-11-2025,P1001,Wireless Headphones,Electronics,2499,0,3545,0,11,78,194922
02-11-2025,P1001,Wireless Headphones,Electronics,1749,30,6004,0,720,152,265848
03-11-2025,P1001,Wireless Headphones,Electronics,2499,0,9528,0,652,68,169932
04-11-2025,P1001,Wireless Headphones,Electronics,1749,30,17755,0,541,111,194139
05-11-2025,P1001,Wireless Headphones,Electronics,2499,0,18440,0,463,78,194922
06-11-2025,P1001,Wireless Headphones,Electronics,2499,0,2212,0,402,61,152439
07-11-2025,P1001,Wireless Headphones,Electronics,2249,10,19456,0,323,79,177671
08-11-2025,P1001,Wireless Headphones,Electronics,2499,0,11772,0,237,86,214914
09-11-2025,P1001,Wireless Headphones,Electronics,2499,0,5299,0,152,85,212415
10-11-2025,P1001,Wireless Headphones,Electronics,2499,0,18750,0,74,78,194922
11-11-2025,P1001,Wireless Headphones,Electronics,2374,5,14780,0,720,86,204164
12-11-2025,P1001,Wireless Headphones,Electronics,2499,0,12912,0,663,57,142443
13-11-2025,P1001,Wireless Headphones,Electronics,2499,0,11879,0,600,63,157437
14-11-2025,P1001,Wireless Headphones,Electronics,2249,10,16793,0,514,86,193414
15-11-2025,P1001,Wireless Headphones,Electronics,2499,0,10511,0,419,95,237405
16-11-2025,P1001,Wireless Headphones,Electronics,1749,30,3765,0,271,148,258852
17-11-2025,P1001,Wireless Headphones,Electronics,2499,0,15422,0,210,61,152439
18-11-2025,P1001,Wireless Headphones,Electronics,2499,0,3993,0,156,54,134946
19-11-2025,P1001,Wireless Headphones,Electronics,2499,0,18007,0,72,84,209916
20-11-2025,P1001,Wireless Headphones,Electronics,2499,0,14761,0,720,94,234906
21-11-2025,P1001,Wireless Headphones,Electronics,2499,0,6224,0,653,67,167433
22-11-2025,P1001,Wireless Headphones,Electronics,2499,0,12273,0,567,86,214914
23-11-2025,P1001,Wireless Headphones,Electronics,2499,0,17474,0,468,99,247401
24-11-2025,P1001,Wireless Headphones,Electronics,2249,10,3160,0,394,74,166426
25-11-2025,P1001,Wireless Headphones,Electronics,1749,30,14709,0,271,123,215127
26-11-2025,P1001,Wireless Headphones,Electronics,2499,0,13439,0,200,71,177429
27-11-2025,P1001,Wireless Headphones,Electronics,2249,10,10052,0,115,85,191165
28-11-2025,P1001,Wireless Headphones,Electronics,1999,20,6476,0,4,111,221889
29-11-2025,P1001,Wireless Headphones,Electronics,2374,5,16091,0,720,107,254018
30-11-2025,P1001,Wireless Headphones,Electronics,2374,5,4729,0,635,85,201790
01-12-2025,P1001,Wireless Headphones,Electronics,2499,0,9954,0,570,65,162435
02-12-2025,P1001,Wireless Headphones,Electronics,2499,0,10028,0,500,70,174930
03-12-2025,P1001,Wireless Headphones,Electronics,2249,10,10072,0,404,96,215904
04-12-2025,P1001,Wireless Headphones,Electronics,2124,15,18322,0,308,96,203904
05-12-2025,P1001,Wireless Headphones,Electronics,2374,5,6811,0,239,69,163806
06-12-2025,P1001,Wireless Headphones,Electronics,2374,5,16056,0,126,113,268262
07-12-2025,P1001,Wireless Headphones,Electronics,2499,0,10165,0,35,91,227409
08-12-2025,P1001,Wireless Headphones,Electronics,2124,15,18489,0,720,100,212400
09-12-2025,P1001,Wireless Headphones,Electronics,2499,0,9024,0,655,65,162435
10-12-2025,P1001,Wireless Headphones,Electronics,1749,30,5517,0,540,115,201135
11-12-2025,P1001,Wireless Headphones,Electronics,2499,0,13635,0,471,69,172431
12-12-2025,P1001,Wireless Headphones,Electronics,2249,10,13816,0,383,88,197912
13-12-2025,P1001,Wireless Headphones,Electronics,2499,0,14119,0,296,87,217413
14-12-2025,P1001,Wireless Headphones,Electronics,2499,0,7982,0,212,84,209916
15-12-2025,P1001,Wireless Headphones,Electronics,2499,0,5474,0,141,71,177429
16-12-2025,P1001,Wireless Headphones,Electronics,2374,5,18991,0,57,84,199416
17-12-2025,P1001,Wireless Headphones,Electronics,2499,0,2773,0,720,73,182427
18-12-2025,P1001,Wireless Headphones,Electronics,2124,15,3022,0,623,97,206028
19-12-2025,P1001,Wireless Headphones,Electronics,2499,0,5114,0,544,79,197421
20-12-2025,P1001,Wireless Headphones,Electronics,2249,10,14810,0,417,127,285623
21-12-2025,P1001,Wireless Headphones,Electronics,2499,0,12773,0,328,89,222411
22-12-2025,P1001,Wireless Headphones,Electronics,2499,0,7971,0,272,56,139944
23-12-2025,P1001,Wireless Headphones,Electronics,1999,20,7617,1,137,135,269865
24-12-2025,P1001,Wireless Headphones,Electronics,2374,5,14431,1,29,108,256392
25-12-2025,P1001,Wireless Headphones,Electronics,2499,0,12874,1,720,119,297381
26-12-2025,P1001,Wireless Headphones,Electronics,2124,15,8564,1,555,165,350460
27-12-2025,P1001,Wireless Headphones,Electronics,2499,0,5127,1,447,108,269892
28-12-2025,P1001,Wireless Headphones,Electronics,2249,10,17553,0,342,105,236145
29-12-2025,P1001,Wireless Headphones,Electronics,2499,0,2483,0,272,70,174930
30-12-2025,P1001,Wireless Headphones,Electronics,2374,5,8984,0,190,82,194668
31-12-2025,P1001,Wireless Headphones,Electronics,2499,0,18772,0,95,95,237405
01-01-2026,P1001,Wireless Headphones,Electronics,1999,20,9500,0,6,89,177911
02-01-2026,P1001,Wireless Headphones,Electronics,2499,0,14622,0,720,86,214914
03-01-2026,P1001,Wireless Headphones,Electronics,2499,0,15462,0,626,94,234906
04-01-2026,P1001,Wireless Headphones,Electronics,2499,0,7950,0,541,85,212415
05-01-2026,P1001,Wireless Headphones,Electronics,2249,10,14519,0,460,81,182169
06-01-2026,P1001,Wireless Headphones,Electronics,2374,5,5507,0,377,83,197042
07-01-2026,P1001,Wireless Headphones,Electronics,2499,0,4018,0,305,72,179928
08-01-2026,P1001,Wireless Headphones,Electronics,2499,0,4385,0,213,92,229908
09-01-2026,P1001,Wireless Headphones,Electronics,2499,0,7797,0,126,87,217413
10-01-2026,P1001,Wireless Headphones,Electronics,1999,20,7398,0,13,113,225887
11-01-2026,P1001,Wireless Headphones,Electronics,2499,0,16434,0,720,114,284886
12-01-2026,P1001,Wireless Headphones,Electronics,1749,30,11954,0,604,116,202884
13-01-2026,P1001,Wireless Headphones,Electronics,2499,0,16472,0,537,67,167433
14-01-2026,P1001,Wireless Headphones,Electronics,2499,0,2773,0,480,57,142443
15-01-2026,P1001,Wireless Headphones,Electronics,2499,0,10587,0,407,73,182427
16-01-2026,P1001,Wireless Headphones,Electronics,2499,0,15741,0,306,101,252399
17-01-2026,P1001,Wireless Headphones,Electronics,1749,30,12705,0,143,163,285087
18-01-2026,P1001,Wireless Headphones,Electronics,2249,10,16756,0,21,122,274378
19-01-2026,P1001,Wireless Headphones,Electronics,2499,0,3894,0,720,77,192423
20-01-2026,P1001,Wireless Headphones,Electronics,2499,0,3696,0,656,64,159936
21-01-2026,P1001,Wireless Headphones,Electronics,2374,5,9578,0,586,70,166180
22-01-2026,P1001,Wireless Headphones,Electronics,2499,0,14968,0,502,84,209916
23-01-2026,P1001,Wireless Headphones,Electronics,2499,0,19393,0,410,92,229908
24-01-2026,P1001,Wireless Headphones,Electronics,2499,0,2476,1,249,161,402339
25-01-2026,P1001,Wireless Headphones,Electronics,2499,0,19989,1,80,169,422331
26-01-2026,P1001,Wireless Headphones,Electronics,2499,0,2459,1,720,113,282387
27-01-2026,P1001,Wireless Headphones,Electronics,1999,20,18864,1,539,181,361819
28-01-2026,P1001,Wireless Headphones,Electronics,2499,0,3151,1,420,119,297381
29-01-2026,P1001,Wireless Headphones,Electronics,2499,0,7602,0,337,83,207417
30-01-2026,P1001,Wireless Headphones,Electronics,2374,5,17243,0,246,91,216034
31-01-2026,P1001,Wireless Headphones,Electronics,2499,0,6014,0,129,117,292383
01-02-2026,P1001,Wireless Headphones,Electronics,2499,0,6368,0,36,93,232407
02-02-2026,P1001,Wireless Headphones,Electronics,2499,0,17896,0,720,80,199920
03-02-2026,P1001,Wireless Headphones,Electronics,2499,0,16791,0,645,75,187425
04-02-2026,P1001,Wireless Headphones,Electronics,2499,0,14093,0,553,92,229908
05-02-2026,P1001,Wireless Headphones,Electronics,2249,10,9068,0,485,68,152932
06-02-2026,P1001,Wireless Headphones,Electronics,2499,0,7920,0,405,80,199920
07-02-2026,P1001,Wireless Headphones,Electronics,2499,0,10650,0,297,108,269892
08-02-2026,P1001,Wireless Headphones,Electronics,2499,0,8231,0,194,103,257397
09-02-2026,P1001,Wireless Headphones,Electronics,2499,0,7945,0,108,86,214914
10-02-2026,P1001,Wireless Headphones,Electronics,2499,0,9938,0,13,95,237405
11-02-2026,P1001,Wireless Headphones,Electronics,2124,15,4937,0,720,102,216648
12-02-2026,P1001,Wireless Headphones,Electronics,2499,0,18477,0,632,88,219912
13-02-2026,P1001,Wireless Headphones,Electronics,2499,0,17592,0,527,105,262395
14-02-2026,P1001,Wireless Headphones,Electronics,2499,0,14334,0,418,109,272391
15-02-2026,P1001,Wireless Headphones,Electronics,2499,0,6833,0,329,89,222411
16-02-2026,P1001,Wireless Headphones,Electronics,1749,30,2510,0,224,105,183645
17-02-2026,P1001,Wireless Headphones,Electronics,2374,5,13663,0,147,77,182798
18-02-2026,P1001,Wireless Headphones,Electronics,2499,0,18329,0,44,103,257397
19-02-2026,P1001,Wireless Headphones,Electronics,2499,0,6530,0,720,82,204918
20-02-2026,P1001,Wireless Headphones,Electronics,2374,5,4411,0,631,89,211286
21-02-2026,P1001,Wireless Headphones,Electronics,2499,0,6177,0,525,106,264894
22-02-2026,P1001,Wireless Headphones,Electronics,2499,0,17305,0,398,127,317373
23-02-2026,P1001,Wireless Headphones,Electronics,2374,5,9247,0,316,82,194668
24-02-2026,P1001,Wireless Headphones,Electronics,2499,0,17812,0,207,109,272391
25-02-2026,P1001,Wireless Headphones,Electronics,2499,0,12036,0,136,71,177429
26-02-2026,P1001,Wireless Headphones,Electronics,2499,0,7802,0,58,78,194922
27-02-2026,P1001,Wireless Headphones,Electronics,2499,0,8558,0,720,98,244902
28-02-2026,P1001,Wireless Headphones,Electronics,2374,5,15617,0,601,119,282506
01-03-2026,P1001,Wireless Headphones,Electronics,2374,5,12066,0,458,143,339482
02-03-2026,P1001,Wireless Headphones,Electronics,2499,0,16253,1,322,136,339864
03-03-2026,P1001,Wireless Headphones,Electronics,2499,0,7187,1,186,136,339864
04-03-2026,P1001,Wireless Headphones,Electronics,2374,5,7422,1,47,139,329986
05-03-2026,P1001,Wireless Headphones,Electronics,2499,0,9371,1,720,133,332367
06-03-2026,P1001,Wireless Headphones,Electronics,2124,15,18362,1,510,210,446040
07-03-2026,P1001,Wireless Headphones,Electronics,2499,0,14694,0,383,127,317373
08-03-2026,P1001,Wireless Headphones,Electronics,2374,5,15495,0,249,134,318116
09-03-2026,P1001,Wireless Headphones,Electronics,2499,0,10970,0,157,92,229908
10-03-2026,P1001,Wireless Headphones,Electronics,2124,15,12980,0,52,105,223020
11-03-2026,P1001,Wireless Headphones,Electronics,2249,10,15649,0,720,109,245141
12-03-2026,P1001,Wireless Headphones,Electronics,2499,0,12269,0,622,98,244902
13-03-2026,P1001,Wireless Headphones,Electronics,2499,0,16578,0,522,100,249900
14-03-2026,P1001,Wireless Headphones,Electronics,1749,30,14730,0,311,211,369039
15-03-2026,P1001,Wireless Headphones,Electronics,2374,5,5099,0,191,120,284880
16-03-2026,P1001,Wireless Headphones,Electronics,2499,0,17628,0,108,83,207417
17-03-2026,P1001,Wireless Headphones,Electronics,2499,0,9781,0,31,77,192423
18-03-2026,P1001,Wireless Headphones,Electronics,2124,15,10718,0,720,94,199656
19-03-2026,P1001,Wireless Headphones,Electronics,2499,0,4958,0,627,93,232407
20-03-2026,P1001,Wireless Headphones,Electronics,2499,0,12659,0,545,82,204918
21-03-2026,P1001,Wireless Headphones,Electronics,1999,20,11793,0,364,181,361819
22-03-2026,P1001,Wireless Headphones,Electronics,2499,0,10477,0,264,100,249900
23-03-2026,P1001,Wireless Headphones,Electronics,2124,15,11957,0,147,117,248508
24-03-2026,P1001,Wireless Headphones,Electronics,2499,0,16383,0,49,98,244902
25-03-2026,P1001,Wireless Headphones,Electronics,2374,5,11257,0,720,110,261140
26-03-2026,P1001,Wireless Headphones,Electronics,1999,20,5320,0,581,139,277861
27-03-2026,P1001,Wireless Headphones,Electronics,2124,15,7521,0,454,127,269748
28-03-2026,P1001,Wireless Headphones,Electronics,2499,0,10023,0,343,111,277389
29-03-2026,P1001,Wireless Headphones,Electronics,2124,15,6620,0,186,157,333468
30-03-2026,P1001,Wireless Headphones,Electronics,2249,10,16256,0,70,116,260884
31-03-2026,P1001,Wireless Headphones,Electronics,1999,20,16412,0,720,136,271864
01-04-2026,P1001,Wireless Headphones,Electronics,2249,10,7266,0,599,121,272129
02-04-2026,P1001,Wireless Headphones,Electronics,2124,15,3562,0,459,140,297360
03-04-2026,P1001,Wireless Headphones,Electronics,2499,0,4340,0,369,90,224910
04-04-2026,P1001,Wireless Headphones,Electronics,1999,20,2072,0,230,139,277861
05-04-2026,P1001,Wireless Headphones,Electronics,2499,0,6064,0,110,120,299880
06-04-2026,P1001,Wireless Headphones,Electronics,2374,5,18024,0,720,116,275384
07-04-2026,P1001,Wireless Headphones,Electronics,2499,0,4875,0,625,95,237405
08-04-2026,P1001,Wireless Headphones,Electronics,2499,0,17039,0,518,107,267393
09-04-2026,P1001,Wireless Headphones,Electronics,1999,20,14103,0,374,144,287856
10-04-2026,P1001,Wireless Headphones,Electronics,2499,0,19372,0,267,107,267393
11-04-2026,P1001,Wireless Headphones,Electronics,2499,0,3112,0,143,124,309876
12-04-2026,P1001,Wireless Headphones,Electronics,2124,15,11618,0,720,151,320724
13-04-2026,P1001,Wireless Headphones,Electronics,2124,15,5176,0,604,116,246384
14-04-2026,P1001,Wireless Headphones,Electronics,2499,0,17465,0,507,97,242403
15-04-2026,P1001,Wireless Headphones,Electronics,2499,0,5656,0,419,88,219912
16-04-2026,P1001,Wireless Headphones,Electronics,2499,0,9506,0,309,110,274890
17-04-2026,P1001,Wireless Headphones,Electronics,2499,0,18350,0,189,120,299880
18-04-2026,P1001,Wireless Headphones,Electronics,2499,0,9556,0,77,112,279888
19-04-2026,P1001,Wireless Headphones,Electronics,2499,0,12364,0,720,120,299880
20-04-2026,P1001,Wireless Headphones,Electronics,2499,0,8225,0,629,91,227409
21-04-2026,P1001,Wireless Headphones,Electronics,2499,0,2960,0,530,99,247401
22-04-2026,P1001,Wireless Headphones,Electronics,2499,0,10766,0,441,89,222411
23-04-2026,P1001,Wireless Headphones,Electronics,2499,0,19141,0,331,110,274890
24-04-2026,P1001,Wireless Headphones,Electronics,2499,0,12804,0,246,85,212415
25-04-2026,P1001,Wireless Headphones,Electronics,2249,10,9624,0,105,141,317109
26-04-2026,P1001,Wireless Headphones,Electronics,2499,0,9740,0,720,139,347361
27-04-2026,P1001,Wireless Headphones,Electronics,2499,0,14317,0,637,83,207417
28-04-2026,P1001,Wireless Headphones,Electronics,2499,0,14061,0,536,101,252399
29-04-2026,P1001,Wireless Headphones,Electronics,2124,15,15650,0,386,150,318600
30-04-2026,P1001,Wireless Headphones,Electronics,2249,10,16432,0,238,148,332852
01-05-2026,P1001,Wireless Headphones,Electronics,2374,5,11268,0,114,124,294376
02-05-2026,P1001,Wireless Headphones,Electronics,2124,15,16388,0,720,207,439668
03-05-2026,P1001,Wireless Headphones,Electronics,2249,10,15624,0,559,161,362089
04-05-2026,P1001,Wireless Headphones,Electronics,2499,0,19549,0,458,101,252399
05-05-2026,P1001,Wireless Headphones,Electronics,2249,10,9941,0,348,110,247390
06-05-2026,P1001,Wireless Headphones,Electronics,2124,15,11193,0,234,114,242136
07-05-2026,P1001,Wireless Headphones,Electronics,2499,0,17775,0,132,102,254898
08-05-2026,P1001,Wireless Headphones,Electronics,2499,0,11207,0,32,100,249900
09-05-2026,P1001,Wireless Headphones,Electronics,2499,0,8188,0,720,116,289884
10-05-2026,P1001,Wireless Headphones,Electronics,1999,20,4971,0,572,148,295852
11-05-2026,P1001,Wireless Headphones,Electronics,2499,0,16220,0,465,107,267393
12-05-2026,P1001,Wireless Headphones,Electronics,2374,5,13351,0,344,121,287254
13-05-2026,P1001,Wireless Headphones,Electronics,2249,10,10843,0,215,129,290121
14-05-2026,P1001,Wireless Headphones,Electronics,2249,10,19312,0,102,113,254137
15-05-2026,P1001,Wireless Headphones,Electronics,1999,20,6071,0,720,138,275862
16-05-2026,P1001,Wireless Headphones,Electronics,1749,30,4301,0,533,187,327063
17-05-2026,P1001,Wireless Headphones,Electronics,2499,0,7845,0,406,127,317373
18-05-2026,P1001,Wireless Headphones,Electronics,2374,5,16010,0,291,115,273010
19-05-2026,P1001,Wireless Headphones,Electronics,2499,0,5719,0,199,92,229908
20-05-2026,P1001,Wireless Headphones,Electronics,2499,0,4834,0,97,102,254898
21-05-2026,P1001,Wireless Headphones,Electronics,1999,20,16367,0,720,154,307846
22-05-2026,P1001,Wireless Headphones,Electronics,2499,0,3108,0,626,94,234906
23-05-2026,P1001,Wireless Headphones,Electronics,2499,0,7036,0,495,131,327369
24-05-2026,P1001,Wireless Headphones,Electronics,2249,10,13299,0,336,159,357591
25-05-2026,P1001,Wireless Headphones,Electronics,2249,10,11809,0,219,117,263133
26-05-2026,P1001,Wireless Headphones,Electronics,1999,20,13238,0,72,147,293853
27-05-2026,P1001,Wireless Headphones,Electronics,2499,0,10463,0,720,96,239904
28-05-2026,P1001,Wireless Headphones,Electronics,2374,5,2718,0,605,115,273010
29-05-2026,P1001,Wireless Headphones,Electronics,2374,5,13569,0,484,121,287254
30-05-2026,P1001,Wireless Headphones,Electronics,1749,30,11150,0,267,217,379533
31-05-2026,P1001,Wireless Headphones,Electronics,2499,0,7099,0,145,122,304878
01-06-2026,P1001,Wireless Headphones,Electronics,2499,0,9037,0,40,105,262395
02-06-2026,P1001,Wireless Headphones,Electronics,2124,15,9875,0,720,140,297360
03-06-2026,P1001,Wireless Headphones,Electronics,2499,0,2507,0,619,101,252399
04-06-2026,P1001,Wireless Headphones,Electronics,1999,20,7834,0,476,143,285857
05-06-2026,P1001,Wireless Headphones,Electronics,2374,5,10406,0,367,109,258766
06-06-2026,P1001,Wireless Headphones,Electronics,2499,0,4157,0,238,129,322371
07-06-2026,P1001,Wireless Headphones,Electronics,1749,30,2707,0,21,217,379533
08-06-2026,P1001,Wireless Headphones,Electronics,2499,0,13939,0,720,107,267393
09-06-2026,P1001,Wireless Headphones,Electronics,1999,20,13161,0,579,141,281859
10-06-2026,P1001,Wireless Headphones,Electronics,2499,0,5461,0,493,86,214914
11-06-2026,P1001,Wireless Headphones,Electronics,2249,10,11546,0,372,121,272129
12-06-2026,P1001,Wireless Headphones,Electronics,2124,15,17862,0,227,145,307980
13-06-2026,P1001,Wireless Headphones,Electronics,2499,0,10541,0,84,143,357357
14-06-2026,P1001,Wireless Headphones,Electronics,2499,0,7488,0,720,126,314874
15-06-2026,P1001,Wireless Headphones,Electronics,2374,5,9749,0,617,103,244522
16-06-2026,P1001,Wireless Headphones,Electronics,2499,0,18612,0,516,101,252399
17-06-2026,P1001,Wireless Headphones,Electronics,2499,0,16915,0,420,96,239904
18-06-2026,P1001,Wireless Headphones,Electronics,2499,0,12549,0,315,105,262395
19-06-2026,P1001,Wireless Headphones,Electronics,2499,0,6743,0,220,95,237405
20-06-2026,P1001,Wireless Headphones,Electronics,2499,0,3677,0,119,101,252399
21-06-2026,P1001,Wireless Headphones,Electronics,2499,0,12949,0,720,121,302379
22-06-2026,P1001,Wireless Headphones,Electronics,2124,15,7315,0,593,127,269748
23-06-2026,P1001,Wireless Headphones,Electronics,1999,20,14868,0,466,127,253873
24-06-2026,P1001,Wireless Headphones,Electronics,1749,30,19044,0,309,157,274593
25-06-2026,P1001,Wireless Headphones,Electronics,2499,0,4335,0,206,103,257397
26-06-2026,P1001,Wireless Headphones,Electronics,2499,0,3626,0,110,96,239904
27-06-2026,P1001,Wireless Headphones,Electronics,2499,0,4580,0,720,147,367353
28-06-2026,P1001,Wireless Headphones,Electronics,2499,0,5545,0,617,103,257397
29-06-2026,P1001,Wireless Headphones,Electronics,2499,0,4509,0,520,97,242403
30-06-2026,P1001,Wireless Headphones,Electronics,2499,0,9938,0,416,104,259896
01-07-2026,P1001,Wireless Headphones,Electronics,2499,0,3293,0,329,87,217413
02-07-2026,P1001,Wireless Headphones,Electronics,1749,30,19932,0,175,154,269346
03-07-2026,P1001,Wireless Headphones,Electronics,2499,0,2254,0,96,79,197421
04-07-2026,P1001,Wireless Headphones,Electronics,2499,0,5246,0,720,128,319872
05-07-2026,P1001,Wireless Headphones,Electronics,2124,15,6337,0,559,161,341964
06-07-2026,P1001,Wireless Headphones,Electronics,2499,0,4744,0,474,85,212415
07-07-2026,P1001,Wireless Headphones,Electronics,2499,0,5102,0,359,115,287385
08-07-2026,P1001,Wireless Headphones,Electronics,2499,0,11868,0,264,95,237405
09-07-2026,P1001,Wireless Headphones,Electronics,2499,0,14982,0,168,96,239904
10-07-2026,P1001,Wireless Headphones,Electronics,2499,0,18242,0,55,113,282387
11-07-2026,P1001,Wireless Headphones,Electronics,2499,0,18293,0,720,136,339864
12-07-2026,P1001,Wireless Headphones,Electronics,2374,5,11830,0,595,125,296750
13-07-2026,P1001,Wireless Headphones,Electronics,2499,0,17243,0,492,103,257397
14-07-2026,P1001,Wireless Headphones,Electronics,2499,0,15563,0,387,105,262395
15-07-2026,P1001,Wireless Headphones,Electronics,2499,0,6771,0,294,93,232407
16-07-2026,P1001,Wireless Headphones,Electronics,1999,20,14042,0,147,147,293853
17-07-2026,P1001,Wireless Headphones,Electronics,2124,15,17293,0,12,135,286740
18-07-2026,P1001,Wireless Headphones,Electronics,1749,30,14665,0,720,192,335808
19-07-2026,P1001,Wireless Headphones,Electronics,2499,0,16204,0,596,124,309876
20-07-2026,P1001,Wireless Headphones,Electronics,1999,20,5258,0,466,130,259870
21-07-2026,P1001,Wireless Headphones,Electronics,2499,0,5146,0,367,99,247401
22-07-2026,P1001,Wireless Headphones,Electronics,2499,0,10112,0,272,95,237405
23-07-2026,P1001,Wireless Headphones,Electronics,2249,10,7573,0,155,117,263133
24-07-2026,P1001,Wireless Headphones,Electronics,2499,0,13106,0,72,83,207417
25-07-2026,P1001,Wireless Headphones,Electronics,2499,0,15766,0,720,143,357357
26-07-2026,P1001,Wireless Headphones,Electronics,2499,0,7817,0,596,124,309876
27-07-2026,P1001,Wireless Headphones,Electronics,2374,5,18293,0,486,110,261140
28-07-2026,P1001,Wireless Headphones,Electronics,2499,0,7505,0,375,111,277389
29-07-2026,P1001,Wireless Headphones,Electronics,2249,10,15101,0,233,142,319358
30-07-2026,P1001,Wireless Headphones,Electronics,2499,0,16899,0,120,113,282387
31-07-2026,P1001,Wireless Headphones,Electronics,2249,10,6821,0,3,117,263133
01-08-2026,P1001,Wireless Headphones,Electronics,2499,0,10703,0,720,138,344862
02-08-2026,P1001,Wireless Headphones,Electronics,1749,30,4746,0,534,186,325314
03-08-2026,P1001,Wireless Headphones,Electronics,2249,10,18355,0,401,133,299117
04-08-2026,P1001,Wireless Headphones,Electronics,2499,0,11185,0,303,98,244902
05-08-2026,P1001,Wireless Headphones,Electronics,2499,0,17407,0,193,110,274890
06-08-2026,P1001,Wireless Headphones,Electronics,2499,0,11521,0,96,97,242403
07-08-2026,P1001,Wireless Headphones,Electronics,2499,0,14427,0,720,98,244902
08-08-2026,P1001,Wireless Headphones,Electronics,2499,0,11680,0,600,120,299880
09-08-2026,P1001,Wireless Headphones,Electronics,2499,0,2113,0,472,128,319872
10-08-2026,P1001,Wireless Headphones,Electronics,2499,0,5732,0,379,93,232407
11-08-2026,P1001,Wireless Headphones,Electronics,2124,15,9134,0,251,128,271872
12-08-2026,P1001,Wireless Headphones,Electronics,2499,0,9274,0,155,96,239904
13-08-2026,P1001,Wireless Headphones,Electronics,1749,30,14723,1,720,253,442497
14-08-2026,P1001,Wireless Headphones,Electronics,2374,5,19745,1,543,177,420198
15-08-2026,P1001,Wireless Headphones,Electronics,2249,10,4292,1,332,211,474539
16-08-2026,P1001,Wireless Headphones,Electronics,1999,20,16523,1,93,239,477761
17-08-2026,P1001,Wireless Headphones,Electronics,2499,0,10878,1,720,122,304878
18-08-2026,P1001,Wireless Headphones,Electronics,2499,0,17045,0,626,94,234906
19-08-2026,P1001,Wireless Headphones,Electronics,2499,0,17922,0,536,90,224910
20-08-2026,P1001,Wireless Headphones,Electronics,2499,0,16512,0,451,85,212415
21-08-2026,P1001,Wireless Headphones,Electronics,2249,10,15519,0,344,107,240643
22-08-2026,P1001,Wireless Headphones,Electronics,2499,0,5644,0,226,118,294882
23-08-2026,P1001,Wireless Headphones,Electronics,2499,0,4042,0,114,112,279888
24-08-2026,P1001,Wireless Headphones,Electronics,2374,5,3281,0,28,86,204164
25-08-2026,P1001,Wireless Headphones,Electronics,2499,0,4750,0,720,80,199920
26-08-2026,P1001,Wireless Headphones,Electronics,2374,5,5176,0,621,99,235026
27-08-2026,P1001,Wireless Headphones,Electronics,1749,30,2589,0,475,146,255354
28-08-2026,P1001,Wireless Headphones,Electronics,2499,0,5093,0,390,85,212415
29-08-2026,P1001,Wireless Headphones,Electronics,2499,0,13795,0,261,129,322371
30-08-2026,P1001,Wireless Headphones,Electronics,2499,0,11158,0,138,123,307377
31-08-2026,P1001,Wireless Headphones,Electronics,2124,15,2374,0,38,100,212400
01-09-2026,P1001,Wireless Headphones,Electronics,2499,0,4696,0,720,77,192423
02-09-2026,P1001,Wireless Headphones,Electronics,2124,15,3271,0,583,137,290988
03-09-2026,P1001,Wireless Headphones,Electronics,1749,30,17978,0,435,148,258852
04-09-2026,P1001,Wireless Headphones,Electronics,2374,5,11212,0,336,99,235026
05-09-2026,P1001,Wireless Headphones,Electronics,2249,10,15624,0,182,154,346346
06-09-2026,P1001,Wireless Headphones,Electronics,2499,0,2757,0,79,103,257397
07-09-2026,P1001,Wireless Headphones,Electronics,2499,0,14600,0,720,97,242403
08-09-2026,P1001,Wireless Headphones,Electronics,1999,20,4812,0,583,137,273863
09-09-2026,P1001,Wireless Headphones,Electronics,1749,30,12885,0,456,127,222123
10-09-2026,P1001,Wireless Headphones,Electronics,2499,0,12618,0,355,101,252399
11-09-2026,P1001,Wireless Headphones,Electronics,2499,0,12607,0,263,92,229908
12-09-2026,P1001,Wireless Headphones,Electronics,2499,0,14849,0,145,118,294882
13-09-2026,P1001,Wireless Headphones,Electronics,1999,20,13294,0,720,161,321839
14-09-2026,P1001,Wireless Headphones,Electronics,2499,0,16755,0,607,113,282387
15-09-2026,P1001,Wireless Headphones,Electronics,2124,15,9145,0,482,125,265500
16-09-2026,P1001,Wireless Headphones,Electronics,2374,5,3060,0,400,82,194668
17-09-2026,P1001,Wireless Headphones,Electronics,2499,0,15346,0,322,78,194922
18-09-2026,P1001,Wireless Headphones,Electronics,2499,0,10533,0,223,99,247401
19-09-2026,P1001,Wireless Headphones,Electronics,2499,0,2449,0,121,102,254898
20-09-2026,P1001,Wireless Headphones,Electronics,2499,0,4242,0,15,106,264894
21-09-2026,P1001,Wireless Headphones,Electronics,2249,10,19093,0,720,122,274378
22-09-2026,P1001,Wireless Headphones,Electronics,2499,0,16981,0,637,83,207417
23-09-2026,P1001,Wireless Headphones,Electronics,2374,5,2935,0,534,103,244522
24-09-2026,P1001,Wireless Headphones,Electronics,1749,30,7649,0,399,135,236115
25-09-2026,P1001,Wireless Headphones,Electronics,2499,0,11753,0,304,95,237405
26-09-2026,P1001,Wireless Headphones,Electronics,2499,0,12597,0,206,98,244902
27-09-2026,P1001,Wireless Headphones,Electronics,2499,0,4138,0,104,102,254898
01-01-2024,P1002,Laptop,Electronics,55999,0,5054,0,131,13,727987
02-01-2024,P1002,Laptop,Electronics,44799,20,2471,0,116,15,671985
03-01-2024,P1002,Laptop,Electronics,55999,0,10488,0,107,9,503991
04-01-2024,P1002,Laptop,Electronics,50399,10,12475,0,93,14,705586
05-01-2024,P1002,Laptop,Electronics,55999,0,9903,0,85,8,447992
06-01-2024,P1002,Laptop,Electronics,55999,0,16009,0,66,19,1063981
07-01-2024,P1002,Laptop,Electronics,55999,0,6916,0,52,14,783986
08-01-2024,P1002,Laptop,Electronics,44799,20,8760,0,30,22,985578
09-01-2024,P1002,Laptop,Electronics,55999,0,2941,0,17,13,727987
10-01-2024,P1002,Laptop,Electronics,55999,0,15954,0,4,13,727987
11-01-2024,P1002,Laptop,Electronics,55999,0,11191,0,144,10,559990
12-01-2024,P1002,Laptop,Electronics,53199,5,6111,0,131,13,691587
13-01-2024,P1002,Laptop,Electronics,55999,0,4485,0,120,11,615989
14-01-2024,P1002,Laptop,Electronics,55999,0,18235,0,100,20,1119980
15-01-2024,P1002,Laptop,Electronics,55999,0,12212,0,84,16,895984
16-01-2024,P1002,Laptop,Electronics,55999,0,7432,0,77,7,391993
17-01-2024,P1002,Laptop,Electronics,55999,0,10808,0,64,13,727987
18-01-2024,P1002,Laptop,Electronics,47599,15,19525,0,45,19,904381
19-01-2024,P1002,Laptop,Electronics,55999,0,8016,0,38,7,391993
20-01-2024,P1002,Laptop,Electronics,55999,0,16841,0,23,15,839985
21-01-2024,P1002,Laptop,Electronics,55999,0,19448,0,11,12,671988
22-01-2024,P1002,Laptop,Electronics,55999,0,13853,0,144,18,1007982
23-01-2024,P1002,Laptop,Electronics,53199,5,2728,0,132,12,638388
24-01-2024,P1002,Laptop,Electronics,55999,0,6281,1,115,17,951983
25-01-2024,P1002,Laptop,Electronics,50399,10,6346,1,88,27,1360773
26-01-2024,P1002,Laptop,Electronics,50399,10,4017,1,70,18,907182
27-01-2024,P1002,Laptop,Electronics,55999,0,17307,1,49,21,1175979
28-01-2024,P1002,Laptop,Electronics,55999,0,10890,1,20,29,1623971
29-01-2024,P1002,Laptop,Electronics,55999,0,10190,0,6,14,783986
30-01-2024,P1002,Laptop,Electronics,55999,0,9154,0,144,11,615989
31-01-2024,P1002,Laptop,Electronics,50399,10,7785,0,128,16,806384
01-02-2024,P1002,Laptop,Electronics,47599,15,4196,0,118,10,475990
02-02-2024,P1002,Laptop,Electronics,55999,0,7373,0,103,15,839985
03-02-2024,P1002,Laptop,Electronics,55999,0,9448,0,85,18,1007982
04-02-2024,P1002,Laptop,Electronics,50399,10,14265,0,69,16,806384
05-02-2024,P1002,Laptop,Electronics,50399,10,7708,0,52,17,856783
06-02-2024,P1002,Laptop,Electronics,55999,0,3620,0,45,7,391993
07-02-2024,P1002,Laptop,Electronics,55999,0,2533,0,35,10,559990
08-02-2024,P1002,Laptop,Electronics,39199,30,6540,0,12,23,901577
09-02-2024,P1002,Laptop,Electronics,55999,0,14298,0,2,10,559990
10-02-2024,P1002,Laptop,Electronics,50399,10,15033,0,144,17,856783
11-02-2024,P1002,Laptop,Electronics,55999,0,13890,0,124,20,1119980
12-02-2024,P1002,Laptop,Electronics,55999,0,12365,0,113,11,615989
13-02-2024,P1002,Laptop,Electronics,55999,0,8555,0,96,17,951983
14-02-2024,P1002,Laptop,Electronics,47599,15,3423,0,80,16,761584
15-02-2024,P1002,Laptop,Electronics,53199,5,16230,0,63,17,904383
16-02-2024,P1002,Laptop,Electronics,55999,0,18429,0,52,11,615989
17-02-2024,P1002,Laptop,Electronics,50399,10,5648,0,34,18,907182
18-02-2024,P1002,Laptop,Electronics,55999,0,9152,0,15,19,1063981
19-02-2024,P1002,Laptop,Electronics,47599,15,5920,0,144,22,1047178
20-02-2024,P1002,Laptop,Electronics,53199,5,10406,0,132,12,638388
21-02-2024,P1002,Laptop,Electronics,55999,0,11887,0,119,13,727987
22-02-2024,P1002,Laptop,Electronics,55999,0,18894,0,110,9,503991
23-02-2024,P1002,Laptop,Electronics,47599,15,7956,0,97,13,618787
24-02-2024,P1002,Laptop,Electronics,55999,0,10049,0,83,14,783986
25-02-2024,P1002,Laptop,Electronics,53199,5,2954,0,68,15,797985
26-02-2024,P1002,Laptop,Electronics,55999,0,5976,0,59,9,503991
27-02-2024,P1002,Laptop,Electronics,55999,0,2701,0,40,19,1063981
28-02-2024,P1002,Laptop,Electronics,55999,0,10346,0,32,8,447992
29-02-2024,P1002,Laptop,Electronics,55999,0,17661,0,12,20,1119980
01-03-2024,P1002,Laptop,Electronics,55999,0,4802,0,144,12,671988
02-03-2024,P1002,Laptop,Electronics,55999,0,9353,0,123,21,1175979
03-03-2024,P1002,Laptop,Electronics,47599,15,6926,0,107,16,761584
04-03-2024,P1002,Laptop,Electronics,55999,0,7062,0,92,15,839985
05-03-2024,P1002,Laptop,Electronics,55999,0,4382,0,85,7,391993
06-03-2024,P1002,Laptop,Electronics,44799,20,2838,0,64,21,940779
07-03-2024,P1002,Laptop,Electronics,39199,30,8261,0,45,19,744781
08-03-2024,P1002,Laptop,Electronics,47599,15,15114,0,27,18,856782
09-03-2024,P1002,Laptop,Electronics,50399,10,17381,0,6,21,1058379
10-03-2024,P1002,Laptop,Electronics,55999,0,10612,0,144,18,1007982
11-03-2024,P1002,Laptop,Electronics,39199,30,9998,0,124,20,783980
12-03-2024,P1002,Laptop,Electronics,55999,0,7344,0,117,7,391993
13-03-2024,P1002,Laptop,Electronics,55999,0,8235,0,100,17,951983
14-03-2024,P1002,Laptop,Electronics,53199,5,18221,0,83,17,904383
15-03-2024,P1002,Laptop,Electronics,55999,0,12626,0,69,14,783986
16-03-2024,P1002,Laptop,Electronics,55999,0,11775,0,54,15,839985
17-03-2024,P1002,Laptop,Electronics,55999,0,8058,0,32,22,1231978
18-03-2024,P1002,Laptop,Electronics,53199,5,9380,0,18,14,744786
19-03-2024,P1002,Laptop,Electronics,44799,20,15426,0,144,23,1030377
20-03-2024,P1002,Laptop,Electronics,55999,0,13490,0,133,11,615989
21-03-2024,P1002,Laptop,Electronics,50399,10,7146,0,124,9,453591
22-03-2024,P1002,Laptop,Electronics,55999,0,13108,0,104,20,1119980
23-03-2024,P1002,Laptop,Electronics,55999,0,11536,1,79,25,1399975
24-03-2024,P1002,Laptop,Electronics,44799,20,11808,1,40,39,1747161
25-03-2024,P1002,Laptop,Electronics,44799,20,11131,1,10,30,1343970
26-03-2024,P1002,Laptop,Electronics,53199,5,12253,1,144,20,1063980
27-03-2024,P1002,Laptop,Electronics,53199,5,9152,1,121,23,1223577
28-03-2024,P1002,Laptop,Electronics,55999,0,13798,0,99,22,1231978
29-03-2024,P1002,Laptop,Electronics,39199,30,17624,0,77,22,862378
30-03-2024,P1002,Laptop,Electronics,55999,0,14321,0,58,19,1063981
31-03-2024,P1002,Laptop,Electronics,55999,0,19196,0,41,17,951983
01-04-2024,P1002,Laptop,Electronics,55999,0,10625,0,22,19,1063981
02-04-2024,P1002,Laptop,Electronics,55999,0,5757,0,4,18,1007982
03-04-2024,P1002,Laptop,Electronics,55999,0,12704,0,144,14,783986
04-04-2024,P1002,Laptop,Electronics,55999,0,14257,0,129,15,839985
05-04-2024,P1002,Laptop,Electronics,55999,0,11010,0,114,15,839985
06-04-2024,P1002,Laptop,Electronics,50399,10,6943,0,90,24,1209576
07-04-2024,P1002,Laptop,Electronics,55999,0,9239,0,76,14,783986
08-04-2024,P1002,Laptop,Electronics,50399,10,18361,0,55,21,1058379
09-04-2024,P1002,Laptop,Electronics,53199,5,15322,0,40,15,797985
10-04-2024,P1002,Laptop,Electronics,55999,0,2193,0,31,9,503991
11-04-2024,P1002,Laptop,Electronics,47599,15,9649,0,15,16,761584
12-04-2024,P1002,Laptop,Electronics,55999,0,7426,0,5,10,559990
13-04-2024,P1002,Laptop,Electronics,55999,0,15957,0,144,16,895984
14-04-2024,P1002,Laptop,Electronics,47599,15,4255,0,121,23,1094777
15-04-2024,P1002,Laptop,Electronics,55999,0,7016,0,106,15,839985
16-04-2024,P1002,Laptop,Electronics,55999,0,15953,0,88,18,1007982
17-04-2024,P1002,Laptop,Electronics,55999,0,6281,0,74,14,783986
18-04-2024,P1002,Laptop,Electronics,55999,0,6401,0,57,17,951983
19-04-2024,P1002,Laptop,Electronics,55999,0,11979,0,45,12,671988
20-04-2024,P1002,Laptop,Electronics,55999,0,8542,0,31,14,783986
21-04-2024,P1002,Laptop,Electronics,53199,5,8125,0,17,14,744786
22-04-2024,P1002,Laptop,Electronics,55999,0,19994,0,4,13,727987
23-04-2024,P1002,Laptop,Electronics,55999,0,6836,0,144,17,951983
24-04-2024,P1002,Laptop,Electronics,55999,0,11114,0,123,21,1175979
25-04-2024,P1002,Laptop,Electronics,55999,0,7192,0,105,18,1007982
26-04-2024,P1002,Laptop,Electronics,47599,15,4190,0,83,22,1047178
27-04-2024,P1002,Laptop,Electronics,55999,0,10380,0,65,18,1007982
28-04-2024,P1002,Laptop,Electronics,55999,0,16668,0,41,24,1343976
29-04-2024,P1002,Laptop,Electronics,44799,20,9342,0,21,20,895980
30-04-2024,P1002,Laptop,Electronics,55999,0,17835,0,5,16,895984
01-05-2024,P1002,Laptop,Electronics,55999,0,10729,0,144,18,1007982
02-05-2024,P1002,Laptop,Electronics,50399,10,13336,0,121,23,1159177
03-05-2024,P1002,Laptop,Electronics,53199,5,4767,0,106,15,797985
04-05-2024,P1002,Laptop,Electronics,53199,5,5381,0,80,26,1383174
05-05-2024,P1002,Laptop,Electronics,55999,0,19708,0,58,22,1231978
06-05-2024,P1002,Laptop,Electronics,55999,0,16095,0,39,19,1063981
07-05-2024,P1002,Laptop,Electronics,55999,0,15352,0,26,13,727987
08-05-2024,P1002,Laptop,Electronics,47599,15,6373,0,8,18,856782
09-05-2024,P1002,Laptop,Electronics,55999,0,4863,0,144,15,839985
10-05-2024,P1002,Laptop,Electronics,55999,0,2166,0,131,13,727987
11-05-2024,P1002,Laptop,Electronics,55999,0,13182,0,109,22,1231978
12-05-2024,P1002,Laptop,Electronics,55999,0,17710,0,87,22,1231978
13-05-2024,P1002,Laptop,Electronics,55999,0,5749,0,65,22,1231978
14-05-2024,P1002,Laptop,Electronics,55999,0,4891,0,52,13,727987
15-05-2024,P1002,Laptop,Electronics,53199,5,5413,0,28,24,1276776
16-05-2024,P1002,Laptop,Electronics,55999,0,17389,0,8,20,1119980
17-05-2024,P1002,Laptop,Electronics,55999,0,6023,0,144,11,615989
18-05-2024,P1002,Laptop,Electronics,55999,0,13074,0,128,16,895984
19-05-2024,P1002,Laptop,Electronics,50399,10,4999,0,101,27,1360773
20-05-2024,P1002,Laptop,Electronics,50399,10,9251,0,86,15,755985
21-05-2024,P1002,Laptop,Electronics,55999,0,15072,0,73,13,727987
22-05-2024,P1002,Laptop,Electronics,55999,0,10760,0,56,17,951983
23-05-2024,P1002,Laptop,Electronics,44799,20,17118,0,25,31,1388769
24-05-2024,P1002,Laptop,Electronics,53199,5,12965,0,8,17,904383
25-05-2024,P1002,Laptop,Electronics,55999,0,2459,0,144,9,503991
26-05-2024,P1002,Laptop,Electronics,53199,5,5567,0,116,28,1489572
27-05-2024,P1002,Laptop,Electronics,44799,20,15733,0,96,20,895980
28-05-2024,P1002,Laptop,Electronics,55999,0,9163,0,84,12,671988
29-05-2024,P1002,Laptop,Electronics,55999,0,4165,0,65,19,1063981
30-05-2024,P1002,Laptop,Electronics,55999,0,11893,0,47,18,1007982
31-05-2024,P1002,Laptop,Electronics,55999,0,4901,0,34,13,727987
01-06-2024,P1002,Laptop,Electronics,44799,20,11233,0,4,30,1343970
02-06-2024,P1002,Laptop,Electronics,55999,0,11057,0,144,17,951983
03-06-2024,P1002,Laptop,Electronics,55999,0,11103,0,128,16,895984
04-06-2024,P1002,Laptop,Electronics,55999,0,14911,0,116,12,671988
05-06-2024,P1002,Laptop,Electronics,55999,0,2928,0,94,22,1231978
06-06-2024,P1002,Laptop,Electronics,50399,10,9493,0,66,28,1411172
07-06-2024,P1002,Laptop,Electronics,55999,0,15659,0,51,15,839985
08-06-2024,P1002,Laptop,Electronics,39199,30,12001,0,15,36,1411164
09-06-2024,P1002,Laptop,Electronics,47599,15,17512,0,144,29,1380371
10-06-2024,P1002,Laptop,Electronics,55999,0,13059,0,123,21,1175979
11-06-2024,P1002,Laptop,Electronics,55999,0,7185,0,107,16,895984
12-06-2024,P1002,Laptop,Electronics,55999,0,13018,0,89,18,1007982
13-06-2024,P1002,Laptop,Electronics,55999,0,11110,0,71,18,1007982
14-06-2024,P1002,Laptop,Electronics,55999,0,11977,0,54,17,951983
15-06-2024,P1002,Laptop,Electronics,55999,0,5848,0,37,17,951983
16-06-2024,P1002,Laptop,Electronics,55999,0,10599,0,11,26,1455974
17-06-2024,P1002,Laptop,Electronics,55999,0,2717,0,144,12,671988
18-06-2024,P1002,Laptop,Electronics,53199,5,12133,0,128,16,851184
19-06-2024,P1002,Laptop,Electronics,55999,0,17028,0,105,23,1287977
20-06-2024,P1002,Laptop,Electronics,44799,20,6982,0,81,24,1075176
21-06-2024,P1002,Laptop,Electronics,55999,0,5911,0,73,8,447992
22-06-2024,P1002,Laptop,Electronics,55999,0,12611,0,53,20,1119980
23-06-2024,P1002,Laptop,Electronics,39199,30,18911,0,26,27,1058373
24-06-2024,P1002,Laptop,Electronics,53199,5,15202,0,9,17,904383
25-06-2024,P1002,Laptop,Electronics,55999,0,7972,0,144,18,1007982
26-06-2024,P1002,Laptop,Electronics,47599,15,2843,0,129,15,713985
27-06-2024,P1002,Laptop,Electronics,55999,0,2077,0,114,15,839985
28-06-2024,P1002,Laptop,Electronics,53199,5,8928,0,90,24,1276776
29-06-2024,P1002,Laptop,Electronics,53199,5,14268,0,74,16,851184
30-06-2024,P1002,Laptop,Electronics,44799,20,19535,0,45,29,1299171
01-07-2024,P1002,Laptop,Electronics,50399,10,11771,0,29,16,806384
02-07-2024,P1002,Laptop,Electronics,55999,0,10265,0,18,11,615989
03-07-2024,P1002,Laptop,Electronics,55999,0,18737,0,8,10,559990
04-07-2024,P1002,Laptop,Electronics,55999,0,6411,0,144,14,783986
05-07-2024,P1002,Laptop,Electronics,55999,0,2681,0,132,12,671988
06-07-2024,P1002,Laptop,Electronics,55999,0,12095,0,119,13,727987
07-07-2024,P1002,Laptop,Electronics,55999,0,9961,0,105,14,783986
08-07-2024,P1002,Laptop,Electronics,55999,0,6246,0,91,14,783986
09-07-2024,P1002,Laptop,Electronics,50399,10,13284,0,76,15,755985
10-07-2024,P1002,Laptop,Electronics,55999,0,12166,0,65,11,615989
11-07-2024,P1002,Laptop,Electronics,55999,0,6703,0,50,15,839985
12-07-2024,P1002,Laptop,Electronics,55999,0,5626,0,35,15,839985
13-07-2024,P1002,Laptop,Electronics,55999,0,16472,0,13,22,1231978
14-07-2024,P1002,Laptop,Electronics,55999,0,5492,0,144,21,1175979
15-07-2024,P1002,Laptop,Electronics,55999,0,17941,0,129,15,839985
16-07-2024,P1002,Laptop,Electronics,55999,0,17657,0,105,24,1343976
17-07-2024,P1002,Laptop,Electronics,39199,30,17754,0,80,25,979975
18-07-2024,P1002,Laptop,Electronics,55999,0,14954,0,68,12,671988
19-07-2024,P1002,Laptop,Electronics,39199,30,7447,0,48,20,783980
20-07-2024,P1002,Laptop,Electronics,50399,10,11986,0,27,21,1058379
21-07-2024,P1002,Laptop,Electronics,55999,0,10070,0,2,25,1399975
22-07-2024,P1002,Laptop,Electronics,50399,10,12502,0,144,16,806384
23-07-2024,P1002,Laptop,Electronics,55999,0,13040,0,125,19,1063981
24-07-2024,P1002,Laptop,Electronics,55999,0,13380,0,113,12,671988
25-07-2024,P1002,Laptop,Electronics,55999,0,6516,0,100,13,727987
26-07-2024,P1002,Laptop,Electronics,55999,0,9129,0,86,14,783986
27-07-2024,P1002,Laptop,Electronics,55999,0,13415,0,60,26,1455974
28-07-2024,P1002,Laptop,Electronics,55999,0,4635,0,43,17,951983
29-07-2024,P1002,Laptop,Electronics,50399,10,15366,0,27,16,806384
30-07-2024,P1002,Laptop,Electronics,55999,0,15960,0,8,19,1063981
31-07-2024,P1002,Laptop,Electronics,47599,15,6988,0,144,17,809183
01-08-2024,P1002,Laptop,Electronics,47599,15,12483,0,127,17,809183
02-08-2024,P1002,Laptop,Electronics,50399,10,15477,0,106,21,1058379
03-08-2024,P1002,Laptop,Electronics,44799,20,15556,0,75,31,1388769
04-08-2024,P1002,Laptop,Electronics,44799,20,18709,0,45,30,1343970
05-08-2024,P1002,Laptop,Electronics,55999,0,16743,0,27,18,1007982
06-08-2024,P1002,Laptop,Electronics,55999,0,18203,0,12,15,839985
07-08-2024,P1002,Laptop,Electronics,47599,15,7682,0,144,21,999579
08-08-2024,P1002,Laptop,Electronics,55999,0,14988,0,132,12,671988
09-08-2024,P1002,Laptop,Electronics,55999,0,14540,0,113,19,1063981
10-08-2024,P1002,Laptop,Electronics,55999,0,16023,0,101,12,671988
11-08-2024,P1002,Laptop,Electronics,55999,0,18743,0,80,21,1175979
12-08-2024,P1002,Laptop,Electronics,39199,30,10346,0,57,23,901577
13-08-2024,P1002,Laptop,Electronics,55999,0,7862,1,32,25,1399975
14-08-2024,P1002,Laptop,Electronics,53199,5,5621,1,10,22,1170378
15-08-2024,P1002,Laptop,Electronics,55999,0,15128,1,144,21,1175979
16-08-2024,P1002,Laptop,Electronics,55999,0,16726,1,124,20,1119980
17-08-2024,P1002,Laptop,Electronics,55999,0,5397,1,94,30,1679970
18-08-2024,P1002,Laptop,Electronics,55999,0,19278,0,79,15,839985
19-08-2024,P1002,Laptop,Electronics,55999,0,10809,0,61,18,1007982
20-08-2024,P1002,Laptop,Electronics,44799,20,13627,0,31,30,1343970
21-08-2024,P1002,Laptop,Electronics,55999,0,9972,0,14,17,951983
22-08-2024,P1002,Laptop,Electronics,50399,10,3653,0,144,21,1058379
23-08-2024,P1002,Laptop,Electronics,44799,20,4799,0,130,14,627186
24-08-2024,P1002,Laptop,Electronics,47599,15,15297,0,92,38,1808762
25-08-2024,P1002,Laptop,Electronics,47599,15,8336,0,68,24,1142376
26-08-2024,P1002,Laptop,Electronics,55999,0,12340,0,50,18,1007982
27-08-2024,P1002,Laptop,Electronics,44799,20,11547,0,34,16,716784
28-08-2024,P1002,Laptop,Electronics,55999,0,3143,0,18,16,895984
29-08-2024,P1002,Laptop,Electronics,55999,0,15318,0,144,19,1063981
30-08-2024,P1002,Laptop,Electronics,55999,0,3739,0,129,15,839985
31-08-2024,P1002,Laptop,Electronics,44799,20,5739,0,102,27,1209573
01-09-2024,P1002,Laptop,Electronics,55999,0,10117,0,98,4,223996
02-09-2024,P1002,Laptop,Electronics,55999,0,8590,0,79,19,1063981
03-09-2024,P1002,Laptop,Electronics,55999,0,15425,0,66,13,727987
04-09-2024,P1002,Laptop,Electronics,55999,0,7821,0,47,19,1063981
05-09-2024,P1002,Laptop,Electronics,39199,30,7512,0,30,17,666383
06-09-2024,P1002,Laptop,Electronics,55999,0,13268,0,10,20,1119980
07-09-2024,P1002,Laptop,Electronics,55999,0,9200,0,144,21,1175979
08-09-2024,P1002,Laptop,Electronics,55999,0,11669,0,126,18,1007982
09-09-2024,P1002,Laptop,Electronics,55999,0,19660,0,115,11,615989
10-09-2024,P1002,Laptop,Electronics,55999,0,12263,0,101,14,783986
11-09-2024,P1002,Laptop,Electronics,55999,0,14123,0,89,12,671988
12-09-2024,P1002,Laptop,Electronics,55999,0,5567,0,77,12,671988
13-09-2024,P1002,Laptop,Electronics,55999,0,8241,0,66,11,615989
14-09-2024,P1002,Laptop,Electronics,55999,0,2018,0,49,17,951983
15-09-2024,P1002,Laptop,Electronics,55999,0,7220,0,30,19,1063981
16-09-2024,P1002,Laptop,Electronics,55999,0,3158,0,19,11,615989
17-09-2024,P1002,Laptop,Electronics,53199,5,17822,0,5,14,744786
18-09-2024,P1002,Laptop,Electronics,53199,5,4686,0,144,21,1117179
19-09-2024,P1002,Laptop,Electronics,55999,0,5144,0,124,20,1119980
20-09-2024,P1002,Laptop,Electronics,53199,5,4810,0,113,11,585189
21-09-2024,P1002,Laptop,Electronics,55999,0,2337,0,97,16,895984
22-09-2024,P1002,Laptop,Electronics,55999,0,4306,0,76,21,1175979
23-09-2024,P1002,Laptop,Electronics,53199,5,8922,0,63,13,691587
24-09-2024,P1002,Laptop,Electronics,50399,10,19110,0,44,19,957581
25-09-2024,P1002,Laptop,Electronics,55999,0,13046,0,31,13,727987
26-09-2024,P1002,Laptop,Electronics,55999,0,2169,0,18,13,727987
27-09-2024,P1002,Laptop,Electronics,44799,20,9446,0,144,20,895980
28-09-2024,P1002,Laptop,Electronics,55999,0,3211,0,128,16,895984
29-09-2024,P1002,Laptop,Electronics,55999,0,12763,0,112,16,895984
30-09-2024,P1002,Laptop,Electronics,55999,0,14795,0,100,12,671988
01-10-2024,P1002,Laptop,Electronics,53199,5,6083,0,86,14,744786
02-10-2024,P1002,Laptop,Electronics,53199,5,3237,0,73,13,691587
03-10-2024,P1002,Laptop,Electronics,53199,5,13062,0,55,18,957582
04-10-2024,P1002,Laptop,Electronics,55999,0,7465,0,43,12,671988
05-10-2024,P1002,Laptop,Electronics,55999,0,3280,0,33,10,559990
06-10-2024,P1002,Laptop,Electronics,55999,0,14805,0,17,16,895984
07-10-2024,P1002,Laptop,Electronics,50399,10,8760,0,144,17,856783
08-10-2024,P1002,Laptop,Electronics,55999,0,3462,0,132,12,671988
09-10-2024,P1002,Laptop,Electronics,44799,20,10008,0,112,20,895980
10-10-2024,P1002,Laptop,Electronics,55999,0,5652,0,104,8,447992
11-10-2024,P1002,Laptop,Electronics,55999,0,2277,0,91,13,727987
12-10-2024,P1002,Laptop,Electronics,55999,0,14528,0,77,14,783986
13-10-2024,P1002,Laptop,Electronics,53199,5,16981,0,56,21,1117179
14-10-2024,P1002,Laptop,Electronics,55999,0,11884,0,43,13,727987
15-10-2024,P1002,Laptop,Electronics,55999,0,12405,0,27,16,895984
16-10-2024,P1002,Laptop,Electronics,47599,15,8714,0,15,12,571188
17-10-2024,P1002,Laptop,Electronics,55999,0,2273,0,9,6,335994
18-10-2024,P1002,Laptop,Electronics,50399,10,18056,0,144,17,856783
19-10-2024,P1002,Laptop,Electronics,55999,0,17400,0,123,21,1175979
20-10-2024,P1002,Laptop,Electronics,55999,0,18212,0,100,23,1287977
21-10-2024,P1002,Laptop,Electronics,47599,15,3749,0,84,16,761584
22-10-2024,P1002,Laptop,Electronics,44799,20,17107,0,61,23,1030377
23-10-2024,P1002,Laptop,Electronics,39199,30,14348,0,46,15,587985
24-10-2024,P1002,Laptop,Electronics,47599,15,19941,0,34,12,571188
25-10-2024,P1002,Laptop,Electronics,50399,10,3158,0,18,16,806384
26-10-2024,P1002,Laptop,Electronics,44799,20,7377,0,144,19,851181
27-10-2024,P1002,Laptop,Electronics,53199,5,18122,0,124,20,1063980
28-10-2024,P1002,Laptop,Electronics,44799,20,8853,0,103,21,940779
29-10-2024,P1002,Laptop,Electronics,50399,10,18144,0,84,19,957581
30-10-2024,P1002,Laptop,Electronics,55999,0,19171,1,71,13,727987
31-10-2024,P1002,Laptop,Electronics,55999,0,10877,1,55,16,895984
01-11-2024,P1002,Laptop,Electronics,55999,0,18396,1,35,20,1119980
02-11-2024,P1002,Laptop,Electronics,55999,0,13093,1,13,22,1231978
03-11-2024,P1002,Laptop,Electronics,47599,15,17765,1,144,29,1380371
04-11-2024,P1002,Laptop,Electronics,55999,0,2676,0,130,14,783986
05-11-2024,P1002,Laptop,Electronics,50399,10,3577,0,116,14,705586
06-11-2024,P1002,Laptop,Electronics,55999,0,15276,0,98,18,1007982
07-11-2024,P1002,Laptop,Electronics,47599,15,10334,0,77,21,999579
08-11-2024,P1002,Laptop,Electronics,55999,0,4055,0,62,15,839985
09-11-2024,P1002,Laptop,Electronics,55999,0,18330,0,43,19,1063981
10-11-2024,P1002,Laptop,Electronics,55999,0,12894,0,23,20,1119980
11-11-2024,P1002,Laptop,Electronics,55999,0,15084,0,10,13,727987
12-11-2024,P1002,Laptop,Electronics,53199,5,14897,0,144,15,797985
13-11-2024,P1002,Laptop,Electronics,55999,0,5634,0,133,11,615989
14-11-2024,P1002,Laptop,Electronics,53199,5,17219,0,115,18,957582
15-11-2024,P1002,Laptop,Electronics,55999,0,4851,0,101,14,783986
16-11-2024,P1002,Laptop,Electronics,55999,0,16252,0,82,19,1063981
17-11-2024,P1002,Laptop,Electronics,55999,0,13760,0,65,17,951983
18-11-2024,P1002,Laptop,Electronics,47599,15,11227,0,49,16,761584
19-11-2024,P1002,Laptop,Electronics,55999,0,7990,0,39,10,559990
20-11-2024,P1002,Laptop,Electronics,55999,0,18005,0,18,21,1175979
21-11-2024,P1002,Laptop,Electronics,55999,0,16136,0,4,14,783986
22-11-2024,P1002,Laptop,Electronics,55999,0,6544,0,144,13,727987
23-11-2024,P1002,Laptop,Electronics,53199,5,15219,0,124,20,1063980
24-11-2024,P1002,Laptop,Electronics,47599,15,14879,0,109,15,713985
25-11-2024,P1002,Laptop,Electronics,53199,5,7209,0,101,8,425592
26-11-2024,P1002,Laptop,Electronics,55999,0,10600,0,87,14,783986
27-11-2024,P1002,Laptop,Electronics,50399,10,7058,0,74,13,655187
28-11-2024,P1002,Laptop,Electronics,50399,10,19276,0,58,16,806384
29-11-2024,P1002,Laptop,Electronics,55999,0,4844,0,42,16,895984
30-11-2024,P1002,Laptop,Electronics,39199,30,12593,0,16,26,1019174
01-12-2024,P1002,Laptop,Electronics,55999,0,15988,0,144,17,951983
02-12-2024,P1002,Laptop,Electronics,47599,15,2491,0,129,15,713985
03-12-2024,P1002,Laptop,Electronics,53199,5,13223,0,117,12,638388
04-12-2024,P1002,Laptop,Electronics,39199,30,3886,0,97,20,783980
05-12-2024,P1002,Laptop,Electronics,55999,0,12702,0,79,18,1007982
06-12-2024,P1002,Laptop,Electronics,55999,0,2168,0,64,15,839985
07-12-2024,P1002,Laptop,Electronics,55999,0,5047,0,43,21,1175979
08-12-2024,P1002,Laptop,Electronics,39199,30,6460,0,21,22,862378
09-12-2024,P1002,Laptop,Electronics,55999,0,11947,0,11,10,559990
10-12-2024,P1002,Laptop,Electronics,53199,5,17048,0,144,17,904383
11-12-2024,P1002,Laptop,Electronics,55999,0,16690,0,132,12,671988
12-12-2024,P1002,Laptop,Electronics,55999,0,10203,0,120,12,671988
13-12-2024,P1002,Laptop,Electronics,55999,0,13539,0,106,14,783986
14-12-2024,P1002,Laptop,Electronics,53199,5,7559,0,89,17,904383
15-12-2024,P1002,Laptop,Electronics,53199,5,6331,0,68,21,1117179
16-12-2024,P1002,Laptop,Electronics,53199,5,16385,0,54,14,744786
17-12-2024,P1002,Laptop,Electronics,55999,0,19917,0,29,25,1399975
18-12-2024,P1002,Laptop,Electronics,50399,10,8209,0,18,11,554389
19-12-2024,P1002,Laptop,Electronics,55999,0,11706,0,1,17,951983
20-12-2024,P1002,Laptop,Electronics,53199,5,8591,0,144,22,1170378
21-12-2024,P1002,Laptop,Electronics,55999,0,14380,0,126,18,1007982
22-12-2024,P1002,Laptop,Electronics,55999,0,16686,0,104,22,1231978
23-12-2024,P1002,Laptop,Electronics,55999,0,4139,1,85,19,1063981
24-12-2024,P1002,Laptop,Electronics,55999,0,10976,1,62,23,1287977
25-12-2024,P1002,Laptop,Electronics,55999,0,13269,1,48,14,783986
26-12-2024,P1002,Laptop,Electronics,55999,0,16819,1,33,15,839985
27-12-2024,P1002,Laptop,Electronics,47599,15,17679,1,12,21,999579
28-12-2024,P1002,Laptop,Electronics,44799,20,5128,0,144,20,895980
29-12-2024,P1002,Laptop,Electronics,55999,0,2371,0,122,22,1231978
30-12-2024,P1002,Laptop,Electronics,55999,0,9665,0,109,13,727987
31-12-2024,P1002,Laptop,Electronics,50399,10,19940,0,91,18,907182
01-01-2025,P1002,Laptop,Electronics,55999,0,3729,0,81,10,559990
02-01-2025,P1002,Laptop,Electronics,55999,0,11810,0,63,18,1007982
03-01-2025,P1002,Laptop,Electronics,55999,0,2688,0,55,8,447992
04-01-2025,P1002,Laptop,Electronics,47599,15,17962,0,30,25,1189975
05-01-2025,P1002,Laptop,Electronics,55999,0,9225,0,16,14,783986
06-01-2025,P1002,Laptop,Electronics,55999,0,6071,0,6,10,559990
07-01-2025,P1002,Laptop,Electronics,44799,20,2906,0,144,22,985578
08-01-2025,P1002,Laptop,Electronics,53199,5,8439,0,133,11,585189
09-01-2025,P1002,Laptop,Electronics,55999,0,3499,0,121,12,671988
10-01-2025,P1002,Laptop,Electronics,55999,0,15126,0,114,7,391993
11-01-2025,P1002,Laptop,Electronics,53199,5,12925,0,103,11,585189
12-01-2025,P1002,Laptop,Electronics,53199,5,4512,0,85,18,957582
13-01-2025,P1002,Laptop,Electronics,47599,15,17032,0,68,17,809183
14-01-2025,P1002,Laptop,Electronics,55999,0,8887,0,57,11,615989
15-01-2025,P1002,Laptop,Electronics,55999,0,15728,0,44,13,727987
16-01-2025,P1002,Laptop,Electronics,47599,15,2007,0,36,8,380792
17-01-2025,P1002,Laptop,Electronics,53199,5,8150,0,29,7,372393
18-01-2025,P1002,Laptop,Electronics,55999,0,2097,0,13,16,895984
19-01-2025,P1002,Laptop,Electronics,55999,0,13541,0,144,21,1175979
20-01-2025,P1002,Laptop,Electronics,55999,0,6444,0,122,22,1231978
21-01-2025,P1002,Laptop,Electronics,55999,0,10010,0,112,10,559990
22-01-2025,P1002,Laptop,Electronics,55999,0,13523,0,96,16,895984
23-01-2025,P1002,Laptop,Electronics,50399,10,7874,0,73,23,1159177
24-01-2025,P1002,Laptop,Electronics,47599,15,14977,1,47,26,1237574
25-01-2025,P1002,Laptop,Electronics,55999,0,3746,1,23,24,1343976
26-01-2025,P1002,Laptop,Electronics,55999,0,18766,1,144,31,1735969
27-01-2025,P1002,Laptop,Electronics,55999,0,12269,1,116,28,1567972
28-01-2025,P1002,Laptop,Electronics,53199,5,10283,1,95,21,1117179
29-01-2025,P1002,Laptop,Electronics,39199,30,9645,0,74,21,823179
30-01-2025,P1002,Laptop,Electronics,55999,0,19831,0,56,18,1007982
31-01-2025,P1002,Laptop,Electronics,55999,0,9754,0,38,18,1007982
01-02-2025,P1002,Laptop,Electronics,55999,0,15104,0,16,22,1231978
02-02-2025,P1002,Laptop,Electronics,53199,5,12997,0,144,25,1329975
03-02-2025,P1002,Laptop,Electronics,55999,0,10747,0,126,18,1007982
04-02-2025,P1002,Laptop,Electronics,55999,0,19815,0,110,16,895984
05-02-2025,P1002,Laptop,Electronics,55999,0,5348,0,101,9,503991
06-02-2025,P1002,Laptop,Electronics,55999,0,7218,0,88,13,727987
07-02-2025,P1002,Laptop,Electronics,55999,0,4797,0,74,14,783986
08-02-2025,P1002,Laptop,Electronics,55999,0,9854,0,57,17,951983
09-02-2025,P1002,Laptop,Electronics,55999,0,4626,0,40,17,951983
10-02-2025,P1002,Laptop,Electronics,55999,0,7608,0,26,14,783986
11-02-2025,P1002,Laptop,Electronics,44799,20,10818,0,1,25,1119975
12-02-2025,P1002,Laptop,Electronics,55999,0,3351,0,144,13,727987
13-02-2025,P1002,Laptop,Electronics,47599,15,12186,0,123,21,999579
14-02-2025,P1002,Laptop,Electronics,55999,0,16250,0,112,11,615989
15-02-2025,P1002,Laptop,Electronics,44799,20,19343,0,82,30,1343970
16-02-2025,P1002,Laptop,Electronics,47599,15,5684,0,60,22,1047178
17-02-2025,P1002,Laptop,Electronics,44799,20,18555,0,35,25,1119975
18-02-2025,P1002,Laptop,Electronics,55999,0,6415,0,15,20,1119980
19-02-2025,P1002,Laptop,Electronics,55999,0,14679,0,144,15,839985
20-02-2025,P1002,Laptop,Electronics,55999,0,16419,0,139,5,279995
21-02-2025,P1002,Laptop,Electronics,55999,0,5983,0,123,16,895984
22-02-2025,P1002,Laptop,Electronics,55999,0,15088,0,107,16,895984
23-02-2025,P1002,Laptop,Electronics,50399,10,3067,0,82,25,1259975
24-02-2025,P1002,Laptop,Electronics,55999,0,3559,0,63,19,1063981
25-02-2025,P1002,Laptop,Electronics,55999,0,19433,0,49,14,783986
26-02-2025,P1002,Laptop,Electronics,50399,10,18713,0,35,14,705586
27-02-2025,P1002,Laptop,Electronics,47599,15,13598,0,19,16,761584
28-02-2025,P1002,Laptop,Electronics,55999,0,4912,0,2,17,951983
01-03-2025,P1002,Laptop,Electronics,53199,5,17275,0,144,20,1063980
02-03-2025,P1002,Laptop,Electronics,55999,0,17227,0,113,31,1735969
03-03-2025,P1002,Laptop,Electronics,53199,5,11104,0,95,18,957582
04-03-2025,P1002,Laptop,Electronics,55999,0,12805,0,83,12,671988
05-03-2025,P1002,Laptop,Electronics,47599,15,3978,0,63,20,951980
06-03-2025,P1002,Laptop,Electronics,47599,15,12422,0,44,19,904381
07-03-2025,P1002,Laptop,Electronics,55999,0,19237,0,27,17,951983
08-03-2025,P1002,Laptop,Electronics,50399,10,8822,0,5,22,1108778
09-03-2025,P1002,Laptop,Electronics,55999,0,14848,0,144,27,1511973
10-03-2025,P1002,Laptop,Electronics,55999,0,13482,0,128,16,895984
11-03-2025,P1002,Laptop,Electronics,50399,10,18546,0,104,24,1209576
12-03-2025,P1002,Laptop,Electronics,55999,0,10997,1,80,24,1343976
13-03-2025,P1002,Laptop,Electronics,55999,0,13509,1,55,25,1399975
14-03-2025,P1002,Laptop,Electronics,47599,15,8462,1,25,30,1427970
15-03-2025,P1002,Laptop,Electronics,55999,0,14636,1,144,39,2183961
16-03-2025,P1002,Laptop,Electronics,39199,30,14668,1,98,46,1803154
17-03-2025,P1002,Laptop,Electronics,55999,0,17763,0,83,15,839985
18-03-2025,P1002,Laptop,Electronics,50399,10,17695,0,60,23,1159177
19-03-2025,P1002,Laptop,Electronics,55999,0,17793,0,46,14,783986
20-03-2025,P1002,Laptop,Electronics,39199,30,5629,0,27,19,744781
21-03-2025,P1002,Laptop,Electronics,55999,0,4400,0,10,17,951983
22-03-2025,P1002,Laptop,Electronics,50399,10,4799,0,144,24,1209576
23-03-2025,P1002,Laptop,Electronics,55999,0,5738,0,129,15,839985
24-03-2025,P1002,Laptop,Electronics,39199,30,5757,0,101,28,1097572
25-03-2025,P1002,Laptop,Electronics,55999,0,15653,0,83,18,1007982
26-03-2025,P1002,Laptop,Electronics,55999,0,5652,0,62,21,1175979
27-03-2025,P1002,Laptop,Electronics,55999,0,11500,0,43,19,1063981
28-03-2025,P1002,Laptop,Electronics,55999,0,2405,0,33,10,559990
29-03-2025,P1002,Laptop,Electronics,55999,0,4456,0,14,19,1063981
30-03-2025,P1002,Laptop,Electronics,55999,0,18499,0,144,24,1343976
31-03-2025,P1002,Laptop,Electronics,55999,0,7655,0,123,21,1175979
01-04-2025,P1002,Laptop,Electronics,55999,0,18395,0,109,14,783986
02-04-2025,P1002,Laptop,Electronics,53199,5,10435,0,88,21,1117179
03-04-2025,P1002,Laptop,Electronics,55999,0,7123,0,72,16,895984
04-04-2025,P1002,Laptop,Electronics,53199,5,15441,0,53,19,1010781
05-04-2025,P1002,Laptop,Electronics,55999,0,14831,0,35,18,1007982
06-04-2025,P1002,Laptop,Electronics,50399,10,6798,0,9,26,1310374
07-04-2025,P1002,Laptop,Electronics,55999,0,15247,0,144,17,951983
08-04-2025,P1002,Laptop,Electronics,39199,30,12231,0,124,20,783980
09-04-2025,P1002,Laptop,Electronics,50399,10,9625,0,107,17,856783
10-04-2025,P1002,Laptop,Electronics,50399,10,10374,0,90,17,856783
11-04-2025,P1002,Laptop,Electronics,55999,0,19839,0,75,15,839985
12-04-2025,P1002,Laptop,Electronics,47599,15,4888,0,42,33,1570767
13-04-2025,P1002,Laptop,Electronics,55999,0,10496,0,22,20,1119980
14-04-2025,P1002,Laptop,Electronics,44799,20,7885,0,144,25,1119975
15-04-2025,P1002,Laptop,Electronics,50399,10,2733,0,116,28,1411172
16-04-2025,P1002,Laptop,Electronics,55999,0,12356,0,94,22,1231978
17-04-2025,P1002,Laptop,Electronics,55999,0,15537,0,81,13,727987
18-04-2025,P1002,Laptop,Electronics,50399,10,13722,0,64,17,856783
19-04-2025,P1002,Laptop,Electronics,39199,30,10076,0,43,21,823179
20-04-2025,P1002,Laptop,Electronics,55999,0,19990,0,22,21,1175979
21-04-2025,P1002,Laptop,Electronics,55999,0,3504,0,3,19,1063981
22-04-2025,P1002,Laptop,Electronics,55999,0,5089,0,144,11,615989
23-04-2025,P1002,Laptop,Electronics,55999,0,15371,0,119,25,1399975
24-04-2025,P1002,Laptop,Electronics,44799,20,11323,0,98,21,940779
25-04-2025,P1002,Laptop,Electronics,55999,0,12071,0,77,21,1175979
26-04-2025,P1002,Laptop,Electronics,47599,15,6325,0,43,34,1618366
27-04-2025,P1002,Laptop,Electronics,55999,0,8857,0,15,28,1567972
28-04-2025,P1002,Laptop,Electronics,47599,15,6135,0,144,22,1047178
29-04-2025,P1002,Laptop,Electronics,55999,0,18997,0,126,18,1007982
30-04-2025,P1002,Laptop,Electronics,55999,0,11030,0,107,19,1063981
01-05-2025,P1002,Laptop,Electronics,53199,5,11584,0,85,22,1170378
02-05-2025,P1002,Laptop,Electronics,55999,0,13245,0,67,18,1007982
03-05-2025,P1002,Laptop,Electronics,39199,30,19277,0,22,45,1763955
04-05-2025,P1002,Laptop,Electronics,50399,10,5204,0,144,25,1259975
05-05-2025,P1002,Laptop,Electronics,55999,0,19401,0,119,25,1399975
06-05-2025,P1002,Laptop,Electronics,55999,0,14473,0,101,18,1007982
07-05-2025,P1002,Laptop,Electronics,39199,30,8283,0,77,24,940776
08-05-2025,P1002,Laptop,Electronics,55999,0,9092,0,62,15,839985
09-05-2025,P1002,Laptop,Electronics,50399,10,3900,0,36,26,1310374
10-05-2025,P1002,Laptop,Electronics,55999,0,2181,0,12,24,1343976
11-05-2025,P1002,Laptop,Electronics,55999,0,4009,0,144,20,1119980
12-05-2025,P1002,Laptop,Electronics,55999,0,6805,0,122,22,1231978
13-05-2025,P1002,Laptop,Electronics,55999,0,9702,0,102,20,1119980
14-05-2025,P1002,Laptop,Electronics,55999,0,14599,0,81,21,1175979
15-05-2025,P1002,Laptop,Electronics,44799,20,12429,0,50,31,1388769
16-05-2025,P1002,Laptop,Electronics,55999,0,14644,0,27,23,1287977
17-05-2025,P1002,Laptop,Electronics,55999,0,16728,0,8,19,1063981
18-05-2025,P1002,Laptop,Electronics,53199,5,3799,0,144,15,797985
19-05-2025,P1002,Laptop,Electronics,44799,20,7604,0,117,27,1209573
20-05-2025,P1002,Laptop,Electronics,55999,0,8784,0,95,22,1231978
21-05-2025,P1002,Laptop,Electronics,55999,0,17903,0,81,14,783986
22-05-2025,P1002,Laptop,Electronics,55999,0,14881,0,58,23,1287977
23-05-2025,P1002,Laptop,Electronics,55999,0,17205,0,40,18,1007982
24-05-2025,P1002,Laptop,Electronics,55999,0,9831,0,15,25,1399975
25-05-2025,P1002,Laptop,Electronics,55999,0,18050,0,144,26,1455974
26-05-2025,P1002,Laptop,Electronics,55999,0,8350,0,125,19,1063981
27-05-2025,P1002,Laptop,Electronics,55999,0,3058,0,108,17,951983
28-05-2025,P1002,Laptop,Electronics,55999,0,4216,0,88,20,1119980
29-05-2025,P1002,Laptop,Electronics,55999,0,13214,0,70,18,1007982
30-05-2025,P1002,Laptop,Electronics,55999,0,11568,0,50,20,1119980
31-05-2025,P1002,Laptop,Electronics,55999,0,17414,0,29,21,1175979
01-06-2025,P1002,Laptop,Electronics,53199,5,17105,0,144,29,1542771
02-06-2025,P1002,Laptop,Electronics,55999,0,8822,0,127,17,951983
03-06-2025,P1002,Laptop,Electronics,55999,0,9010,0,105,22,1231978
04-06-2025,P1002,Laptop,Electronics,47599,15,11768,0,75,30,1427970
05-06-2025,P1002,Laptop,Electronics,55999,0,19586,0,51,24,1343976
06-06-2025,P1002,Laptop,Electronics,55999,0,8518,0,41,10,559990
07-06-2025,P1002,Laptop,Electronics,55999,0,3771,0,18,23,1287977
08-06-2025,P1002,Laptop,Electronics,55999,0,14454,0,144,23,1287977
09-06-2025,P1002,Laptop,Electronics,50399,10,17933,0,122,22,1108778
10-06-2025,P1002,Laptop,Electronics,55999,0,12639,0,96,26,1455974
11-06-2025,P1002,Laptop,Electronics,55999,0,13571,0,72,24,1343976
12-06-2025,P1002,Laptop,Electronics,47599,15,9054,0,51,21,999579
13-06-2025,P1002,Laptop,Electronics,55999,0,19588,0,31,20,1119980
14-06-2025,P1002,Laptop,Electronics,55999,0,11862,0,10,21,1175979
15-06-2025,P1002,Laptop,Electronics,55999,0,8914,0,144,24,1343976
16-06-2025,P1002,Laptop,Electronics,53199,5,11089,0,124,20,1063980
17-06-2025,P1002,Laptop,Electronics,50399,10,17232,0,102,22,1108778
18-06-2025,P1002,Laptop,Electronics,50399,10,12472,0,78,24,1209576
19-06-2025,P1002,Laptop,Electronics,50399,10,5420,0,56,22,1108778
20-06-2025,P1002,Laptop,Electronics,55999,0,13951,0,37,19,1063981
21-06-2025,P1002,Laptop,Electronics,44799,20,15910,0,3,34,1523166
22-06-2025,P1002,Laptop,Electronics,55999,0,16185,0,144,19,1063981
23-06-2025,P1002,Laptop,Electronics,55999,0,3904,0,127,17,951983
24-06-2025,P1002,Laptop,Electronics,53199,5,5421,0,108,19,1010781
25-06-2025,P1002,Laptop,Electronics,55999,0,12049,0,88,20,1119980
26-06-2025,P1002,Laptop,Electronics,55999,0,13131,0,71,17,951983
27-06-2025,P1002,Laptop,Electronics,55999,0,13451,0,49,22,1231978
28-06-2025,P1002,Laptop,Electronics,53199,5,3435,0,30,19,1010781
29-06-2025,P1002,Laptop,Electronics,55999,0,19163,0,2,28,1567972
30-06-2025,P1002,Laptop,Electronics,55999,0,8064,0,144,14,783986
01-07-2025,P1002,Laptop,Electronics,55999,0,4022,0,134,10,559990
02-07-2025,P1002,Laptop,Electronics,55999,0,8381,0,116,18,1007982
03-07-2025,P1002,Laptop,Electronics,53199,5,12142,0,93,23,1223577
04-07-2025,P1002,Laptop,Electronics,55999,0,8302,0,79,14,783986
05-07-2025,P1002,Laptop,Electronics,55999,0,7908,0,54,25,1399975
06-07-2025,P1002,Laptop,Electronics,55999,0,13739,0,32,22,1231978
07-07-2025,P1002,Laptop,Electronics,44799,20,19226,0,6,26,1164774
08-07-2025,P1002,Laptop,Electronics,53199,5,13307,0,144,22,1170378
09-07-2025,P1002,Laptop,Electronics,55999,0,5780,0,132,12,671988
10-07-2025,P1002,Laptop,Electronics,44799,20,2249,0,111,21,940779
11-07-2025,P1002,Laptop,Electronics,53199,5,7709,0,92,19,1010781
12-07-2025,P1002,Laptop,Electronics,50399,10,16552,0,59,33,1663167
13-07-2025,P1002,Laptop,Electronics,53199,5,15317,0,36,23,1223577
14-07-2025,P1002,Laptop,Electronics,55999,0,12702,0,19,17,951983
15-07-2025,P1002,Laptop,Electronics,55999,0,5042,0,5,14,783986
16-07-2025,P1002,Laptop,Electronics,55999,0,19545,0,144,16,895984
17-07-2025,P1002,Laptop,Electronics,55999,0,14543,0,124,20,1119980
18-07-2025,P1002,Laptop,Electronics,44799,20,12142,0,108,16,716784
19-07-2025,P1002,Laptop,Electronics,50399,10,10893,0,80,28,1411172
20-07-2025,P1002,Laptop,Electronics,55999,0,15930,0,53,27,1511973
21-07-2025,P1002,Laptop,Electronics,50399,10,18026,0,37,16,806384
22-07-2025,P1002,Laptop,Electronics,50399,10,10589,0,19,18,907182
23-07-2025,P1002,Laptop,Electronics,55999,0,18364,0,2,17,951983
24-07-2025,P1002,Laptop,Electronics,55999,0,9127,0,144,11,615989
25-07-2025,P1002,Laptop,Electronics,55999,0,5117,0,126,18,1007982
26-07-2025,P1002,Laptop,Electronics,50399,10,8508,0,99,27,1360773
27-07-2025,P1002,Laptop,Electronics,47599,15,5541,0,67,32,1523168
28-07-2025,P1002,Laptop,Electronics,39199,30,19380,0,40,27,1058373
29-07-2025,P1002,Laptop,Electronics,55999,0,13325,0,21,19,1063981
30-07-2025,P1002,Laptop,Electronics,55999,0,3039,0,10,11,615989
31-07-2025,P1002,Laptop,Electronics,44799,20,11335,0,144,28,1254372
01-08-2025,P1002,Laptop,Electronics,47599,15,15356,0,119,25,1189975
02-08-2025,P1002,Laptop,Electronics,44799,20,10180,0,83,36,1612764
03-08-2025,P1002,Laptop,Electronics,55999,0,11509,0,63,20,1119980
04-08-2025,P1002,Laptop,Electronics,55999,0,11960,0,48,15,839985
05-08-2025,P1002,Laptop,Electronics,55999,0,11399,0,29,19,1063981
06-08-2025,P1002,Laptop,Electronics,53199,5,18194,0,13,16,851184
07-08-2025,P1002,Laptop,Electronics,55999,0,13266,0,144,20,1119980
08-08-2025,P1002,Laptop,Electronics,55999,0,6176,0,129,15,839985
09-08-2025,P1002,Laptop,Electronics,55999,0,7250,0,110,19,1063981
10-08-2025,P1002,Laptop,Electronics,55999,0,8890,0,83,27,1511973
11-08-2025,P1002,Laptop,Electronics,55999,0,9319,0,71,12,671988
12-08-2025,P1002,Laptop,Electronics,55999,0,3112,0,57,14,783986
13-08-2025,P1002,Laptop,Electronics,50399,10,19052,1,25,32,1612768
14-08-2025,P1002,Laptop,Electronics,53199,5,5906,1,1,24,1276776
15-08-2025,P1002,Laptop,Electronics,50399,10,10312,1,144,36,1814364
16-08-2025,P1002,Laptop,Electronics,53199,5,15621,1,103,41,2181159
17-08-2025,P1002,Laptop,Electronics,55999,0,7906,1,72,31,1735969
18-08-2025,P1002,Laptop,Electronics,47599,15,15842,0,46,26,1237574
19-08-2025,P1002,Laptop,Electronics,55999,0,8037,0,33,13,727987
20-08-2025,P1002,Laptop,Electronics,55999,0,6610,0,16,17,951983
21-08-2025,P1002,Laptop,Electronics,55999,0,2805,0,144,17,951983
22-08-2025,P1002,Laptop,Electronics,55999,0,4652,0,126,18,1007982
23-08-2025,P1002,Laptop,Electronics,47599,15,18134,0,99,27,1285173
24-08-2025,P1002,Laptop,Electronics,55999,0,13733,0,79,20,1119980
25-08-2025,P1002,Laptop,Electronics,39199,30,17631,0,54,25,979975
26-08-2025,P1002,Laptop,Electronics,47599,15,7482,0,34,20,951980
27-08-2025,P1002,Laptop,Electronics,55999,0,9602,0,20,14,783986
28-08-2025,P1002,Laptop,Electronics,55999,0,6189,0,1,19,1063981
29-08-2025,P1002,Laptop,Electronics,55999,0,14831,0,144,21,1175979
30-08-2025,P1002,Laptop,Electronics,47599,15,15031,0,119,25,1189975
31-08-2025,P1002,Laptop,Electronics,50399,10,12816,0,93,26,1310374
01-09-2025,P1002,Laptop,Electronics,39199,30,12413,0,61,32,1254368
02-09-2025,P1002,Laptop,Electronics,47599,15,19181,0,43,18,856782
03-09-2025,P1002,Laptop,Electronics,55999,0,10087,0,26,17,951983
04-09-2025,P1002,Laptop,Electronics,44799,20,9513,0,144,26,1164774
05-09-2025,P1002,Laptop,Electronics,55999,0,2392,0,129,15,839985
06-09-2025,P1002,Laptop,Electronics,50399,10,13690,0,106,23,1159177
07-09-2025,P1002,Laptop,Electronics,55999,0,19515,0,76,30,1679970
08-09-2025,P1002,Laptop,Electronics,55999,0,9855,0,58,18,1007982
09-09-2025,P1002,Laptop,Electronics,55999,0,9250,0,45,13,727987
10-09-2025,P1002,Laptop,Electronics,55999,0,13859,0,28,17,951983
11-09-2025,P1002,Laptop,Electronics,55999,0,10868,0,17,11,615989
12-09-2025,P1002,Laptop,Electronics,50399,10,14465,0,144,18,907182
13-09-2025,P1002,Laptop,Electronics,55999,0,19679,0,121,23,1287977
14-09-2025,P1002,Laptop,Electronics,55999,0,2729,0,107,14,783986
15-09-2025,P1002,Laptop,Electronics,55999,0,16167,0,88,19,1063981
16-09-2025,P1002,Laptop,Electronics,47599,15,3228,0,66,22,1047178
17-09-2025,P1002,Laptop,Electronics,55999,0,5521,0,55,11,615989
18-09-2025,P1002,Laptop,Electronics,55999,0,4441,0,38,17,951983
19-09-2025,P1002,Laptop,Electronics,55999,0,7747,0,25,13,727987
20-09-2025,P1002,Laptop,Electronics,55999,0,8729,0,4,21,1175979
21-09-2025,P1002,Laptop,Electronics,55999,0,13267,0,144,20,1119980
22-09-2025,P1002,Laptop,Electronics,55999,0,7218,0,123,21,1175979
23-09-2025,P1002,Laptop,Electronics,50399,10,12817,0,103,20,1007980
24-09-2025,P1002,Laptop,Electronics,47599,15,12995,0,82,21,999579
25-09-2025,P1002,Laptop,Electronics,55999,0,18344,0,63,19,1063981
26-09-2025,P1002,Laptop,Electronics,44799,20,16880,0,39,24,1075176
27-09-2025,P1002,Laptop,Electronics,55999,0,2982,0,23,16,895984
28-09-2025,P1002,Laptop,Electronics,44799,20,8440,0,144,30,1343970
29-09-2025,P1002,Laptop,Electronics,55999,0,13821,0,127,17,951983
30-09-2025,P1002,Laptop,Electronics,50399,10,3545,0,115,12,604788
01-10-2025,P1002,Laptop,Electronics,44799,20,18443,0,87,28,1254372
02-10-2025,P1002,Laptop,Electronics,55999,0,5370,0,74,13,727987
03-10-2025,P1002,Laptop,Electronics,47599,15,4600,0,53,21,999579
04-10-2025,P1002,Laptop,Electronics,44799,20,13575,0,26,27,1209573
05-10-2025,P1002,Laptop,Electronics,47599,15,10588,0,1,25,1189975
06-10-2025,P1002,Laptop,Electronics,55999,0,16167,0,144,11,615989
07-10-2025,P1002,Laptop,Electronics,55999,0,7040,0,131,13,727987
08-10-2025,P1002,Laptop,Electronics,55999,0,5105,0,117,14,783986
09-10-2025,P1002,Laptop,Electronics,55999,0,2663,0,104,13,727987
10-10-2025,P1002,Laptop,Electronics,50399,10,8286,0,89,15,755985
11-10-2025,P1002,Laptop,Electronics,55999,0,17941,0,71,18,1007982
12-10-2025,P1002,Laptop,Electronics,55999,0,18231,0,49,22,1231978
13-10-2025,P1002,Laptop,Electronics,55999,0,18234,0,32,17,951983
14-10-2025,P1002,Laptop,Electronics,47599,15,2979,0,16,16,761584
15-10-2025,P1002,Laptop,Electronics,55999,0,10581,0,4,12,671988
16-10-2025,P1002,Laptop,Electronics,55999,0,4837,0,144,23,1287977
17-10-2025,P1002,Laptop,Electronics,55999,0,8917,0,127,17,951983
18-10-2025,P1002,Laptop,Electronics,55999,0,13806,1,99,28,1567972
19-10-2025,P1002,Laptop,Electronics,44799,20,16820,1,65,34,1523166
20-10-2025,P1002,Laptop,Electronics,55999,0,16103,1,45,20,1119980
21-10-2025,P1002,Laptop,Electronics,55999,0,16810,1,21,24,1343976
22-10-2025,P1002,Laptop,Electronics,55999,0,19229,1,144,23,1287977
23-10-2025,P1002,Laptop,Electronics,55999,0,8820,0,122,22,1231978
24-10-2025,P1002,Laptop,Electronics,55999,0,16213,0,106,16,895984
25-10-2025,P1002,Laptop,Electronics,55999,0,6036,0,92,14,783986
26-10-2025,P1002,Laptop,Electronics,55999,0,15289,0,74,18,1007982
27-10-2025,P1002,Laptop,Electronics,39199,30,15848,0,49,25,979975
28-10-2025,P1002,Laptop,Electronics,55999,0,11276,0,34,15,839985
29-10-2025,P1002,Laptop,Electronics,39199,30,12360,0,9,25,979975
30-10-2025,P1002,Laptop,Electronics,50399,10,15270,0,144,11,554389
31-10-2025,P1002,Laptop,Electronics,53199,5,17040,0,128,16,851184
01-11-2025,P1002,Laptop,Electronics,55999,0,5560,0,113,15,839985
02-11-2025,P1002,Laptop,Electronics,50399,10,5361,0,87,26,1310374
03-11-2025,P1002,Laptop,Electronics,50399,10,4415,0,77,10,503990
04-11-2025,P1002,Laptop,Electronics,55999,0,18494,0,59,18,1007982
05-11-2025,P1002,Laptop,Electronics,55999,0,13769,0,42,17,951983
06-11-2025,P1002,Laptop,Electronics,55999,0,10804,0,31,11,615989
07-11-2025,P1002,Laptop,Electronics,55999,0,12857,0,7,24,1343976
08-11-2025,P1002,Laptop,Electronics,50399,10,16526,0,144,16,806384
09-11-2025,P1002,Laptop,Electronics,55999,0,12303,0,116,28,1567972
10-11-2025,P1002,Laptop,Electronics,55999,0,5243,0,99,17,951983
11-11-2025,P1002,Laptop,Electronics,55999,0,16651,0,86,13,727987
12-11-2025,P1002,Laptop,Electronics,55999,0,11384,0,72,14,783986
13-11-2025,P1002,Laptop,Electronics,55999,0,18350,0,57,15,839985
14-11-2025,P1002,Laptop,Electronics,55999,0,15838,0,44,13,727987
15-11-2025,P1002,Laptop,Electronics,55999,0,2351,0,32,12,671988
16-11-2025,P1002,Laptop,Electronics,44799,20,19999,0,144,32,1433568
17-11-2025,P1002,Laptop,Electronics,44799,20,15387,0,125,19,851181
18-11-2025,P1002,Laptop,Electronics,53199,5,2432,0,110,15,797985
19-11-2025,P1002,Laptop,Electronics,55999,0,9988,0,95,15,839985
20-11-2025,P1002,Laptop,Electronics,39199,30,17268,0,69,26,1019174
21-11-2025,P1002,Laptop,Electronics,53199,5,11813,0,50,19,1010781
22-11-2025,P1002,Laptop,Electronics,47599,15,14103,0,28,22,1047178
23-11-2025,P1002,Laptop,Electronics,55999,0,8332,0,11,17,951983
24-11-2025,P1002,Laptop,Electronics,55999,0,6143,0,144,17,951983
25-11-2025,P1002,Laptop,Electronics,55999,0,5102,0,136,8,447992
26-11-2025,P1002,Laptop,Electronics,55999,0,2819,0,123,13,727987
27-11-2025,P1002,Laptop,Electronics,55999,0,6825,0,101,22,1231978
28-11-2025,P1002,Laptop,Electronics,53199,5,19570,0,83,18,957582
29-11-2025,P1002,Laptop,Electronics,55999,0,2983,0,72,11,615989
30-11-2025,P1002,Laptop,Electronics,44799,20,14083,0,49,23,1030377
01-12-2025,P1002,Laptop,Electronics,53199,5,18551,0,35,14,744786
02-12-2025,P1002,Laptop,Electronics,47599,15,18080,0,8,27,1285173
03-12-2025,P1002,Laptop,Electronics,55999,0,9919,0,144,12,671988
04-12-2025,P1002,Laptop,Electronics,55999,0,13409,0,136,8,447992
05-12-2025,P1002,Laptop,Electronics,55999,0,19661,0,114,22,1231978
06-12-2025,P1002,Laptop,Electronics,55999,0,8605,0,101,13,727987
07-12-2025,P1002,Laptop,Electronics,55999,0,8793,0,82,19,1063981
08-12-2025,P1002,Laptop,Electronics,55999,0,18303,0,69,13,727987
09-12-2025,P1002,Laptop,Electronics,55999,0,12799,0,54,15,839985
10-12-2025,P1002,Laptop,Electronics,44799,20,19741,0,28,26,1164774
11-12-2025,P1002,Laptop,Electronics,55999,0,18138,0,11,17,951983
12-12-2025,P1002,Laptop,Electronics,55999,0,16560,0,144,13,727987
13-12-2025,P1002,Laptop,Electronics,50399,10,17202,0,124,20,1007980
14-12-2025,P1002,Laptop,Electronics,55999,0,4485,0,108,16,895984
15-12-2025,P1002,Laptop,Electronics,44799,20,18234,0,86,22,985578
16-12-2025,P1002,Laptop,Electronics,44799,20,12385,0,72,14,627186
17-12-2025,P1002,Laptop,Electronics,55999,0,19086,0,55,17,951983
18-12-2025,P1002,Laptop,Electronics,55999,0,18469,0,42,13,727987
19-12-2025,P1002,Laptop,Electronics,53199,5,6569,0,34,8,425592
20-12-2025,P1002,Laptop,Electronics,55999,0,14604,0,10,24,1343976
21-12-2025,P1002,Laptop,Electronics,55999,0,2730,0,144,13,727987
22-12-2025,P1002,Laptop,Electronics,50399,10,15975,0,131,13,655187
23-12-2025,P1002,Laptop,Electronics,55999,0,19846,1,113,18,1007982
24-12-2025,P1002,Laptop,Electronics,50399,10,8621,1,85,28,1411172
25-12-2025,P1002,Laptop,Electronics,39199,30,5129,1,40,45,1763955
26-12-2025,P1002,Laptop,Electronics,55999,0,11514,1,18,22,1231978
27-12-2025,P1002,Laptop,Electronics,55999,0,17019,1,144,29,1623971
28-12-2025,P1002,Laptop,Electronics,55999,0,8635,0,127,17,951983
29-12-2025,P1002,Laptop,Electronics,55999,0,12514,0,114,13,727987
30-12-2025,P1002,Laptop,Electronics,55999,0,12397,0,103,11,615989
31-12-2025,P1002,Laptop,Electronics,55999,0,13561,0,89,14,783986
01-01-2026,P1002,Laptop,Electronics,55999,0,10334,0,76,13,727987
02-01-2026,P1002,Laptop,Electronics,55999,0,16028,0,61,15,839985
03-01-2026,P1002,Laptop,Electronics,55999,0,2815,0,43,18,1007982
04-01-2026,P1002,Laptop,Electronics,50399,10,9880,0,25,18,907182
05-01-2026,P1002,Laptop,Electronics,55999,0,9186,0,5,20,1119980
06-01-2026,P1002,Laptop,Electronics,55999,0,6787,0,144,16,895984
07-01-2026,P1002,Laptop,Electronics,53199,5,9886,0,130,14,744786
08-01-2026,P1002,Laptop,Electronics,47599,15,9140,0,107,23,1094777
09-01-2026,P1002,Laptop,Electronics,55999,0,9929,0,92,15,839985
10-01-2026,P1002,Laptop,Electronics,47599,15,18395,0,61,31,1475569
11-01-2026,P1002,Laptop,Electronics,55999,0,13603,0,44,17,951983
12-01-2026,P1002,Laptop,Electronics,47599,15,6809,0,26,18,856782
13-01-2026,P1002,Laptop,Electronics,55999,0,2503,0,14,12,671988
14-01-2026,P1002,Laptop,Electronics,55999,0,18957,0,1,13,727987
15-01-2026,P1002,Laptop,Electronics,53199,5,2069,0,144,18,957582
16-01-2026,P1002,Laptop,Electronics,39199,30,14445,0,129,15,587985
17-01-2026,P1002,Laptop,Electronics,55999,0,19147,0,106,23,1287977
18-01-2026,P1002,Laptop,Electronics,55999,0,17725,0,90,16,895984
19-01-2026,P1002,Laptop,Electronics,50399,10,7303,0,72,18,907182
20-01-2026,P1002,Laptop,Electronics,55999,0,19372,0,53,19,1063981
21-01-2026,P1002,Laptop,Electronics,55999,0,6302,0,35,18,1007982
22-01-2026,P1002,Laptop,Electronics,55999,0,9423,0,18,17,951983
23-01-2026,P1002,Laptop,Electronics,55999,0,17767,0,3,15,839985
24-01-2026,P1002,Laptop,Electronics,55999,0,16475,1,144,29,1623971
25-01-2026,P1002,Laptop,Electronics,55999,0,14349,1,108,36,2015964
26-01-2026,P1002,Laptop,Electronics,44799,20,2550,1,84,24,1075176
27-01-2026,P1002,Laptop,Electronics,50399,10,6512,1,56,28,1411172
28-01-2026,P1002,Laptop,Electronics,55999,0,13867,1,29,27,1511973
29-01-2026,P1002,Laptop,Electronics,55999,0,6555,0,10,19,1063981
30-01-2026,P1002,Laptop,Electronics,47599,15,5343,0,144,13,618787
31-01-2026,P1002,Laptop,Electronics,53199,5,8075,0,126,18,957582
01-02-2026,P1002,Laptop,Electronics,50399,10,7889,0,96,30,1511970
02-02-2026,P1002,Laptop,Electronics,55999,0,12797,0,86,10,559990
03-02-2026,P1002,Laptop,Electronics,55999,0,7154,0,74,12,671988
04-02-2026,P1002,Laptop,Electronics,55999,0,17115,0,56,18,1007982
05-02-2026,P1002,Laptop,Electronics,55999,0,16257,0,43,13,727987
06-02-2026,P1002,Laptop,Electronics,47599,15,15341,0,19,24,1142376
07-02-2026,P1002,Laptop,Electronics,55999,0,10999,0,144,24,1343976
08-02-2026,P1002,Laptop,Electronics,55999,0,5316,0,123,21,1175979
09-02-2026,P1002,Laptop,Electronics,55999,0,2779,0,111,12,671988
10-02-2026,P1002,Laptop,Electronics,55999,0,4226,0,94,17,951983
11-02-2026,P1002,Laptop,Electronics,39199,30,19071,0,69,25,979975
12-02-2026,P1002,Laptop,Electronics,55999,0,14752,0,60,9,503991
13-02-2026,P1002,Laptop,Electronics,55999,0,5948,0,42,18,1007982
14-02-2026,P1002,Laptop,Electronics,55999,0,18393,0,27,15,839985
15-02-2026,P1002,Laptop,Electronics,55999,0,13805,0,4,23,1287977
16-02-2026,P1002,Laptop,Electronics,39199,30,7491,0,144,24,940776
17-02-2026,P1002,Laptop,Electronics,44799,20,13928,0,108,36,1612764
18-02-2026,P1002,Laptop,Electronics,53199,5,16919,0,88,20,1063980
19-02-2026,P1002,Laptop,Electronics,39199,30,4537,0,64,24,940776
20-02-2026,P1002,Laptop,Electronics,44799,20,19646,0,31,33,1478367
21-02-2026,P1002,Laptop,Electronics,44799,20,9707,0,144,32,1433568
22-02-2026,P1002,Laptop,Electronics,47599,15,12366,0,110,34,1618366
23-02-2026,P1002,Laptop,Electronics,55999,0,9926,0,96,14,783986
24-02-2026,P1002,Laptop,Electronics,55999,0,5071,0,78,18,1007982
25-02-2026,P1002,Laptop,Electronics,55999,0,6119,0,65,13,727987
26-02-2026,P1002,Laptop,Electronics,55999,0,8528,0,46,19,1063981
27-02-2026,P1002,Laptop,Electronics,55999,0,6516,0,22,24,1343976
28-02-2026,P1002,Laptop,Electronics,55999,0,18277,0,144,25,1399975
01-03-2026,P1002,Laptop,Electronics,44799,20,3053,0,109,35,1567965
02-03-2026,P1002,Laptop,Electronics,55999,0,6614,1,90,19,1063981
03-03-2026,P1002,Laptop,Electronics,53199,5,14782,1,66,24,1276776
04-03-2026,P1002,Laptop,Electronics,55999,0,17272,1,47,19,1063981
05-03-2026,P1002,Laptop,Electronics,53199,5,4700,1,19,28,1489572
06-03-2026,P1002,Laptop,Electronics,50399,10,18191,1,144,43,2167157
07-03-2026,P1002,Laptop,Electronics,55999,0,18131,0,112,32,1791968
08-03-2026,P1002,Laptop,Electronics,50399,10,5635,0,84,28,1411172
09-03-2026,P1002,Laptop,Electronics,55999,0,18994,0,74,10,559990
10-03-2026,P1002,Laptop,Electronics,55999,0,10624,0,59,15,839985
11-03-2026,P1002,Laptop,Electronics,50399,10,14642,0,36,23,1159177
12-03-2026,P1002,Laptop,Electronics,47599,15,12582,0,10,26,1237574
13-03-2026,P1002,Laptop,Electronics,55999,0,6336,0,144,21,1175979
14-03-2026,P1002,Laptop,Electronics,55999,0,13260,0,126,18,1007982
15-03-2026,P1002,Laptop,Electronics,44799,20,9437,0,99,27,1209573
16-03-2026,P1002,Laptop,Electronics,55999,0,15131,0,69,30,1679970
17-03-2026,P1002,Laptop,Electronics,55999,0,8567,0,50,19,1063981
18-03-2026,P1002,Laptop,Electronics,55999,0,17589,0,32,18,1007982
19-03-2026,P1002,Laptop,Electronics,55999,0,17067,0,18,14,783986
20-03-2026,P1002,Laptop,Electronics,47599,15,10240,0,144,33,1570767
21-03-2026,P1002,Laptop,Electronics,50399,10,19603,0,113,31,1562369
22-03-2026,P1002,Laptop,Electronics,55999,0,15524,0,81,32,1791968
23-03-2026,P1002,Laptop,Electronics,44799,20,12595,0,53,28,1254372
24-03-2026,P1002,Laptop,Electronics,50399,10,17875,0,27,26,1310374
25-03-2026,P1002,Laptop,Electronics,55999,0,15606,0,144,28,1567972
26-03-2026,P1002,Laptop,Electronics,55999,0,9432,0,127,17,951983
27-03-2026,P1002,Laptop,Electronics,55999,0,10084,0,112,15,839985
28-03-2026,P1002,Laptop,Electronics,55999,0,12393,0,78,34,1903966
29-03-2026,P1002,Laptop,Electronics,55999,0,3836,0,58,20,1119980
30-03-2026,P1002,Laptop,Electronics,55999,0,19824,0,46,12,671988
31-03-2026,P1002,Laptop,Electronics,55999,0,18767,0,30,16,895984
01-04-2026,P1002,Laptop,Electronics,50399,10,15062,0,3,27,1360773
02-04-2026,P1002,Laptop,Electronics,55999,0,17118,0,144,21,1175979
03-04-2026,P1002,Laptop,Electronics,55999,0,6683,0,117,27,1511973
04-04-2026,P1002,Laptop,Electronics,55999,0,18878,0,90,27,1511973
05-04-2026,P1002,Laptop,Electronics,55999,0,15057,0,67,23,1287977
06-04-2026,P1002,Laptop,Electronics,50399,10,5516,0,35,32,1612768
07-04-2026,P1002,Laptop,Electronics,55999,0,14573,0,14,21,1175979
08-04-2026,P1002,Laptop,Electronics,53199,5,18250,0,144,19,1010781
09-04-2026,P1002,Laptop,Electronics,55999,0,2795,0,122,22,1231978
10-04-2026,P1002,Laptop,Electronics,55999,0,6667,0,106,16,895984
11-04-2026,P1002,Laptop,Electronics,53199,5,12504,0,83,23,1223577
12-04-2026,P1002,Laptop,Electronics,47599,15,3669,0,53,30,1427970
13-04-2026,P1002,Laptop,Electronics,55999,0,17941,0,26,27,1511973
14-04-2026,P1002,Laptop,Electronics,55999,0,8205,0,8,18,1007982
15-04-2026,P1002,Laptop,Electronics,55999,0,6002,0,144,17,951983
16-04-2026,P1002,Laptop,Electronics,53199,5,19570,0,125,19,1010781
17-04-2026,P1002,Laptop,Electronics,39199,30,14420,0,91,34,1332766
18-04-2026,P1002,Laptop,Electronics,55999,0,18080,0,63,28,1567972
19-04-2026,P1002,Laptop,Electronics,55999,0,9054,0,43,20,1119980
20-04-2026,P1002,Laptop,Electronics,55999,0,2610,0,26,17,951983
21-04-2026,P1002,Laptop,Electronics,55999,0,9438,0,5,21,1175979
22-04-2026,P1002,Laptop,Electronics,53199,5,17300,0,144,31,1649169
23-04-2026,P1002,Laptop,Electronics,53199,5,5830,0,124,20,1063980
24-04-2026,P1002,Laptop,Electronics,55999,0,19656,0,106,18,1007982
25-04-2026,P1002,Laptop,Electronics,55999,0,8671,0,83,23,1287977
26-04-2026,P1002,Laptop,Electronics,53199,5,19296,0,51,32,1702368
27-04-2026,P1002,Laptop,Electronics,55999,0,3132,0,27,24,1343976
28-04-2026,P1002,Laptop,Electronics,55999,0,16615,0,9,18,1007982
29-04-2026,P1002,Laptop,Electronics,55999,0,18575,0,144,18,1007982
30-04-2026,P1002,Laptop,Electronics,53199,5,4931,0,113,31,1649169
01-05-2026,P1002,Laptop,Electronics,55999,0,5758,0,86,27,1511973
02-05-2026,P1002,Laptop,Electronics,44799,20,3984,0,43,43,1926357
03-05-2026,P1002,Laptop,Electronics,53199,5,8711,0,5,38,2021562
04-05-2026,P1002,Laptop,Electronics,55999,0,3316,0,144,17,951983
05-05-2026,P1002,Laptop,Electronics,55999,0,4491,0,122,22,1231978
06-05-2026,P1002,Laptop,Electronics,53199,5,5608,0,97,25,1329975
07-05-2026,P1002,Laptop,Electronics,50399,10,12213,0,74,23,1159177
08-05-2026,P1002,Laptop,Electronics,47599,15,18913,0,36,38,1808762
09-05-2026,P1002,Laptop,Electronics,50399,10,8287,0,6,30,1511970
10-05-2026,P1002,Laptop,Electronics,39199,30,15070,0,144,38,1489562
11-05-2026,P1002,Laptop,Electronics,55999,0,15455,0,115,29,1623971
12-05-2026,P1002,Laptop,Electronics,55999,0,12677,0,96,19,1063981
13-05-2026,P1002,Laptop,Electronics,55999,0,5018,0,78,18,1007982
14-05-2026,P1002,Laptop,Electronics,55999,0,6496,0,59,19,1063981
15-05-2026,P1002,Laptop,Electronics,53199,5,9471,0,34,25,1329975
16-05-2026,P1002,Laptop,Electronics,55999,0,8200,0,6,28,1567972
17-05-2026,P1002,Laptop,Electronics,55999,0,10352,0,144,30,1679970
18-05-2026,P1002,Laptop,Electronics,53199,5,14012,0,114,30,1595970
19-05-2026,P1002,Laptop,Electronics,55999,0,7549,0,98,16,895984
20-05-2026,P1002,Laptop,Electronics,44799,20,17666,0,71,27,1209573
21-05-2026,P1002,Laptop,Electronics,55999,0,11794,0,44,27,1511973
22-05-2026,P1002,Laptop,Electronics,53199,5,12224,0,16,28,1489572
23-05-2026,P1002,Laptop,Electronics,55999,0,13517,0,144,17,951983
24-05-2026,P1002,Laptop,Electronics,55999,0,14328,0,112,32,1791968
25-05-2026,P1002,Laptop,Electronics,55999,0,15203,0,96,16,895984
26-05-2026,P1002,Laptop,Electronics,53199,5,8386,0,69,27,1436373
27-05-2026,P1002,Laptop,Electronics,53199,5,4535,0,43,26,1383174
28-05-2026,P1002,Laptop,Electronics,55999,0,16330,0,19,24,1343976
29-05-2026,P1002,Laptop,Electronics,44799,20,4892,0,144,22,985578
30-05-2026,P1002,Laptop,Electronics,55999,0,8712,0,126,18,1007982
31-05-2026,P1002,Laptop,Electronics,55999,0,4106,0,103,23,1287977
01-06-2026,P1002,Laptop,Electronics,55999,0,9294,0,81,22,1231978
02-06-2026,P1002,Laptop,Electronics,50399,10,17055,0,56,25,1259975
03-06-2026,P1002,Laptop,Electronics,55999,0,12194,0,42,14,783986
04-06-2026,P1002,Laptop,Electronics,55999,0,8945,0,23,19,1063981
05-06-2026,P1002,Laptop,Electronics,53199,5,9829,0,1,22,1170378
06-06-2026,P1002,Laptop,Electronics,55999,0,11721,0,144,27,1511973
07-06-2026,P1002,Laptop,Electronics,39199,30,16323,0,101,43,1685557
08-06-2026,P1002,Laptop,Electronics,55999,0,17017,0,84,17,951983
09-06-2026,P1002,Laptop,Electronics,44799,20,14258,0,51,33,1478367
10-06-2026,P1002,Laptop,Electronics,53199,5,7298,0,31,20,1063980
11-06-2026,P1002,Laptop,Electronics,55999,0,17171,0,11,20,1119980
12-06-2026,P1002,Laptop,Electronics,50399,10,6211,0,144,31,1562369
13-06-2026,P1002,Laptop,Electronics,50399,10,16112,0,113,31,1562369
14-06-2026,P1002,Laptop,Electronics,44799,20,5099,0,74,39,1747161
15-06-2026,P1002,Laptop,Electronics,55999,0,9429,0,48,26,1455974
16-06-2026,P1002,Laptop,Electronics,55999,0,14240,0,33,15,839985
17-06-2026,P1002,Laptop,Electronics,44799,20,3636,0,11,22,985578
18-06-2026,P1002,Laptop,Electronics,39199,30,18067,0,144,38,1489562
19-06-2026,P1002,Laptop,Electronics,44799,20,13799,0,112,32,1433568
20-06-2026,P1002,Laptop,Electronics,53199,5,11066,0,85,27,1436373
21-06-2026,P1002,Laptop,Electronics,55999,0,8494,0,61,24,1343976
22-06-2026,P1002,Laptop,Electronics,55999,0,2460,0,45,16,895984
23-06-2026,P1002,Laptop,Electronics,50399,10,10087,0,24,21,1058379
24-06-2026,P1002,Laptop,Electronics,55999,0,5136,0,144,24,1343976
25-06-2026,P1002,Laptop,Electronics,50399,10,17087,0,107,37,1864763
26-06-2026,P1002,Laptop,Electronics,50399,10,14757,0,83,24,1209576
27-06-2026,P1002,Laptop,Electronics,53199,5,11481,0,54,29,1542771
28-06-2026,P1002,Laptop,Electronics,55999,0,15997,0,33,21,1175979
29-06-2026,P1002,Laptop,Electronics,53199,5,7028,0,10,23,1223577
30-06-2026,P1002,Laptop,Electronics,44799,20,17483,0,144,27,1209573
01-07-2026,P1002,Laptop,Electronics,55999,0,19280,0,124,20,1119980
02-07-2026,P1002,Laptop,Electronics,44799,20,4930,0,96,28,1254372
03-07-2026,P1002,Laptop,Electronics,53199,5,8582,0,61,35,1861965
04-07-2026,P1002,Laptop,Electronics,55999,0,17011,0,29,32,1791968
05-07-2026,P1002,Laptop,Electronics,50399,10,6764,0,144,32,1612768
06-07-2026,P1002,Laptop,Electronics,55999,0,18781,0,119,25,1399975
07-07-2026,P1002,Laptop,Electronics,55999,0,19080,0,104,15,839985
08-07-2026,P1002,Laptop,Electronics,55999,0,2134,0,87,17,951983
09-07-2026,P1002,Laptop,Electronics,50399,10,11919,0,59,28,1411172
10-07-2026,P1002,Laptop,Electronics,53199,5,13693,0,32,27,1436373
11-07-2026,P1002,Laptop,Electronics,53199,5,15266,0,6,26,1383174
12-07-2026,P1002,Laptop,Electronics,55999,0,6388,0,144,31,1735969
13-07-2026,P1002,Laptop,Electronics,55999,0,8622,0,117,27,1511973
14-07-2026,P1002,Laptop,Electronics,53199,5,16292,0,89,28,1489572
15-07-2026,P1002,Laptop,Electronics,39199,30,11442,0,55,34,1332766
16-07-2026,P1002,Laptop,Electronics,55999,0,8508,0,35,20,1119980
17-07-2026,P1002,Laptop,Electronics,47599,15,8514,0,16,19,904381
18-07-2026,P1002,Laptop,Electronics,55999,0,13473,0,144,26,1455974
19-07-2026,P1002,Laptop,Electronics,47599,15,10217,0,109,35,1665965
20-07-2026,P1002,Laptop,Electronics,55999,0,9388,0,89,20,1119980
21-07-2026,P1002,Laptop,Electronics,55999,0,19782,0,65,24,1343976
22-07-2026,P1002,Laptop,Electronics,55999,0,15413,0,48,17,951983
23-07-2026,P1002,Laptop,Electronics,55999,0,15126,0,25,23,1287977
24-07-2026,P1002,Laptop,Electronics,55999,0,13409,0,4,21,1175979
25-07-2026,P1002,Laptop,Electronics,55999,0,15078,0,144,36,2015964
26-07-2026,P1002,Laptop,Electronics,55999,0,14231,0,121,23,1287977
27-07-2026,P1002,Laptop,Electronics,55999,0,18300,0,101,20,1119980
28-07-2026,P1002,Laptop,Electronics,55999,0,11305,0,88,13,727987
29-07-2026,P1002,Laptop,Electronics,55999,0,9062,0,68,20,1119980
30-07-2026,P1002,Laptop,Electronics,55999,0,19813,0,56,12,671988
31-07-2026,P1002,Laptop,Electronics,55999,0,8828,0,34,22,1231978
01-08-2026,P1002,Laptop,Electronics,55999,0,13607,0,11,23,1287977
02-08-2026,P1002,Laptop,Electronics,55999,0,10837,0,144,25,1399975
03-08-2026,P1002,Laptop,Electronics,55999,0,7015,0,133,11,615989
04-08-2026,P1002,Laptop,Electronics,55999,0,14398,0,112,21,1175979
05-08-2026,P1002,Laptop,Electronics,55999,0,8292,0,99,13,727987
06-08-2026,P1002,Laptop,Electronics,50399,10,14100,0,71,28,1411172
07-08-2026,P1002,Laptop,Electronics,55999,0,12947,0,55,16,895984
08-08-2026,P1002,Laptop,Electronics,50399,10,6617,0,27,28,1411172
09-08-2026,P1002,Laptop,Electronics,55999,0,2635,0,144,27,1511973
10-08-2026,P1002,Laptop,Electronics,55999,0,8453,0,130,14,783986
11-08-2026,P1002,Laptop,Electronics,55999,0,11891,0,115,15,839985
12-08-2026,P1002,Laptop,Electronics,55999,0,9560,0,102,13,727987
13-08-2026,P1002,Laptop,Electronics,55999,0,8303,1,70,32,1791968
14-08-2026,P1002,Laptop,Electronics,50399,10,14882,1,40,30,1511970
15-08-2026,P1002,Laptop,Electronics,55999,0,2713,1,1,39,2183961
16-08-2026,P1002,Laptop,Electronics,50399,10,15512,1,144,45,2267955
17-08-2026,P1002,Laptop,Electronics,39199,30,8465,1,108,36,1411164
18-08-2026,P1002,Laptop,Electronics,55999,0,11558,0,91,17,951983
19-08-2026,P1002,Laptop,Electronics,50399,10,6932,0,69,22,1108778
20-08-2026,P1002,Laptop,Electronics,50399,10,13511,0,51,18,907182
21-08-2026,P1002,Laptop,Electronics,55999,0,9226,0,29,22,1231978
22-08-2026,P1002,Laptop,Electronics,50399,10,9450,0,8,21,1058379
23-08-2026,P1002,Laptop,Electronics,55999,0,4989,0,144,21,1175979
24-08-2026,P1002,Laptop,Electronics,55999,0,3829,0,130,14,783986
25-08-2026,P1002,Laptop,Electronics,55999,0,9586,0,111,19,1063981
26-08-2026,P1002,Laptop,Electronics,55999,0,19433,0,88,23,1287977
27-08-2026,P1002,Laptop,Electronics,53199,5,5233,0,69,19,1010781
28-08-2026,P1002,Laptop,Electronics,47599,15,6272,0,45,24,1142376
29-08-2026,P1002,Laptop,Electronics,39199,30,6539,0,5,40,1567960
30-08-2026,P1002,Laptop,Electronics,53199,5,13866,0,144,23,1223577
31-08-2026,P1002,Laptop,Electronics,44799,20,17391,0,119,25,1119975
01-09-2026,P1002,Laptop,Electronics,55999,0,12667,0,101,18,1007982
02-09-2026,P1002,Laptop,Electronics,55999,0,9359,0,88,13,727987
03-09-2026,P1002,Laptop,Electronics,55999,0,5824,0,67,21,1175979
04-09-2026,P1002,Laptop,Electronics,55999,0,16193,0,38,29,1623971
05-09-2026,P1002,Laptop,Electronics,47599,15,16264,0,9,29,1380371
06-09-2026,P1002,Laptop,Electronics,53199,5,15280,0,144,16,851184
07-09-2026,P1002,Laptop,Electronics,55999,0,12224,0,127,17,951983
08-09-2026,P1002,Laptop,Electronics,53199,5,15161,0,111,16,851184
09-09-2026,P1002,Laptop,Electronics,55999,0,4473,0,99,12,671988
10-09-2026,P1002,Laptop,Electronics,50399,10,12744,0,72,27,1360773
11-09-2026,P1002,Laptop,Electronics,50399,10,19577,0,50,22,1108778
12-09-2026,P1002,Laptop,Electronics,55999,0,12754,0,27,23,1287977
13-09-2026,P1002,Laptop,Electronics,44799,20,19221,0,144,29,1299171
14-09-2026,P1002,Laptop,Electronics,55999,0,8973,0,121,23,1287977
15-09-2026,P1002,Laptop,Electronics,55999,0,10513,0,110,11,615989
16-09-2026,P1002,Laptop,Electronics,55999,0,13670,0,91,19,1063981
17-09-2026,P1002,Laptop,Electronics,55999,0,15931,0,67,24,1343976
18-09-2026,P1002,Laptop,Electronics,55999,0,10834,0,48,19,1063981
19-09-2026,P1002,Laptop,Electronics,55999,0,4753,0,23,25,1399975
20-09-2026,P1002,Laptop,Electronics,50399,10,14714,0,144,31,1562369
21-09-2026,P1002,Laptop,Electronics,55999,0,4155,0,131,13,727987
22-09-2026,P1002,Laptop,Electronics,55999,0,5150,0,111,20,1119980
23-09-2026,P1002,Laptop,Electronics,44799,20,6300,0,89,22,985578
24-09-2026,P1002,Laptop,Electronics,55999,0,6223,0,74,15,839985
25-09-2026,P1002,Laptop,Electronics,53199,5,9300,0,56,18,957582
26-09-2026,P1002,Laptop,Electronics,55999,0,5950,0,37,19,1063981
27-09-2026,P1002,Laptop,Electronics,55999,0,8200,0,17,20,1119980
01-01-2024,P1003,Mechanical Keyboard,Electronics,3149,10,19330,0,325,35,110215
02-01-2024,P1003,Mechanical Keyboard,Electronics,3324,5,7062,0,299,26,86424
03-01-2024,P1003,Mechanical Keyboard,Electronics,3499,0,18804,0,275,24,83976
04-01-2024,P1003,Mechanical Keyboard,Electronics,3499,0,15770,0,239,36,125964
05-01-2024,P1003,Mechanical Keyboard,Electronics,3499,0,15019,0,210,29,101471
06-01-2024,P1003,Mechanical Keyboard,Electronics,3499,0,11020,0,176,34,118966
07-01-2024,P1003,Mechanical Keyboard,Electronics,3499,0,8698,0,137,39,136461
08-01-2024,P1003,Mechanical Keyboard,Electronics,3499,0,13132,0,111,26,90974
09-01-2024,P1003,Mechanical Keyboard,Electronics,3149,10,12032,0,78,33,103917
10-01-2024,P1003,Mechanical Keyboard,Electronics,3499,0,7748,0,40,38,132962
11-01-2024,P1003,Mechanical Keyboard,Electronics,2974,15,9023,0,360,45,133830
12-01-2024,P1003,Mechanical Keyboard,Electronics,3499,0,3407,0,329,31,108469
13-01-2024,P1003,Mechanical Keyboard,Electronics,3499,0,12251,0,289,40,139960
14-01-2024,P1003,Mechanical Keyboard,Electronics,3499,0,15474,0,242,47,164453
15-01-2024,P1003,Mechanical Keyboard,Electronics,3499,0,8577,0,214,28,97972
16-01-2024,P1003,Mechanical Keyboard,Electronics,2974,15,10353,0,167,47,139778
17-01-2024,P1003,Mechanical Keyboard,Electronics,3499,0,2534,0,147,20,69980
18-01-2024,P1003,Mechanical Keyboard,Electronics,3324,5,2580,0,117,30,99720
19-01-2024,P1003,Mechanical Keyboard,Electronics,2799,20,7386,0,73,44,123156
20-01-2024,P1003,Mechanical Keyboard,Electronics,3149,10,16691,0,14,59,185791
21-01-2024,P1003,Mechanical Keyboard,Electronics,3149,10,11432,0,360,51,160599
22-01-2024,P1003,Mechanical Keyboard,Electronics,3499,0,3424,0,334,26,90974
23-01-2024,P1003,Mechanical Keyboard,Electronics,3499,0,17975,0,302,32,111968
24-01-2024,P1003,Mechanical Keyboard,Electronics,2799,20,12092,1,240,62,173538
25-01-2024,P1003,Mechanical Keyboard,Electronics,3499,0,4507,1,199,41,143459
26-01-2024,P1003,Mechanical Keyboard,Electronics,3499,0,3179,1,161,38,132962
27-01-2024,P1003,Mechanical Keyboard,Electronics,2449,30,9073,1,85,76,186124
28-01-2024,P1003,Mechanical Keyboard,Electronics,2799,20,16160,1,360,85,237915
29-01-2024,P1003,Mechanical Keyboard,Electronics,3499,0,12856,0,331,29,101471
30-01-2024,P1003,Mechanical Keyboard,Electronics,3324,5,8247,0,303,28,93072
31-01-2024,P1003,Mechanical Keyboard,Electronics,3324,5,14183,0,263,40,132960
01-02-2024,P1003,Mechanical Keyboard,Electronics,2974,15,14386,0,222,41,121934
02-02-2024,P1003,Mechanical Keyboard,Electronics,3499,0,5732,0,196,26,90974
03-02-2024,P1003,Mechanical Keyboard,Electronics,3499,0,9640,0,154,42,146958
04-02-2024,P1003,Mechanical Keyboard,Electronics,3499,0,6007,0,122,32,111968
05-02-2024,P1003,Mechanical Keyboard,Electronics,3499,0,8976,0,94,28,97972
06-02-2024,P1003,Mechanical Keyboard,Electronics,3499,0,14899,0,57,37,129463
07-02-2024,P1003,Mechanical Keyboard,Electronics,3499,0,10083,0,20,37,129463
08-02-2024,P1003,Mechanical Keyboard,Electronics,2449,30,8566,0,360,50,122450
09-02-2024,P1003,Mechanical Keyboard,Electronics,3499,0,17221,0,333,27,94473
10-02-2024,P1003,Mechanical Keyboard,Electronics,3324,5,17321,0,277,56,186144
11-02-2024,P1003,Mechanical Keyboard,Electronics,2974,15,19252,0,226,51,151674
12-02-2024,P1003,Mechanical Keyboard,Electronics,3499,0,13692,0,202,24,83976
13-02-2024,P1003,Mechanical Keyboard,Electronics,3499,0,12571,0,169,33,115467
14-02-2024,P1003,Mechanical Keyboard,Electronics,3499,0,4624,0,139,30,104970
15-02-2024,P1003,Mechanical Keyboard,Electronics,3499,0,14165,0,110,29,101471
16-02-2024,P1003,Mechanical Keyboard,Electronics,3499,0,4031,0,82,28,97972
17-02-2024,P1003,Mechanical Keyboard,Electronics,3499,0,19502,0,38,44,153956
18-02-2024,P1003,Mechanical Keyboard,Electronics,3499,0,3935,0,5,33,115467
19-02-2024,P1003,Mechanical Keyboard,Electronics,3499,0,17584,0,360,38,132962
20-02-2024,P1003,Mechanical Keyboard,Electronics,3499,0,9150,0,326,34,118966
21-02-2024,P1003,Mechanical Keyboard,Electronics,3499,0,7456,0,300,26,90974
22-02-2024,P1003,Mechanical Keyboard,Electronics,3499,0,4883,0,269,31,108469
23-02-2024,P1003,Mechanical Keyboard,Electronics,3149,10,2651,0,233,36,113364
24-02-2024,P1003,Mechanical Keyboard,Electronics,3499,0,19708,0,183,50,174950
25-02-2024,P1003,Mechanical Keyboard,Electronics,3149,10,13863,0,132,51,160599
26-02-2024,P1003,Mechanical Keyboard,Electronics,3499,0,6652,0,100,32,111968
27-02-2024,P1003,Mechanical Keyboard,Electronics,3499,0,6415,0,71,29,101471
28-02-2024,P1003,Mechanical Keyboard,Electronics,3499,0,19322,0,35,36,125964
29-02-2024,P1003,Mechanical Keyboard,Electronics,3499,0,17178,0,360,38,132962
01-03-2024,P1003,Mechanical Keyboard,Electronics,3499,0,15412,0,312,48,167952
02-03-2024,P1003,Mechanical Keyboard,Electronics,3499,0,3965,0,266,46,160954
03-03-2024,P1003,Mechanical Keyboard,Electronics,2449,30,7900,0,203,63,154287
04-03-2024,P1003,Mechanical Keyboard,Electronics,3499,0,16863,0,161,42,146958
05-03-2024,P1003,Mechanical Keyboard,Electronics,3499,0,16268,0,123,38,132962
06-03-2024,P1003,Mechanical Keyboard,Electronics,3499,0,7492,0,92,31,108469
07-03-2024,P1003,Mechanical Keyboard,Electronics,3149,10,19298,0,51,41,129109
08-03-2024,P1003,Mechanical Keyboard,Electronics,3499,0,6553,0,20,31,108469
09-03-2024,P1003,Mechanical Keyboard,Electronics,3499,0,8560,0,360,45,157455
10-03-2024,P1003,Mechanical Keyboard,Electronics,3499,0,8171,0,313,47,164453
11-03-2024,P1003,Mechanical Keyboard,Electronics,2974,15,5767,0,269,44,130856
12-03-2024,P1003,Mechanical Keyboard,Electronics,3499,0,9737,0,241,28,97972
13-03-2024,P1003,Mechanical Keyboard,Electronics,3499,0,17352,0,194,47,164453
14-03-2024,P1003,Mechanical Keyboard,Electronics,3499,0,15623,0,146,48,167952
15-03-2024,P1003,Mechanical Keyboard,Electronics,3324,5,2810,0,102,44,146256
16-03-2024,P1003,Mechanical Keyboard,Electronics,3499,0,18665,0,55,47,164453
17-03-2024,P1003,Mechanical Keyboard,Electronics,3499,0,3841,0,5,50,174950
18-03-2024,P1003,Mechanical Keyboard,Electronics,3499,0,3431,0,360,32,111968
19-03-2024,P1003,Mechanical Keyboard,Electronics,3149,10,3484,0,327,33,103917
20-03-2024,P1003,Mechanical Keyboard,Electronics,3499,0,18812,0,286,41,143459
21-03-2024,P1003,Mechanical Keyboard,Electronics,3149,10,8631,0,249,37,116513
22-03-2024,P1003,Mechanical Keyboard,Electronics,3499,0,10377,0,216,33,115467
23-03-2024,P1003,Mechanical Keyboard,Electronics,3499,0,12083,1,154,62,216938
24-03-2024,P1003,Mechanical Keyboard,Electronics,3499,0,18942,1,69,85,297415
25-03-2024,P1003,Mechanical Keyboard,Electronics,3149,10,3719,1,2,67,210983
26-03-2024,P1003,Mechanical Keyboard,Electronics,3499,0,14207,1,360,56,195944
27-03-2024,P1003,Mechanical Keyboard,Electronics,3499,0,3070,1,306,54,188946
28-03-2024,P1003,Mechanical Keyboard,Electronics,3499,0,13031,0,266,40,139960
29-03-2024,P1003,Mechanical Keyboard,Electronics,3499,0,11868,0,227,39,136461
30-03-2024,P1003,Mechanical Keyboard,Electronics,3499,0,2076,0,177,50,174950
31-03-2024,P1003,Mechanical Keyboard,Electronics,3324,5,12386,0,128,49,162876
01-04-2024,P1003,Mechanical Keyboard,Electronics,3324,5,2409,0,85,43,142932
02-04-2024,P1003,Mechanical Keyboard,Electronics,3499,0,15083,0,43,42,146958
03-04-2024,P1003,Mechanical Keyboard,Electronics,2449,30,13676,0,360,64,156736
04-04-2024,P1003,Mechanical Keyboard,Electronics,3499,0,10045,0,321,39,136461
05-04-2024,P1003,Mechanical Keyboard,Electronics,3149,10,6726,0,274,47,148003
06-04-2024,P1003,Mechanical Keyboard,Electronics,3149,10,15875,0,204,70,220430
07-04-2024,P1003,Mechanical Keyboard,Electronics,3324,5,19436,0,147,57,189468
08-04-2024,P1003,Mechanical Keyboard,Electronics,2449,30,5144,0,93,54,132246
09-04-2024,P1003,Mechanical Keyboard,Electronics,3499,0,9539,0,56,37,129463
10-04-2024,P1003,Mechanical Keyboard,Electronics,3499,0,11263,0,23,33,115467
11-04-2024,P1003,Mechanical Keyboard,Electronics,3324,5,17207,0,360,45,149580
12-04-2024,P1003,Mechanical Keyboard,Electronics,3149,10,14051,0,312,48,151152
13-04-2024,P1003,Mechanical Keyboard,Electronics,3149,10,14023,0,249,63,198387
14-04-2024,P1003,Mechanical Keyboard,Electronics,3499,0,10350,0,197,52,181948
15-04-2024,P1003,Mechanical Keyboard,Electronics,3499,0,4279,0,157,40,139960
16-04-2024,P1003,Mechanical Keyboard,Electronics,3499,0,8413,0,112,45,157455
17-04-2024,P1003,Mechanical Keyboard,Electronics,3499,0,15262,0,85,27,94473
18-04-2024,P1003,Mechanical Keyboard,Electronics,3499,0,5659,0,46,39,136461
19-04-2024,P1003,Mechanical Keyboard,Electronics,3499,0,9930,0,4,42,146958
20-04-2024,P1003,Mechanical Keyboard,Electronics,3499,0,5710,0,360,48,167952
21-04-2024,P1003,Mechanical Keyboard,Electronics,3149,10,12000,0,306,54,170046
22-04-2024,P1003,Mechanical Keyboard,Electronics,3499,0,5195,0,268,38,132962
23-04-2024,P1003,Mechanical Keyboard,Electronics,3149,10,7378,0,218,50,157450
24-04-2024,P1003,Mechanical Keyboard,Electronics,3499,0,11478,0,184,34,118966
25-04-2024,P1003,Mechanical Keyboard,Electronics,2799,20,6510,0,124,60,167940
26-04-2024,P1003,Mechanical Keyboard,Electronics,3499,0,4475,0,93,31,108469
27-04-2024,P1003,Mechanical Keyboard,Electronics,3499,0,19520,0,30,63,220437
28-04-2024,P1003,Mechanical Keyboard,Electronics,3499,0,4830,0,360,40,139960
29-04-2024,P1003,Mechanical Keyboard,Electronics,3499,0,6065,0,319,41,143459
30-04-2024,P1003,Mechanical Keyboard,Electronics,3499,0,3483,0,281,38,132962
01-05-2024,P1003,Mechanical Keyboard,Electronics,3499,0,14948,0,222,59,206441
02-05-2024,P1003,Mechanical Keyboard,Electronics,2449,30,13491,0,151,71,173879
03-05-2024,P1003,Mechanical Keyboard,Electronics,3324,5,11198,0,109,42,139608
04-05-2024,P1003,Mechanical Keyboard,Electronics,2799,20,12626,0,53,56,156744
05-05-2024,P1003,Mechanical Keyboard,Electronics,3499,0,3943,0,3,50,174950
06-05-2024,P1003,Mechanical Keyboard,Electronics,3324,5,5720,0,360,43,142932
07-05-2024,P1003,Mechanical Keyboard,Electronics,3499,0,5350,0,318,42,146958
08-05-2024,P1003,Mechanical Keyboard,Electronics,3499,0,9852,0,284,34,118966
09-05-2024,P1003,Mechanical Keyboard,Electronics,3499,0,18793,0,232,52,181948
10-05-2024,P1003,Mechanical Keyboard,Electronics,3499,0,4474,0,184,48,167952
11-05-2024,P1003,Mechanical Keyboard,Electronics,3499,0,11197,0,146,38,132962
12-05-2024,P1003,Mechanical Keyboard,Electronics,3499,0,3491,0,92,54,188946
13-05-2024,P1003,Mechanical Keyboard,Electronics,3499,0,13502,0,34,58,202942
14-05-2024,P1003,Mechanical Keyboard,Electronics,2799,20,8387,0,360,64,179136
15-05-2024,P1003,Mechanical Keyboard,Electronics,3149,10,3595,0,316,44,138556
16-05-2024,P1003,Mechanical Keyboard,Electronics,3499,0,6950,0,274,42,146958
17-05-2024,P1003,Mechanical Keyboard,Electronics,3499,0,4659,0,226,48,167952
18-05-2024,P1003,Mechanical Keyboard,Electronics,3324,5,3855,0,183,43,142932
19-05-2024,P1003,Mechanical Keyboard,Electronics,3499,0,13512,0,131,52,181948
20-05-2024,P1003,Mechanical Keyboard,Electronics,3324,5,4523,0,86,45,149580
21-05-2024,P1003,Mechanical Keyboard,Electronics,3499,0,16593,0,55,31,108469
22-05-2024,P1003,Mechanical Keyboard,Electronics,3499,0,13780,0,15,40,139960
23-05-2024,P1003,Mechanical Keyboard,Electronics,3499,0,11991,0,360,33,115467
24-05-2024,P1003,Mechanical Keyboard,Electronics,3499,0,3324,0,318,42,146958
25-05-2024,P1003,Mechanical Keyboard,Electronics,3499,0,16845,0,269,49,171451
26-05-2024,P1003,Mechanical Keyboard,Electronics,3149,10,4465,0,207,62,195238
27-05-2024,P1003,Mechanical Keyboard,Electronics,2799,20,13471,0,149,58,162342
28-05-2024,P1003,Mechanical Keyboard,Electronics,3499,0,8226,0,105,44,153956
29-05-2024,P1003,Mechanical Keyboard,Electronics,3499,0,5514,0,63,42,146958
30-05-2024,P1003,Mechanical Keyboard,Electronics,3499,0,18988,0,19,44,153956
31-05-2024,P1003,Mechanical Keyboard,Electronics,2449,30,8595,0,360,80,195920
01-06-2024,P1003,Mechanical Keyboard,Electronics,3324,5,6219,0,323,37,122988
02-06-2024,P1003,Mechanical Keyboard,Electronics,3499,0,3278,0,274,49,171451
03-06-2024,P1003,Mechanical Keyboard,Electronics,3499,0,15185,0,226,48,167952
04-06-2024,P1003,Mechanical Keyboard,Electronics,3499,0,8496,0,172,54,188946
05-06-2024,P1003,Mechanical Keyboard,Electronics,3149,10,19436,0,126,46,144854
06-06-2024,P1003,Mechanical Keyboard,Electronics,3324,5,2438,0,83,43,142932
07-06-2024,P1003,Mechanical Keyboard,Electronics,3324,5,7317,0,35,48,159552
08-06-2024,P1003,Mechanical Keyboard,Electronics,2799,20,3816,0,360,77,215523
09-06-2024,P1003,Mechanical Keyboard,Electronics,3499,0,11011,0,316,44,153956
10-06-2024,P1003,Mechanical Keyboard,Electronics,2974,15,16417,0,269,47,139778
11-06-2024,P1003,Mechanical Keyboard,Electronics,2974,15,16755,0,215,54,160596
12-06-2024,P1003,Mechanical Keyboard,Electronics,2799,20,9125,0,162,53,148347
13-06-2024,P1003,Mechanical Keyboard,Electronics,3499,0,17025,0,131,31,108469
14-06-2024,P1003,Mechanical Keyboard,Electronics,2449,30,19923,0,46,85,208165
15-06-2024,P1003,Mechanical Keyboard,Electronics,3499,0,19399,0,360,68,237932
16-06-2024,P1003,Mechanical Keyboard,Electronics,3499,0,3966,0,311,49,171451
17-06-2024,P1003,Mechanical Keyboard,Electronics,3499,0,9308,0,270,41,143459
18-06-2024,P1003,Mechanical Keyboard,Electronics,2449,30,7218,0,217,53,129797
19-06-2024,P1003,Mechanical Keyboard,Electronics,2974,15,17537,0,173,44,130856
20-06-2024,P1003,Mechanical Keyboard,Electronics,3499,0,5342,0,130,43,150457
21-06-2024,P1003,Mechanical Keyboard,Electronics,3499,0,8890,0,91,39,136461
22-06-2024,P1003,Mechanical Keyboard,Electronics,3499,0,5965,0,56,35,122465
23-06-2024,P1003,Mechanical Keyboard,Electronics,2449,30,7036,0,360,73,178777
24-06-2024,P1003,Mechanical Keyboard,Electronics,3149,10,18634,0,301,59,185791
25-06-2024,P1003,Mechanical Keyboard,Electronics,2974,15,9276,0,255,46,136804
26-06-2024,P1003,Mechanical Keyboard,Electronics,2974,15,2143,0,207,48,142752
27-06-2024,P1003,Mechanical Keyboard,Electronics,3324,5,16484,0,166,41,136284
28-06-2024,P1003,Mechanical Keyboard,Electronics,3324,5,18917,0,123,43,142932
29-06-2024,P1003,Mechanical Keyboard,Electronics,2449,30,5171,0,62,61,149389
30-06-2024,P1003,Mechanical Keyboard,Electronics,3499,0,5247,0,12,50,174950
01-07-2024,P1003,Mechanical Keyboard,Electronics,3499,0,8907,0,360,41,143459
02-07-2024,P1003,Mechanical Keyboard,Electronics,2974,15,16269,0,302,58,172492
03-07-2024,P1003,Mechanical Keyboard,Electronics,2974,15,4398,0,257,45,133830
04-07-2024,P1003,Mechanical Keyboard,Electronics,3324,5,9891,0,208,49,162876
05-07-2024,P1003,Mechanical Keyboard,Electronics,3499,0,6404,0,161,47,164453
06-07-2024,P1003,Mechanical Keyboard,Electronics,3149,10,7254,0,104,57,179493
07-07-2024,P1003,Mechanical Keyboard,Electronics,3499,0,13735,0,49,55,192445
08-07-2024,P1003,Mechanical Keyboard,Electronics,3499,0,15398,0,3,46,160954
09-07-2024,P1003,Mechanical Keyboard,Electronics,3149,10,3937,0,360,36,113364
10-07-2024,P1003,Mechanical Keyboard,Electronics,3324,5,16661,0,321,39,129636
11-07-2024,P1003,Mechanical Keyboard,Electronics,3324,5,6026,0,279,42,139608
12-07-2024,P1003,Mechanical Keyboard,Electronics,3499,0,8760,0,245,34,118966
13-07-2024,P1003,Mechanical Keyboard,Electronics,3499,0,2809,0,206,39,136461
14-07-2024,P1003,Mechanical Keyboard,Electronics,3499,0,7161,0,172,34,118966
15-07-2024,P1003,Mechanical Keyboard,Electronics,3499,0,12935,0,128,44,153956
16-07-2024,P1003,Mechanical Keyboard,Electronics,3499,0,17633,0,82,46,160954
17-07-2024,P1003,Mechanical Keyboard,Electronics,3499,0,15819,0,44,38,132962
18-07-2024,P1003,Mechanical Keyboard,Electronics,3324,5,2998,0,360,59,196116
19-07-2024,P1003,Mechanical Keyboard,Electronics,3499,0,2095,0,326,34,118966
20-07-2024,P1003,Mechanical Keyboard,Electronics,2974,15,18416,0,257,69,205206
21-07-2024,P1003,Mechanical Keyboard,Electronics,3499,0,2835,0,201,56,195944
22-07-2024,P1003,Mechanical Keyboard,Electronics,3499,0,11273,0,156,45,157455
23-07-2024,P1003,Mechanical Keyboard,Electronics,3149,10,14793,0,99,57,179493
24-07-2024,P1003,Mechanical Keyboard,Electronics,3499,0,10478,0,58,41,143459
25-07-2024,P1003,Mechanical Keyboard,Electronics,3499,0,13509,0,24,34,118966
26-07-2024,P1003,Mechanical Keyboard,Electronics,2974,15,9016,0,360,47,139778
27-07-2024,P1003,Mechanical Keyboard,Electronics,3499,0,14567,0,313,47,164453
28-07-2024,P1003,Mechanical Keyboard,Electronics,3499,0,3710,0,264,49,171451
29-07-2024,P1003,Mechanical Keyboard,Electronics,3499,0,11005,0,233,31,108469
30-07-2024,P1003,Mechanical Keyboard,Electronics,3499,0,18665,0,205,28,97972
31-07-2024,P1003,Mechanical Keyboard,Electronics,3499,0,16150,0,162,43,150457
01-08-2024,P1003,Mechanical Keyboard,Electronics,3499,0,8438,0,118,44,153956
02-08-2024,P1003,Mechanical Keyboard,Electronics,3499,0,8362,0,85,33,115467
03-08-2024,P1003,Mechanical Keyboard,Electronics,3324,5,8225,0,28,57,189468
04-08-2024,P1003,Mechanical Keyboard,Electronics,3499,0,18472,0,360,53,185447
05-08-2024,P1003,Mechanical Keyboard,Electronics,3499,0,18157,0,318,42,146958
06-08-2024,P1003,Mechanical Keyboard,Electronics,3324,5,16340,0,280,38,126312
07-08-2024,P1003,Mechanical Keyboard,Electronics,3149,10,11025,0,232,48,151152
08-08-2024,P1003,Mechanical Keyboard,Electronics,3499,0,16178,0,196,36,125964
09-08-2024,P1003,Mechanical Keyboard,Electronics,3499,0,13412,0,148,48,167952
10-08-2024,P1003,Mechanical Keyboard,Electronics,3499,0,7497,0,101,47,164453
11-08-2024,P1003,Mechanical Keyboard,Electronics,3499,0,18043,0,57,44,153956
12-08-2024,P1003,Mechanical Keyboard,Electronics,3499,0,2733,0,19,38,132962
13-08-2024,P1003,Mechanical Keyboard,Electronics,3149,10,11153,1,360,53,166897
14-08-2024,P1003,Mechanical Keyboard,Electronics,3499,0,5688,1,296,64,223936
15-08-2024,P1003,Mechanical Keyboard,Electronics,3499,0,6909,1,235,61,213439
16-08-2024,P1003,Mechanical Keyboard,Electronics,2799,20,6128,1,152,83,232317
17-08-2024,P1003,Mechanical Keyboard,Electronics,3499,0,2638,1,79,73,255427
18-08-2024,P1003,Mechanical Keyboard,Electronics,3324,5,11879,0,20,59,196116
19-08-2024,P1003,Mechanical Keyboard,Electronics,3324,5,10578,0,360,46,152904
20-08-2024,P1003,Mechanical Keyboard,Electronics,3499,0,8039,0,324,36,125964
21-08-2024,P1003,Mechanical Keyboard,Electronics,3499,0,19576,0,286,38,132962
22-08-2024,P1003,Mechanical Keyboard,Electronics,3499,0,11597,0,245,41,143459
23-08-2024,P1003,Mechanical Keyboard,Electronics,2449,30,8060,0,184,61,149389
24-08-2024,P1003,Mechanical Keyboard,Electronics,3149,10,17128,0,137,47,148003
25-08-2024,P1003,Mechanical Keyboard,Electronics,3499,0,2214,0,93,44,153956
26-08-2024,P1003,Mechanical Keyboard,Electronics,2974,15,16656,0,46,47,139778
27-08-2024,P1003,Mechanical Keyboard,Electronics,3499,0,8240,0,13,33,115467
28-08-2024,P1003,Mechanical Keyboard,Electronics,3499,0,10041,0,360,33,115467
29-08-2024,P1003,Mechanical Keyboard,Electronics,3499,0,10656,0,320,40,139960
30-08-2024,P1003,Mechanical Keyboard,Electronics,3499,0,2659,0,290,30,104970
31-08-2024,P1003,Mechanical Keyboard,Electronics,3499,0,19628,0,248,42,146958
01-09-2024,P1003,Mechanical Keyboard,Electronics,3149,10,11165,0,211,37,116513
02-09-2024,P1003,Mechanical Keyboard,Electronics,2799,20,3856,0,161,50,139950
03-09-2024,P1003,Mechanical Keyboard,Electronics,3499,0,15051,0,130,31,108469
04-09-2024,P1003,Mechanical Keyboard,Electronics,3499,0,19935,0,97,33,115467
05-09-2024,P1003,Mechanical Keyboard,Electronics,2799,20,4914,0,40,57,159543
06-09-2024,P1003,Mechanical Keyboard,Electronics,3499,0,15524,0,360,42,146958
07-09-2024,P1003,Mechanical Keyboard,Electronics,2449,30,18954,0,270,90,220410
08-09-2024,P1003,Mechanical Keyboard,Electronics,3499,0,11653,0,223,47,164453
09-09-2024,P1003,Mechanical Keyboard,Electronics,3499,0,10483,0,185,38,132962
10-09-2024,P1003,Mechanical Keyboard,Electronics,2449,30,14697,0,122,63,154287
11-09-2024,P1003,Mechanical Keyboard,Electronics,2974,15,5114,0,69,53,157622
12-09-2024,P1003,Mechanical Keyboard,Electronics,2974,15,3265,0,25,44,130856
13-09-2024,P1003,Mechanical Keyboard,Electronics,3499,0,19281,0,360,32,111968
14-09-2024,P1003,Mechanical Keyboard,Electronics,3499,0,18330,0,317,43,150457
15-09-2024,P1003,Mechanical Keyboard,Electronics,3499,0,15420,0,270,47,164453
16-09-2024,P1003,Mechanical Keyboard,Electronics,3149,10,14847,0,226,44,138556
17-09-2024,P1003,Mechanical Keyboard,Electronics,3499,0,19230,0,186,40,139960
18-09-2024,P1003,Mechanical Keyboard,Electronics,3324,5,16930,0,153,33,109692
19-09-2024,P1003,Mechanical Keyboard,Electronics,3324,5,3861,0,124,29,96396
20-09-2024,P1003,Mechanical Keyboard,Electronics,2974,15,13887,0,86,38,113012
21-09-2024,P1003,Mechanical Keyboard,Electronics,2449,30,15878,0,360,89,217961
22-09-2024,P1003,Mechanical Keyboard,Electronics,3324,5,7121,0,306,54,179496
23-09-2024,P1003,Mechanical Keyboard,Electronics,3499,0,7358,0,276,30,104970
24-09-2024,P1003,Mechanical Keyboard,Electronics,3499,0,9848,0,230,46,160954
25-09-2024,P1003,Mechanical Keyboard,Electronics,3499,0,7622,0,207,23,80477
26-09-2024,P1003,Mechanical Keyboard,Electronics,3499,0,4280,0,181,26,90974
27-09-2024,P1003,Mechanical Keyboard,Electronics,3499,0,19102,0,152,29,101471
28-09-2024,P1003,Mechanical Keyboard,Electronics,2974,15,3918,0,100,52,154648
29-09-2024,P1003,Mechanical Keyboard,Electronics,3499,0,5786,0,55,45,157455
30-09-2024,P1003,Mechanical Keyboard,Electronics,3499,0,2833,0,27,28,97972
01-10-2024,P1003,Mechanical Keyboard,Electronics,3499,0,18574,0,360,35,122465
02-10-2024,P1003,Mechanical Keyboard,Electronics,3499,0,18155,0,338,22,76978
03-10-2024,P1003,Mechanical Keyboard,Electronics,3499,0,8122,0,305,33,115467
04-10-2024,P1003,Mechanical Keyboard,Electronics,3499,0,15400,0,277,28,97972
05-10-2024,P1003,Mechanical Keyboard,Electronics,3499,0,11705,0,225,52,181948
06-10-2024,P1003,Mechanical Keyboard,Electronics,3499,0,7722,0,175,50,174950
07-10-2024,P1003,Mechanical Keyboard,Electronics,3499,0,14360,0,150,25,87475
08-10-2024,P1003,Mechanical Keyboard,Electronics,3499,0,13896,0,108,42,146958
09-10-2024,P1003,Mechanical Keyboard,Electronics,3499,0,2884,0,90,18,62982
10-10-2024,P1003,Mechanical Keyboard,Electronics,3499,0,8267,0,62,28,97972
11-10-2024,P1003,Mechanical Keyboard,Electronics,2799,20,4138,0,22,40,111960
12-10-2024,P1003,Mechanical Keyboard,Electronics,3499,0,18577,0,360,34,118966
13-10-2024,P1003,Mechanical Keyboard,Electronics,3324,5,16563,0,309,51,169524
14-10-2024,P1003,Mechanical Keyboard,Electronics,3499,0,10796,0,272,37,129463
15-10-2024,P1003,Mechanical Keyboard,Electronics,3499,0,5700,0,245,27,94473
16-10-2024,P1003,Mechanical Keyboard,Electronics,3499,0,9512,0,209,36,125964
17-10-2024,P1003,Mechanical Keyboard,Electronics,3324,5,2000,0,187,22,73128
18-10-2024,P1003,Mechanical Keyboard,Electronics,2974,15,14918,0,139,48,142752
19-10-2024,P1003,Mechanical Keyboard,Electronics,3149,10,15038,0,83,56,176344
20-10-2024,P1003,Mechanical Keyboard,Electronics,3499,0,8500,0,42,41,143459
21-10-2024,P1003,Mechanical Keyboard,Electronics,3499,0,6952,0,5,37,129463
22-10-2024,P1003,Mechanical Keyboard,Electronics,2974,15,5188,0,360,38,113012
23-10-2024,P1003,Mechanical Keyboard,Electronics,3499,0,2060,0,335,25,87475
24-10-2024,P1003,Mechanical Keyboard,Electronics,3499,0,16139,0,314,21,73479
25-10-2024,P1003,Mechanical Keyboard,Electronics,3499,0,18751,0,270,44,153956
26-10-2024,P1003,Mechanical Keyboard,Electronics,3324,5,7517,0,217,53,176172
27-10-2024,P1003,Mechanical Keyboard,Electronics,3499,0,18453,0,186,31,108469
28-10-2024,P1003,Mechanical Keyboard,Electronics,3499,0,9638,0,154,32,111968
29-10-2024,P1003,Mechanical Keyboard,Electronics,3149,10,6018,0,113,41,129109
30-10-2024,P1003,Mechanical Keyboard,Electronics,3324,5,8374,1,68,45,149580
31-10-2024,P1003,Mechanical Keyboard,Electronics,3149,10,10444,1,6,62,195238
01-11-2024,P1003,Mechanical Keyboard,Electronics,3499,0,19197,1,360,45,157455
02-11-2024,P1003,Mechanical Keyboard,Electronics,2799,20,18050,1,270,90,251910
03-11-2024,P1003,Mechanical Keyboard,Electronics,3499,0,15574,1,198,72,251928
04-11-2024,P1003,Mechanical Keyboard,Electronics,3499,0,13983,0,161,37,129463
05-11-2024,P1003,Mechanical Keyboard,Electronics,3499,0,19772,0,131,30,104970
06-11-2024,P1003,Mechanical Keyboard,Electronics,3324,5,11883,0,87,44,146256
07-11-2024,P1003,Mechanical Keyboard,Electronics,3499,0,4214,0,53,34,118966
08-11-2024,P1003,Mechanical Keyboard,Electronics,3499,0,10793,0,24,29,101471
09-11-2024,P1003,Mechanical Keyboard,Electronics,2449,30,9512,0,360,71,173879
10-11-2024,P1003,Mechanical Keyboard,Electronics,3499,0,12447,0,325,35,122465
11-11-2024,P1003,Mechanical Keyboard,Electronics,3499,0,5476,0,297,28,97972
12-11-2024,P1003,Mechanical Keyboard,Electronics,3499,0,17213,0,262,35,122465
13-11-2024,P1003,Mechanical Keyboard,Electronics,3499,0,18763,0,226,36,125964
14-11-2024,P1003,Mechanical Keyboard,Electronics,3499,0,14898,0,195,31,108469
15-11-2024,P1003,Mechanical Keyboard,Electronics,3499,0,12163,0,165,30,104970
16-11-2024,P1003,Mechanical Keyboard,Electronics,3499,0,10860,0,124,41,143459
17-11-2024,P1003,Mechanical Keyboard,Electronics,3499,0,14245,0,83,41,143459
18-11-2024,P1003,Mechanical Keyboard,Electronics,3324,5,14769,0,40,43,142932
19-11-2024,P1003,Mechanical Keyboard,Electronics,3499,0,14233,0,17,23,80477
20-11-2024,P1003,Mechanical Keyboard,Electronics,3149,10,9831,0,360,33,103917
21-11-2024,P1003,Mechanical Keyboard,Electronics,3499,0,6401,0,325,35,122465
22-11-2024,P1003,Mechanical Keyboard,Electronics,3499,0,6590,0,294,31,108469
23-11-2024,P1003,Mechanical Keyboard,Electronics,3324,5,13057,0,244,50,166200
24-11-2024,P1003,Mechanical Keyboard,Electronics,3324,5,12826,0,208,36,119664
25-11-2024,P1003,Mechanical Keyboard,Electronics,3324,5,18803,0,169,39,129636
26-11-2024,P1003,Mechanical Keyboard,Electronics,3324,5,9930,0,147,22,73128
27-11-2024,P1003,Mechanical Keyboard,Electronics,2799,20,16489,0,87,60,167940
28-11-2024,P1003,Mechanical Keyboard,Electronics,3499,0,12525,0,60,27,94473
29-11-2024,P1003,Mechanical Keyboard,Electronics,3149,10,14093,0,18,42,132258
30-11-2024,P1003,Mechanical Keyboard,Electronics,3499,0,2415,0,360,29,101471
01-12-2024,P1003,Mechanical Keyboard,Electronics,3499,0,19382,0,317,43,150457
02-12-2024,P1003,Mechanical Keyboard,Electronics,3499,0,15054,0,290,27,94473
03-12-2024,P1003,Mechanical Keyboard,Electronics,3499,0,6753,0,257,33,115467
04-12-2024,P1003,Mechanical Keyboard,Electronics,3499,0,16125,0,225,32,111968
05-12-2024,P1003,Mechanical Keyboard,Electronics,3499,0,13275,0,196,29,101471
06-12-2024,P1003,Mechanical Keyboard,Electronics,3499,0,19932,0,166,30,104970
07-12-2024,P1003,Mechanical Keyboard,Electronics,2799,20,9578,0,115,51,142749
08-12-2024,P1003,Mechanical Keyboard,Electronics,2449,30,13138,0,48,67,164083
09-12-2024,P1003,Mechanical Keyboard,Electronics,2974,15,3508,0,23,25,74350
10-12-2024,P1003,Mechanical Keyboard,Electronics,3499,0,18115,0,360,40,139960
11-12-2024,P1003,Mechanical Keyboard,Electronics,3499,0,16044,0,326,34,118966
12-12-2024,P1003,Mechanical Keyboard,Electronics,3499,0,13266,0,295,31,108469
13-12-2024,P1003,Mechanical Keyboard,Electronics,3499,0,6593,0,269,26,90974
14-12-2024,P1003,Mechanical Keyboard,Electronics,3149,10,17029,0,220,49,154301
15-12-2024,P1003,Mechanical Keyboard,Electronics,3499,0,9808,0,186,34,118966
16-12-2024,P1003,Mechanical Keyboard,Electronics,2449,30,2931,0,131,55,134695
17-12-2024,P1003,Mechanical Keyboard,Electronics,3499,0,13432,0,105,26,90974
18-12-2024,P1003,Mechanical Keyboard,Electronics,2449,30,13454,0,57,48,117552
19-12-2024,P1003,Mechanical Keyboard,Electronics,2449,30,9897,0,9,48,117552
20-12-2024,P1003,Mechanical Keyboard,Electronics,3324,5,15881,0,360,35,116340
21-12-2024,P1003,Mechanical Keyboard,Electronics,3499,0,13097,0,313,47,164453
22-12-2024,P1003,Mechanical Keyboard,Electronics,3499,0,3525,0,274,39,136461
23-12-2024,P1003,Mechanical Keyboard,Electronics,3499,0,9333,1,214,60,209940
24-12-2024,P1003,Mechanical Keyboard,Electronics,3499,0,13762,1,162,52,181948
25-12-2024,P1003,Mechanical Keyboard,Electronics,2799,20,15489,1,77,85,237915
26-12-2024,P1003,Mechanical Keyboard,Electronics,2449,30,13744,1,9,68,166532
27-12-2024,P1003,Mechanical Keyboard,Electronics,3324,5,3176,1,360,47,156228
28-12-2024,P1003,Mechanical Keyboard,Electronics,3499,0,8270,0,316,44,153956
29-12-2024,P1003,Mechanical Keyboard,Electronics,3499,0,19223,0,260,56,195944
30-12-2024,P1003,Mechanical Keyboard,Electronics,3499,0,15912,0,230,30,104970
31-12-2024,P1003,Mechanical Keyboard,Electronics,3499,0,9093,0,196,34,118966
01-01-2025,P1003,Mechanical Keyboard,Electronics,2799,20,5858,0,139,57,159543
02-01-2025,P1003,Mechanical Keyboard,Electronics,3149,10,18554,0,98,41,129109
03-01-2025,P1003,Mechanical Keyboard,Electronics,2974,15,17171,0,56,42,124908
04-01-2025,P1003,Mechanical Keyboard,Electronics,2974,15,5456,0,2,54,160596
05-01-2025,P1003,Mechanical Keyboard,Electronics,3499,0,16965,0,360,41,143459
06-01-2025,P1003,Mechanical Keyboard,Electronics,3499,0,11261,0,328,32,111968
07-01-2025,P1003,Mechanical Keyboard,Electronics,2974,15,14195,0,277,51,151674
08-01-2025,P1003,Mechanical Keyboard,Electronics,3499,0,3563,0,241,36,125964
09-01-2025,P1003,Mechanical Keyboard,Electronics,3499,0,10448,0,209,32,111968
10-01-2025,P1003,Mechanical Keyboard,Electronics,3324,5,19496,0,177,32,106368
11-01-2025,P1003,Mechanical Keyboard,Electronics,3499,0,16542,0,130,47,164453
12-01-2025,P1003,Mechanical Keyboard,Electronics,2974,15,10190,0,81,49,145726
13-01-2025,P1003,Mechanical Keyboard,Electronics,3499,0,18161,0,40,41,143459
14-01-2025,P1003,Mechanical Keyboard,Electronics,2974,15,16248,0,360,45,133830
15-01-2025,P1003,Mechanical Keyboard,Electronics,3499,0,18813,0,310,50,174950
16-01-2025,P1003,Mechanical Keyboard,Electronics,3499,0,5500,0,269,41,143459
17-01-2025,P1003,Mechanical Keyboard,Electronics,3499,0,8808,0,239,30,104970
18-01-2025,P1003,Mechanical Keyboard,Electronics,2449,30,15997,0,167,72,176328
19-01-2025,P1003,Mechanical Keyboard,Electronics,2799,20,12405,0,106,61,170739
20-01-2025,P1003,Mechanical Keyboard,Electronics,3499,0,3147,0,67,39,136461
21-01-2025,P1003,Mechanical Keyboard,Electronics,3499,0,7364,0,31,36,125964
22-01-2025,P1003,Mechanical Keyboard,Electronics,2449,30,18070,0,360,60,146940
23-01-2025,P1003,Mechanical Keyboard,Electronics,3324,5,17000,0,317,43,142932
24-01-2025,P1003,Mechanical Keyboard,Electronics,3499,0,16693,1,267,50,174950
25-01-2025,P1003,Mechanical Keyboard,Electronics,3149,10,9999,1,179,88,277112
26-01-2025,P1003,Mechanical Keyboard,Electronics,3499,0,6825,1,111,68,237932
27-01-2025,P1003,Mechanical Keyboard,Electronics,3499,0,10604,1,68,43,150457
28-01-2025,P1003,Mechanical Keyboard,Electronics,2449,30,16002,1,360,81,198369
29-01-2025,P1003,Mechanical Keyboard,Electronics,3499,0,2543,0,333,27,94473
30-01-2025,P1003,Mechanical Keyboard,Electronics,3499,0,16320,0,300,33,115467
31-01-2025,P1003,Mechanical Keyboard,Electronics,2799,20,12336,0,250,50,139950
01-02-2025,P1003,Mechanical Keyboard,Electronics,3499,0,9707,0,206,44,153956
02-02-2025,P1003,Mechanical Keyboard,Electronics,2974,15,17268,0,140,66,196284
03-02-2025,P1003,Mechanical Keyboard,Electronics,2974,15,17719,0,81,59,175466
04-02-2025,P1003,Mechanical Keyboard,Electronics,3499,0,6040,0,41,40,139960
05-02-2025,P1003,Mechanical Keyboard,Electronics,3499,0,12887,0,360,45,157455
06-02-2025,P1003,Mechanical Keyboard,Electronics,3149,10,9338,0,325,35,110215
07-02-2025,P1003,Mechanical Keyboard,Electronics,3499,0,12103,0,286,39,136461
08-02-2025,P1003,Mechanical Keyboard,Electronics,2974,15,9829,0,227,59,175466
09-02-2025,P1003,Mechanical Keyboard,Electronics,3324,5,7323,0,178,49,162876
10-02-2025,P1003,Mechanical Keyboard,Electronics,3499,0,12150,0,147,31,108469
11-02-2025,P1003,Mechanical Keyboard,Electronics,3499,0,5050,0,108,39,136461
12-02-2025,P1003,Mechanical Keyboard,Electronics,3149,10,18137,0,60,48,151152
13-02-2025,P1003,Mechanical Keyboard,Electronics,3149,10,19722,0,17,43,135407
14-02-2025,P1003,Mechanical Keyboard,Electronics,3499,0,9028,0,360,41,143459
15-02-2025,P1003,Mechanical Keyboard,Electronics,2799,20,16213,0,284,76,212724
16-02-2025,P1003,Mechanical Keyboard,Electronics,3499,0,17039,0,236,48,167952
17-02-2025,P1003,Mechanical Keyboard,Electronics,3499,0,6773,0,197,39,136461
18-02-2025,P1003,Mechanical Keyboard,Electronics,3324,5,10387,0,148,49,162876
19-02-2025,P1003,Mechanical Keyboard,Electronics,2799,20,18208,0,99,49,137151
20-02-2025,P1003,Mechanical Keyboard,Electronics,3499,0,16819,0,57,42,146958
21-02-2025,P1003,Mechanical Keyboard,Electronics,3499,0,9732,0,21,36,125964
22-02-2025,P1003,Mechanical Keyboard,Electronics,3499,0,8035,0,360,56,195944
23-02-2025,P1003,Mechanical Keyboard,Electronics,3149,10,10726,0,304,56,176344
24-02-2025,P1003,Mechanical Keyboard,Electronics,3499,0,6496,0,263,41,143459
25-02-2025,P1003,Mechanical Keyboard,Electronics,3499,0,5157,0,215,48,167952
26-02-2025,P1003,Mechanical Keyboard,Electronics,3499,0,19438,0,181,34,118966
27-02-2025,P1003,Mechanical Keyboard,Electronics,3499,0,7515,0,153,28,97972
28-02-2025,P1003,Mechanical Keyboard,Electronics,3499,0,3104,0,116,37,129463
01-03-2025,P1003,Mechanical Keyboard,Electronics,3499,0,7276,0,71,45,157455
02-03-2025,P1003,Mechanical Keyboard,Electronics,3499,0,14647,0,31,40,139960
03-03-2025,P1003,Mechanical Keyboard,Electronics,3149,10,15080,0,360,44,138556
04-03-2025,P1003,Mechanical Keyboard,Electronics,2449,30,3877,0,309,51,124899
05-03-2025,P1003,Mechanical Keyboard,Electronics,3499,0,13682,0,265,44,153956
06-03-2025,P1003,Mechanical Keyboard,Electronics,3324,5,9801,0,217,48,159552
07-03-2025,P1003,Mechanical Keyboard,Electronics,3499,0,14319,0,180,37,129463
08-03-2025,P1003,Mechanical Keyboard,Electronics,3499,0,14806,0,138,42,146958
09-03-2025,P1003,Mechanical Keyboard,Electronics,3149,10,13435,0,83,55,173195
10-03-2025,P1003,Mechanical Keyboard,Electronics,3499,0,18304,0,36,47,164453
11-03-2025,P1003,Mechanical Keyboard,Electronics,3149,10,11115,0,360,47,148003
12-03-2025,P1003,Mechanical Keyboard,Electronics,3324,5,15042,1,279,81,269244
13-03-2025,P1003,Mechanical Keyboard,Electronics,3324,5,14354,1,206,73,242652
14-03-2025,P1003,Mechanical Keyboard,Electronics,3499,0,15722,1,148,58,202942
15-03-2025,P1003,Mechanical Keyboard,Electronics,3499,0,6816,1,100,48,167952
16-03-2025,P1003,Mechanical Keyboard,Electronics,3324,5,19516,1,11,89,295836
17-03-2025,P1003,Mechanical Keyboard,Electronics,2974,15,6705,0,360,45,133830
18-03-2025,P1003,Mechanical Keyboard,Electronics,3499,0,16030,0,327,33,115467
19-03-2025,P1003,Mechanical Keyboard,Electronics,3149,10,17504,0,264,63,198387
20-03-2025,P1003,Mechanical Keyboard,Electronics,3499,0,17298,0,223,41,143459
21-03-2025,P1003,Mechanical Keyboard,Electronics,3499,0,6354,0,175,48,167952
22-03-2025,P1003,Mechanical Keyboard,Electronics,3324,5,19318,0,119,56,186144
23-03-2025,P1003,Mechanical Keyboard,Electronics,3499,0,3874,0,79,40,139960
24-03-2025,P1003,Mechanical Keyboard,Electronics,3499,0,10586,0,43,36,125964
25-03-2025,P1003,Mechanical Keyboard,Electronics,3324,5,2425,0,360,46,152904
26-03-2025,P1003,Mechanical Keyboard,Electronics,3324,5,13739,0,314,46,152904
27-03-2025,P1003,Mechanical Keyboard,Electronics,2974,15,2018,0,264,50,148700
28-03-2025,P1003,Mechanical Keyboard,Electronics,3149,10,8638,0,219,45,141705
29-03-2025,P1003,Mechanical Keyboard,Electronics,3499,0,18547,0,152,67,234433
30-03-2025,P1003,Mechanical Keyboard,Electronics,3499,0,16198,0,92,60,209940
31-03-2025,P1003,Mechanical Keyboard,Electronics,3499,0,4228,0,47,45,157455
01-04-2025,P1003,Mechanical Keyboard,Electronics,3499,0,18538,0,360,48,167952
02-04-2025,P1003,Mechanical Keyboard,Electronics,3499,0,10183,0,319,41,143459
03-04-2025,P1003,Mechanical Keyboard,Electronics,3499,0,18889,0,276,43,150457
04-04-2025,P1003,Mechanical Keyboard,Electronics,2799,20,19467,0,194,82,229518
05-04-2025,P1003,Mechanical Keyboard,Electronics,3499,0,19777,0,143,51,178449
06-04-2025,P1003,Mechanical Keyboard,Electronics,2449,30,14405,0,54,89,217961
07-04-2025,P1003,Mechanical Keyboard,Electronics,3499,0,18995,0,6,48,167952
08-04-2025,P1003,Mechanical Keyboard,Electronics,3499,0,17950,0,360,57,199443
09-04-2025,P1003,Mechanical Keyboard,Electronics,3324,5,7025,0,315,45,149580
10-04-2025,P1003,Mechanical Keyboard,Electronics,3499,0,12408,0,274,41,143459
11-04-2025,P1003,Mechanical Keyboard,Electronics,3499,0,4511,0,229,45,157455
12-04-2025,P1003,Mechanical Keyboard,Electronics,3499,0,19979,0,176,53,185447
13-04-2025,P1003,Mechanical Keyboard,Electronics,3324,5,14871,0,113,63,209412
14-04-2025,P1003,Mechanical Keyboard,Electronics,2974,15,16903,0,57,56,166544
15-04-2025,P1003,Mechanical Keyboard,Electronics,3499,0,18362,0,4,53,185447
16-04-2025,P1003,Mechanical Keyboard,Electronics,2974,15,19434,0,360,67,199258
17-04-2025,P1003,Mechanical Keyboard,Electronics,2974,15,13654,0,305,55,163570
18-04-2025,P1003,Mechanical Keyboard,Electronics,3499,0,17352,0,255,50,174950
19-04-2025,P1003,Mechanical Keyboard,Electronics,2449,30,12278,0,165,90,220410
20-04-2025,P1003,Mechanical Keyboard,Electronics,3499,0,14351,0,110,55,192445
21-04-2025,P1003,Mechanical Keyboard,Electronics,2449,30,15817,0,43,67,164083
22-04-2025,P1003,Mechanical Keyboard,Electronics,3499,0,16875,0,360,46,160954
23-04-2025,P1003,Mechanical Keyboard,Electronics,3499,0,6737,0,317,43,150457
24-04-2025,P1003,Mechanical Keyboard,Electronics,3499,0,17259,0,251,66,230934
25-04-2025,P1003,Mechanical Keyboard,Electronics,3149,10,7136,0,197,54,170046
26-04-2025,P1003,Mechanical Keyboard,Electronics,2799,20,10076,0,123,74,207126
27-04-2025,P1003,Mechanical Keyboard,Electronics,3499,0,8568,0,59,64,223936
28-04-2025,P1003,Mechanical Keyboard,Electronics,3499,0,15304,0,19,40,139960
29-04-2025,P1003,Mechanical Keyboard,Electronics,2799,20,3468,0,360,56,156744
30-04-2025,P1003,Mechanical Keyboard,Electronics,3499,0,7058,0,323,37,129463
01-05-2025,P1003,Mechanical Keyboard,Electronics,2799,20,9768,0,263,60,167940
02-05-2025,P1003,Mechanical Keyboard,Electronics,2449,30,4111,0,185,78,191022
03-05-2025,P1003,Mechanical Keyboard,Electronics,2449,30,7674,0,113,72,176328
04-05-2025,P1003,Mechanical Keyboard,Electronics,3499,0,15553,0,51,62,216938
05-05-2025,P1003,Mechanical Keyboard,Electronics,3499,0,14755,0,360,52,181948
06-05-2025,P1003,Mechanical Keyboard,Electronics,2974,15,12607,0,299,61,181414
07-05-2025,P1003,Mechanical Keyboard,Electronics,3324,5,8743,0,258,41,136284
08-05-2025,P1003,Mechanical Keyboard,Electronics,2974,15,3699,0,199,59,175466
09-05-2025,P1003,Mechanical Keyboard,Electronics,2974,15,5109,0,136,63,187362
10-05-2025,P1003,Mechanical Keyboard,Electronics,3499,0,8512,0,83,53,185447
11-05-2025,P1003,Mechanical Keyboard,Electronics,3499,0,9651,0,23,60,209940
12-05-2025,P1003,Mechanical Keyboard,Electronics,3499,0,8534,0,360,43,150457
13-05-2025,P1003,Mechanical Keyboard,Electronics,2799,20,11906,0,291,69,193131
14-05-2025,P1003,Mechanical Keyboard,Electronics,2449,30,7673,0,224,67,164083
15-05-2025,P1003,Mechanical Keyboard,Electronics,3499,0,16220,0,182,42,146958
16-05-2025,P1003,Mechanical Keyboard,Electronics,3499,0,19547,0,133,49,171451
17-05-2025,P1003,Mechanical Keyboard,Electronics,3499,0,7264,0,73,60,209940
18-05-2025,P1003,Mechanical Keyboard,Electronics,3499,0,14291,0,24,49,171451
19-05-2025,P1003,Mechanical Keyboard,Electronics,3499,0,14432,0,360,39,136461
20-05-2025,P1003,Mechanical Keyboard,Electronics,3499,0,15516,0,319,41,143459
21-05-2025,P1003,Mechanical Keyboard,Electronics,2799,20,17773,0,259,60,167940
22-05-2025,P1003,Mechanical Keyboard,Electronics,3499,0,14951,0,204,55,192445
23-05-2025,P1003,Mechanical Keyboard,Electronics,3499,0,17906,0,150,54,188946
24-05-2025,P1003,Mechanical Keyboard,Electronics,3499,0,14754,0,89,61,213439
25-05-2025,P1003,Mechanical Keyboard,Electronics,3499,0,14623,0,16,73,255427
26-05-2025,P1003,Mechanical Keyboard,Electronics,3499,0,2316,0,360,45,157455
27-05-2025,P1003,Mechanical Keyboard,Electronics,3499,0,9156,0,301,59,206441
28-05-2025,P1003,Mechanical Keyboard,Electronics,3499,0,8365,0,258,43,150457
29-05-2025,P1003,Mechanical Keyboard,Electronics,3324,5,12658,0,203,55,182820
30-05-2025,P1003,Mechanical Keyboard,Electronics,3499,0,5140,0,167,36,125964
31-05-2025,P1003,Mechanical Keyboard,Electronics,3149,10,4162,0,98,69,217281
01-06-2025,P1003,Mechanical Keyboard,Electronics,3499,0,4925,0,43,55,192445
02-06-2025,P1003,Mechanical Keyboard,Electronics,2974,15,4314,0,360,59,175466
03-06-2025,P1003,Mechanical Keyboard,Electronics,3499,0,3434,0,325,35,122465
04-06-2025,P1003,Mechanical Keyboard,Electronics,2799,20,8780,0,261,64,179136
05-06-2025,P1003,Mechanical Keyboard,Electronics,3499,0,13683,0,226,35,122465
06-06-2025,P1003,Mechanical Keyboard,Electronics,3499,0,6469,0,186,40,139960
07-06-2025,P1003,Mechanical Keyboard,Electronics,3324,5,15447,0,114,72,239328
08-06-2025,P1003,Mechanical Keyboard,Electronics,3499,0,15628,0,48,66,230934
09-06-2025,P1003,Mechanical Keyboard,Electronics,3149,10,3414,0,360,52,163748
10-06-2025,P1003,Mechanical Keyboard,Electronics,2974,15,10335,0,307,53,157622
11-06-2025,P1003,Mechanical Keyboard,Electronics,3499,0,11517,0,261,46,160954
12-06-2025,P1003,Mechanical Keyboard,Electronics,3499,0,5599,0,218,43,150457
13-06-2025,P1003,Mechanical Keyboard,Electronics,3499,0,8366,0,173,45,157455
14-06-2025,P1003,Mechanical Keyboard,Electronics,3499,0,17811,0,111,62,216938
15-06-2025,P1003,Mechanical Keyboard,Electronics,3499,0,4459,0,55,56,195944
16-06-2025,P1003,Mechanical Keyboard,Electronics,3499,0,5339,0,15,40,139960
17-06-2025,P1003,Mechanical Keyboard,Electronics,2449,30,5667,0,360,54,132246
18-06-2025,P1003,Mechanical Keyboard,Electronics,3499,0,4278,0,318,42,146958
19-06-2025,P1003,Mechanical Keyboard,Electronics,3499,0,12877,0,271,47,164453
20-06-2025,P1003,Mechanical Keyboard,Electronics,2974,15,7124,0,215,56,166544
21-06-2025,P1003,Mechanical Keyboard,Electronics,2974,15,8503,0,151,64,190336
22-06-2025,P1003,Mechanical Keyboard,Electronics,3499,0,17300,0,85,66,230934
23-06-2025,P1003,Mechanical Keyboard,Electronics,3149,10,13559,0,22,63,198387
24-06-2025,P1003,Mechanical Keyboard,Electronics,3499,0,17757,0,360,47,164453
25-06-2025,P1003,Mechanical Keyboard,Electronics,3499,0,5164,0,326,34,118966
26-06-2025,P1003,Mechanical Keyboard,Electronics,3499,0,2252,0,280,46,160954
27-06-2025,P1003,Mechanical Keyboard,Electronics,3499,0,8028,0,235,45,157455
28-06-2025,P1003,Mechanical Keyboard,Electronics,3499,0,8133,0,175,60,209940
29-06-2025,P1003,Mechanical Keyboard,Electronics,2974,15,19312,0,97,78,231972
30-06-2025,P1003,Mechanical Keyboard,Electronics,3499,0,2638,0,60,37,129463
01-07-2025,P1003,Mechanical Keyboard,Electronics,3499,0,5916,0,14,46,160954
02-07-2025,P1003,Mechanical Keyboard,Electronics,3499,0,5522,0,360,47,164453
03-07-2025,P1003,Mechanical Keyboard,Electronics,3149,10,3030,0,311,49,154301
04-07-2025,P1003,Mechanical Keyboard,Electronics,3499,0,9530,0,283,28,97972
05-07-2025,P1003,Mechanical Keyboard,Electronics,3499,0,4835,0,229,54,188946
06-07-2025,P1003,Mechanical Keyboard,Electronics,3499,0,3929,0,168,61,213439
07-07-2025,P1003,Mechanical Keyboard,Electronics,2799,20,7510,0,103,65,181935
08-07-2025,P1003,Mechanical Keyboard,Electronics,3499,0,16413,0,53,50,174950
09-07-2025,P1003,Mechanical Keyboard,Electronics,3499,0,9813,0,21,32,111968
10-07-2025,P1003,Mechanical Keyboard,Electronics,2799,20,7413,0,360,64,179136
11-07-2025,P1003,Mechanical Keyboard,Electronics,3324,5,5464,0,313,47,156228
12-07-2025,P1003,Mechanical Keyboard,Electronics,3499,0,6530,0,268,45,157455
13-07-2025,P1003,Mechanical Keyboard,Electronics,3499,0,7258,0,217,51,178449
14-07-2025,P1003,Mechanical Keyboard,Electronics,3149,10,9703,0,154,63,198387
15-07-2025,P1003,Mechanical Keyboard,Electronics,2974,15,14894,0,86,68,202232
16-07-2025,P1003,Mechanical Keyboard,Electronics,3499,0,5108,0,41,45,157455
17-07-2025,P1003,Mechanical Keyboard,Electronics,3324,5,8703,0,360,49,162876
18-07-2025,P1003,Mechanical Keyboard,Electronics,3499,0,3361,0,311,49,171451
19-07-2025,P1003,Mechanical Keyboard,Electronics,2799,20,15490,0,222,89,249111
20-07-2025,P1003,Mechanical Keyboard,Electronics,2974,15,18957,0,138,84,249816
21-07-2025,P1003,Mechanical Keyboard,Electronics,3324,5,4167,0,104,34,113016
22-07-2025,P1003,Mechanical Keyboard,Electronics,2974,15,4859,0,62,42,124908
23-07-2025,P1003,Mechanical Keyboard,Electronics,3499,0,2631,0,21,41,143459
24-07-2025,P1003,Mechanical Keyboard,Electronics,3499,0,6292,0,360,39,136461
25-07-2025,P1003,Mechanical Keyboard,Electronics,3499,0,2910,0,323,37,129463
26-07-2025,P1003,Mechanical Keyboard,Electronics,3149,10,6606,0,254,69,217281
27-07-2025,P1003,Mechanical Keyboard,Electronics,2974,15,19286,0,180,74,220076
28-07-2025,P1003,Mechanical Keyboard,Electronics,3149,10,2383,0,137,43,135407
29-07-2025,P1003,Mechanical Keyboard,Electronics,2799,20,2095,0,80,57,159543
30-07-2025,P1003,Mechanical Keyboard,Electronics,3324,5,7215,0,24,56,186144
31-07-2025,P1003,Mechanical Keyboard,Electronics,3499,0,8444,0,360,50,174950
01-08-2025,P1003,Mechanical Keyboard,Electronics,3499,0,8144,0,334,26,90974
02-08-2025,P1003,Mechanical Keyboard,Electronics,3499,0,2439,0,277,57,199443
03-08-2025,P1003,Mechanical Keyboard,Electronics,3324,5,13233,0,226,51,169524
04-08-2025,P1003,Mechanical Keyboard,Electronics,3499,0,11346,0,188,38,132962
05-08-2025,P1003,Mechanical Keyboard,Electronics,3499,0,2481,0,144,44,153956
06-08-2025,P1003,Mechanical Keyboard,Electronics,3499,0,19784,0,96,48,167952
07-08-2025,P1003,Mechanical Keyboard,Electronics,3499,0,11359,0,53,43,150457
08-08-2025,P1003,Mechanical Keyboard,Electronics,2799,20,7430,0,360,58,162342
09-08-2025,P1003,Mechanical Keyboard,Electronics,2974,15,7506,0,290,70,208180
10-08-2025,P1003,Mechanical Keyboard,Electronics,3499,0,8358,0,243,47,164453
11-08-2025,P1003,Mechanical Keyboard,Electronics,3499,0,2989,0,195,48,167952
12-08-2025,P1003,Mechanical Keyboard,Electronics,2799,20,16253,0,146,49,137151
13-08-2025,P1003,Mechanical Keyboard,Electronics,3149,10,12841,1,65,81,255069
14-08-2025,P1003,Mechanical Keyboard,Electronics,3499,0,15091,1,10,55,192445
15-08-2025,P1003,Mechanical Keyboard,Electronics,3499,0,4954,1,360,68,237932
16-08-2025,P1003,Mechanical Keyboard,Electronics,2974,15,2892,1,266,94,279556
17-08-2025,P1003,Mechanical Keyboard,Electronics,3499,0,14524,1,181,85,297415
18-08-2025,P1003,Mechanical Keyboard,Electronics,3499,0,13749,0,146,35,122465
19-08-2025,P1003,Mechanical Keyboard,Electronics,3499,0,4007,0,102,44,153956
20-08-2025,P1003,Mechanical Keyboard,Electronics,3499,0,19299,0,52,50,174950
21-08-2025,P1003,Mechanical Keyboard,Electronics,2974,15,11789,0,360,54,160596
22-08-2025,P1003,Mechanical Keyboard,Electronics,3499,0,9775,0,319,41,143459
23-08-2025,P1003,Mechanical Keyboard,Electronics,3499,0,12676,0,270,49,171451
24-08-2025,P1003,Mechanical Keyboard,Electronics,2974,15,3224,0,211,59,175466
25-08-2025,P1003,Mechanical Keyboard,Electronics,3324,5,11995,0,165,46,152904
26-08-2025,P1003,Mechanical Keyboard,Electronics,3499,0,8889,0,118,47,164453
27-08-2025,P1003,Mechanical Keyboard,Electronics,3499,0,5765,0,80,38,132962
28-08-2025,P1003,Mechanical Keyboard,Electronics,2799,20,14073,0,22,58,162342
29-08-2025,P1003,Mechanical Keyboard,Electronics,3499,0,10568,0,360,46,160954
30-08-2025,P1003,Mechanical Keyboard,Electronics,2974,15,4296,0,305,55,163570
31-08-2025,P1003,Mechanical Keyboard,Electronics,3324,5,9076,0,261,44,146256
01-09-2025,P1003,Mechanical Keyboard,Electronics,3499,0,11409,0,225,36,125964
02-09-2025,P1003,Mechanical Keyboard,Electronics,2974,15,4606,0,178,47,139778
03-09-2025,P1003,Mechanical Keyboard,Electronics,3499,0,6305,0,133,45,157455
04-09-2025,P1003,Mechanical Keyboard,Electronics,3499,0,14130,0,84,49,171451
05-09-2025,P1003,Mechanical Keyboard,Electronics,3499,0,19612,0,44,40,139960
06-09-2025,P1003,Mechanical Keyboard,Electronics,3324,5,11252,0,360,50,166200
07-09-2025,P1003,Mechanical Keyboard,Electronics,3499,0,11196,0,303,57,199443
08-09-2025,P1003,Mechanical Keyboard,Electronics,2799,20,19475,0,236,67,187533
09-09-2025,P1003,Mechanical Keyboard,Electronics,3499,0,12958,0,193,43,150457
10-09-2025,P1003,Mechanical Keyboard,Electronics,3499,0,8294,0,157,36,125964
11-09-2025,P1003,Mechanical Keyboard,Electronics,3499,0,11493,0,115,42,146958
12-09-2025,P1003,Mechanical Keyboard,Electronics,3499,0,12790,0,77,38,132962
13-09-2025,P1003,Mechanical Keyboard,Electronics,3499,0,19894,0,17,60,209940
14-09-2025,P1003,Mechanical Keyboard,Electronics,3499,0,8980,0,360,54,188946
15-09-2025,P1003,Mechanical Keyboard,Electronics,3149,10,18001,0,310,50,157450
16-09-2025,P1003,Mechanical Keyboard,Electronics,3499,0,13485,0,270,40,139960
17-09-2025,P1003,Mechanical Keyboard,Electronics,3499,0,5882,0,232,38,132962
18-09-2025,P1003,Mechanical Keyboard,Electronics,3499,0,10132,0,199,33,115467
19-09-2025,P1003,Mechanical Keyboard,Electronics,3499,0,13810,0,165,34,118966
20-09-2025,P1003,Mechanical Keyboard,Electronics,3499,0,6734,0,122,43,150457
21-09-2025,P1003,Mechanical Keyboard,Electronics,3149,10,11552,0,55,67,210983
22-09-2025,P1003,Mechanical Keyboard,Electronics,3499,0,16065,0,20,35,122465
23-09-2025,P1003,Mechanical Keyboard,Electronics,3499,0,9682,0,360,39,136461
24-09-2025,P1003,Mechanical Keyboard,Electronics,3499,0,13730,0,318,42,146958
25-09-2025,P1003,Mechanical Keyboard,Electronics,3499,0,8324,0,284,34,118966
26-09-2025,P1003,Mechanical Keyboard,Electronics,3499,0,19701,0,252,32,111968
27-09-2025,P1003,Mechanical Keyboard,Electronics,3499,0,7538,0,221,31,108469
28-09-2025,P1003,Mechanical Keyboard,Electronics,3499,0,14464,0,167,54,188946
29-09-2025,P1003,Mechanical Keyboard,Electronics,2974,15,8788,0,98,69,205206
30-09-2025,P1003,Mechanical Keyboard,Electronics,2974,15,18350,0,37,61,181414
01-10-2025,P1003,Mechanical Keyboard,Electronics,3499,0,14840,0,360,41,143459
02-10-2025,P1003,Mechanical Keyboard,Electronics,2449,30,7228,0,303,57,139593
03-10-2025,P1003,Mechanical Keyboard,Electronics,3499,0,4748,0,270,33,115467
04-10-2025,P1003,Mechanical Keyboard,Electronics,2974,15,4060,0,209,61,181414
05-10-2025,P1003,Mechanical Keyboard,Electronics,3324,5,14079,0,136,73,242652
06-10-2025,P1003,Mechanical Keyboard,Electronics,3499,0,12462,0,99,37,129463
07-10-2025,P1003,Mechanical Keyboard,Electronics,3499,0,4668,0,52,47,164453
08-10-2025,P1003,Mechanical Keyboard,Electronics,3499,0,15582,0,15,37,129463
09-10-2025,P1003,Mechanical Keyboard,Electronics,3499,0,13681,0,360,33,115467
10-10-2025,P1003,Mechanical Keyboard,Electronics,3499,0,8219,0,322,38,132962
11-10-2025,P1003,Mechanical Keyboard,Electronics,3324,5,2146,0,271,51,169524
12-10-2025,P1003,Mechanical Keyboard,Electronics,3149,10,5390,0,212,59,185791
13-10-2025,P1003,Mechanical Keyboard,Electronics,3324,5,5167,0,170,42,139608
14-10-2025,P1003,Mechanical Keyboard,Electronics,3499,0,8126,0,140,30,104970
15-10-2025,P1003,Mechanical Keyboard,Electronics,3149,10,9369,0,92,48,151152
16-10-2025,P1003,Mechanical Keyboard,Electronics,3324,5,14123,0,48,44,146256
17-10-2025,P1003,Mechanical Keyboard,Electronics,3499,0,17170,0,9,39,136461
18-10-2025,P1003,Mechanical Keyboard,Electronics,3324,5,6270,1,360,54,179496
19-10-2025,P1003,Mechanical Keyboard,Electronics,3149,10,7852,1,270,90,283410
20-10-2025,P1003,Mechanical Keyboard,Electronics,3324,5,7143,1,211,59,196116
21-10-2025,P1003,Mechanical Keyboard,Electronics,3499,0,3617,1,169,42,146958
22-10-2025,P1003,Mechanical Keyboard,Electronics,3499,0,9941,1,119,50,174950
23-10-2025,P1003,Mechanical Keyboard,Electronics,3499,0,18615,0,77,42,146958
24-10-2025,P1003,Mechanical Keyboard,Electronics,2799,20,17434,0,19,58,162342
25-10-2025,P1003,Mechanical Keyboard,Electronics,3499,0,10679,0,360,52,181948
26-10-2025,P1003,Mechanical Keyboard,Electronics,3499,0,3047,0,326,34,118966
27-10-2025,P1003,Mechanical Keyboard,Electronics,3499,0,18063,0,292,34,118966
28-10-2025,P1003,Mechanical Keyboard,Electronics,3499,0,11823,0,253,39,136461
29-10-2025,P1003,Mechanical Keyboard,Electronics,2449,30,19916,0,193,60,146940
30-10-2025,P1003,Mechanical Keyboard,Electronics,3499,0,16118,0,161,32,111968
31-10-2025,P1003,Mechanical Keyboard,Electronics,3499,0,12960,0,120,41,143459
01-11-2025,P1003,Mechanical Keyboard,Electronics,3499,0,8783,0,69,51,178449
02-11-2025,P1003,Mechanical Keyboard,Electronics,3499,0,13163,0,21,48,167952
03-11-2025,P1003,Mechanical Keyboard,Electronics,3499,0,19088,0,360,36,125964
04-11-2025,P1003,Mechanical Keyboard,Electronics,2449,30,3935,0,298,62,151838
05-11-2025,P1003,Mechanical Keyboard,Electronics,3499,0,4761,0,262,36,125964
06-11-2025,P1003,Mechanical Keyboard,Electronics,3499,0,4947,0,230,32,111968
07-11-2025,P1003,Mechanical Keyboard,Electronics,3499,0,19133,0,200,30,104970
08-11-2025,P1003,Mechanical Keyboard,Electronics,3499,0,7046,0,161,39,136461
09-11-2025,P1003,Mechanical Keyboard,Electronics,3324,5,16630,0,111,50,166200
10-11-2025,P1003,Mechanical Keyboard,Electronics,2799,20,17323,0,45,66,184734
11-11-2025,P1003,Mechanical Keyboard,Electronics,2449,30,16695,0,360,68,166532
12-11-2025,P1003,Mechanical Keyboard,Electronics,2449,30,9948,0,297,63,154287
13-11-2025,P1003,Mechanical Keyboard,Electronics,3149,10,15526,0,259,38,119662
14-11-2025,P1003,Mechanical Keyboard,Electronics,3499,0,15463,0,217,42,146958
15-11-2025,P1003,Mechanical Keyboard,Electronics,3149,10,12728,0,171,46,144854
16-11-2025,P1003,Mechanical Keyboard,Electronics,2799,20,13577,0,110,61,170739
17-11-2025,P1003,Mechanical Keyboard,Electronics,3499,0,10189,0,79,31,108469
18-11-2025,P1003,Mechanical Keyboard,Electronics,3499,0,13366,0,50,29,101471
19-11-2025,P1003,Mechanical Keyboard,Electronics,3499,0,9888,0,7,43,150457
20-11-2025,P1003,Mechanical Keyboard,Electronics,3499,0,19859,0,360,46,160954
21-11-2025,P1003,Mechanical Keyboard,Electronics,3149,10,4307,0,314,46,144854
22-11-2025,P1003,Mechanical Keyboard,Electronics,3499,0,5203,0,266,48,167952
23-11-2025,P1003,Mechanical Keyboard,Electronics,3499,0,3966,0,219,47,164453
24-11-2025,P1003,Mechanical Keyboard,Electronics,3499,0,7980,0,179,40,139960
25-11-2025,P1003,Mechanical Keyboard,Electronics,2799,20,7784,0,140,39,109161
26-11-2025,P1003,Mechanical Keyboard,Electronics,3499,0,10437,0,104,36,125964
27-11-2025,P1003,Mechanical Keyboard,Electronics,3499,0,5527,0,76,28,97972
28-11-2025,P1003,Mechanical Keyboard,Electronics,3499,0,5395,0,30,46,160954
29-11-2025,P1003,Mechanical Keyboard,Electronics,2799,20,6623,0,360,70,195930
30-11-2025,P1003,Mechanical Keyboard,Electronics,3499,0,16484,0,327,33,115467
01-12-2025,P1003,Mechanical Keyboard,Electronics,2974,15,13109,0,279,48,142752
02-12-2025,P1003,Mechanical Keyboard,Electronics,3499,0,19837,0,247,32,111968
03-12-2025,P1003,Mechanical Keyboard,Electronics,3499,0,18342,0,203,44,153956
04-12-2025,P1003,Mechanical Keyboard,Electronics,2449,30,2950,0,138,65,159185
05-12-2025,P1003,Mechanical Keyboard,Electronics,3499,0,2972,0,103,35,122465
06-12-2025,P1003,Mechanical Keyboard,Electronics,3499,0,10091,0,62,41,143459
07-12-2025,P1003,Mechanical Keyboard,Electronics,3324,5,13041,0,360,62,206088
08-12-2025,P1003,Mechanical Keyboard,Electronics,3499,0,11207,0,330,30,104970
09-12-2025,P1003,Mechanical Keyboard,Electronics,3149,10,4762,0,292,38,119662
10-12-2025,P1003,Mechanical Keyboard,Electronics,3499,0,11573,0,251,41,143459
11-12-2025,P1003,Mechanical Keyboard,Electronics,3499,0,16471,0,202,49,171451
12-12-2025,P1003,Mechanical Keyboard,Electronics,3499,0,14635,0,162,40,139960
13-12-2025,P1003,Mechanical Keyboard,Electronics,3499,0,14660,0,115,47,164453
14-12-2025,P1003,Mechanical Keyboard,Electronics,3499,0,9899,0,58,57,199443
15-12-2025,P1003,Mechanical Keyboard,Electronics,3499,0,18356,0,21,37,129463
16-12-2025,P1003,Mechanical Keyboard,Electronics,3499,0,15273,0,360,42,146958
17-12-2025,P1003,Mechanical Keyboard,Electronics,3499,0,9848,0,334,26,90974
18-12-2025,P1003,Mechanical Keyboard,Electronics,3149,10,4839,0,295,39,122811
19-12-2025,P1003,Mechanical Keyboard,Electronics,3499,0,19908,0,264,31,108469
20-12-2025,P1003,Mechanical Keyboard,Electronics,2799,20,17780,0,200,64,179136
21-12-2025,P1003,Mechanical Keyboard,Electronics,2799,20,15803,0,130,70,195930
22-12-2025,P1003,Mechanical Keyboard,Electronics,3499,0,13063,0,92,38,132962
23-12-2025,P1003,Mechanical Keyboard,Electronics,3499,0,9057,1,38,54,188946
24-12-2025,P1003,Mechanical Keyboard,Electronics,3499,0,4083,1,360,61,213439
25-12-2025,P1003,Mechanical Keyboard,Electronics,3499,0,9629,1,307,53,185447
26-12-2025,P1003,Mechanical Keyboard,Electronics,3324,5,13613,1,240,67,222708
27-12-2025,P1003,Mechanical Keyboard,Electronics,3499,0,2312,1,177,63,220437
28-12-2025,P1003,Mechanical Keyboard,Electronics,3149,10,5008,0,121,56,176344
29-12-2025,P1003,Mechanical Keyboard,Electronics,3499,0,14947,0,94,27,94473
30-12-2025,P1003,Mechanical Keyboard,Electronics,3499,0,14883,0,59,35,122465
31-12-2025,P1003,Mechanical Keyboard,Electronics,3499,0,17683,0,19,40,139960
01-01-2026,P1003,Mechanical Keyboard,Electronics,3499,0,16413,0,360,48,167952
02-01-2026,P1003,Mechanical Keyboard,Electronics,3499,0,15513,0,314,46,160954
03-01-2026,P1003,Mechanical Keyboard,Electronics,3499,0,13554,0,257,57,199443
04-01-2026,P1003,Mechanical Keyboard,Electronics,3499,0,3019,0,215,42,146958
05-01-2026,P1003,Mechanical Keyboard,Electronics,3499,0,11753,0,170,45,157455
06-01-2026,P1003,Mechanical Keyboard,Electronics,3149,10,3870,0,120,50,157450
07-01-2026,P1003,Mechanical Keyboard,Electronics,3499,0,19652,0,86,34,118966
08-01-2026,P1003,Mechanical Keyboard,Electronics,3499,0,3459,0,55,31,108469
09-01-2026,P1003,Mechanical Keyboard,Electronics,3499,0,17158,0,19,36,125964
10-01-2026,P1003,Mechanical Keyboard,Electronics,2449,30,7986,0,360,73,178777
11-01-2026,P1003,Mechanical Keyboard,Electronics,3499,0,8852,0,317,43,150457
12-01-2026,P1003,Mechanical Keyboard,Electronics,2799,20,13359,0,259,58,162342
13-01-2026,P1003,Mechanical Keyboard,Electronics,3499,0,5130,0,230,29,101471
14-01-2026,P1003,Mechanical Keyboard,Electronics,3324,5,4454,0,201,29,96396
15-01-2026,P1003,Mechanical Keyboard,Electronics,3499,0,4625,0,172,29,101471
16-01-2026,P1003,Mechanical Keyboard,Electronics,3499,0,15645,0,124,48,167952
17-01-2026,P1003,Mechanical Keyboard,Electronics,3324,5,18337,0,67,57,189468
18-01-2026,P1003,Mechanical Keyboard,Electronics,3499,0,7892,0,23,44,153956
19-01-2026,P1003,Mechanical Keyboard,Electronics,3149,10,2996,0,360,47,148003
20-01-2026,P1003,Mechanical Keyboard,Electronics,3499,0,3263,0,325,35,122465
21-01-2026,P1003,Mechanical Keyboard,Electronics,2449,30,14442,0,255,70,171430
22-01-2026,P1003,Mechanical Keyboard,Electronics,3149,10,15006,0,219,36,113364
23-01-2026,P1003,Mechanical Keyboard,Electronics,3499,0,11176,0,171,48,167952
24-01-2026,P1003,Mechanical Keyboard,Electronics,3499,0,18667,1,101,70,244930
25-01-2026,P1003,Mechanical Keyboard,Electronics,2799,20,18250,1,360,117,327483
26-01-2026,P1003,Mechanical Keyboard,Electronics,2449,30,15776,1,255,105,257145
27-01-2026,P1003,Mechanical Keyboard,Electronics,3499,0,16806,1,182,73,255427
28-01-2026,P1003,Mechanical Keyboard,Electronics,3499,0,14558,1,120,62,216938
29-01-2026,P1003,Mechanical Keyboard,Electronics,3499,0,4268,0,77,43,150457
30-01-2026,P1003,Mechanical Keyboard,Electronics,3499,0,18283,0,30,47,164453
31-01-2026,P1003,Mechanical Keyboard,Electronics,3499,0,15739,0,360,51,178449
01-02-2026,P1003,Mechanical Keyboard,Electronics,3499,0,5638,0,307,53,185447
02-02-2026,P1003,Mechanical Keyboard,Electronics,3499,0,5059,0,283,24,83976
03-02-2026,P1003,Mechanical Keyboard,Electronics,2974,15,5170,0,238,45,133830
04-02-2026,P1003,Mechanical Keyboard,Electronics,3149,10,10018,0,175,63,198387
05-02-2026,P1003,Mechanical Keyboard,Electronics,3499,0,13819,0,117,58,202942
06-02-2026,P1003,Mechanical Keyboard,Electronics,3324,5,5634,0,73,44,146256
07-02-2026,P1003,Mechanical Keyboard,Electronics,2799,20,8105,0,360,75,209925
08-02-2026,P1003,Mechanical Keyboard,Electronics,3499,0,13322,0,304,56,195944
09-02-2026,P1003,Mechanical Keyboard,Electronics,2449,30,2724,0,250,54,132246
10-02-2026,P1003,Mechanical Keyboard,Electronics,3499,0,10176,0,200,50,174950
11-02-2026,P1003,Mechanical Keyboard,Electronics,3324,5,8776,0,159,41,136284
12-02-2026,P1003,Mechanical Keyboard,Electronics,3324,5,8316,0,103,56,186144
13-02-2026,P1003,Mechanical Keyboard,Electronics,3499,0,10697,0,58,45,157455
14-02-2026,P1003,Mechanical Keyboard,Electronics,2974,15,11596,0,360,68,202232
15-02-2026,P1003,Mechanical Keyboard,Electronics,3499,0,9459,0,319,41,143459
16-02-2026,P1003,Mechanical Keyboard,Electronics,3499,0,5251,0,277,42,146958
17-02-2026,P1003,Mechanical Keyboard,Electronics,3499,0,12099,0,239,38,132962
18-02-2026,P1003,Mechanical Keyboard,Electronics,3324,5,7423,0,205,34,113016
19-02-2026,P1003,Mechanical Keyboard,Electronics,3499,0,11274,0,158,47,164453
20-02-2026,P1003,Mechanical Keyboard,Electronics,3499,0,19025,0,106,52,181948
21-02-2026,P1003,Mechanical Keyboard,Electronics,3499,0,4805,0,43,63,220437
22-02-2026,P1003,Mechanical Keyboard,Electronics,2974,15,11059,0,360,69,205206
23-02-2026,P1003,Mechanical Keyboard,Electronics,3499,0,9710,0,305,55,192445
24-02-2026,P1003,Mechanical Keyboard,Electronics,2799,20,19895,0,257,48,134352
25-02-2026,P1003,Mechanical Keyboard,Electronics,3499,0,13190,0,201,56,195944
26-02-2026,P1003,Mechanical Keyboard,Electronics,3499,0,6226,0,150,51,178449
27-02-2026,P1003,Mechanical Keyboard,Electronics,3499,0,2218,0,117,33,115467
28-02-2026,P1003,Mechanical Keyboard,Electronics,3499,0,17619,0,52,65,227435
01-03-2026,P1003,Mechanical Keyboard,Electronics,3149,10,9598,0,360,72,226728
02-03-2026,P1003,Mechanical Keyboard,Electronics,3499,0,8868,1,304,56,195944
03-03-2026,P1003,Mechanical Keyboard,Electronics,3149,10,15555,1,225,79,248771
04-03-2026,P1003,Mechanical Keyboard,Electronics,3149,10,2980,1,167,58,182642
05-03-2026,P1003,Mechanical Keyboard,Electronics,3499,0,8743,1,115,52,181948
06-03-2026,P1003,Mechanical Keyboard,Electronics,3324,5,16253,1,34,81,269244
07-03-2026,P1003,Mechanical Keyboard,Electronics,2799,20,15073,0,360,82,229518
08-03-2026,P1003,Mechanical Keyboard,Electronics,3324,5,12650,0,293,67,222708
09-03-2026,P1003,Mechanical Keyboard,Electronics,2799,20,19083,0,212,81,226719
10-03-2026,P1003,Mechanical Keyboard,Electronics,3324,5,5212,0,169,43,142932
11-03-2026,P1003,Mechanical Keyboard,Electronics,3499,0,2195,0,133,36,125964
12-03-2026,P1003,Mechanical Keyboard,Electronics,3324,5,18007,0,86,47,156228
13-03-2026,P1003,Mechanical Keyboard,Electronics,3499,0,19536,0,33,53,185447
14-03-2026,P1003,Mechanical Keyboard,Electronics,3499,0,2327,0,360,53,185447
15-03-2026,P1003,Mechanical Keyboard,Electronics,2974,15,13561,0,286,74,220076
16-03-2026,P1003,Mechanical Keyboard,Electronics,3499,0,4933,0,240,46,160954
17-03-2026,P1003,Mechanical Keyboard,Electronics,2974,15,10091,0,186,54,160596
18-03-2026,P1003,Mechanical Keyboard,Electronics,3324,5,14720,0,133,53,176172
19-03-2026,P1003,Mechanical Keyboard,Electronics,3499,0,9230,0,81,52,181948
20-03-2026,P1003,Mechanical Keyboard,Electronics,2974,15,8346,0,33,48,142752
21-03-2026,P1003,Mechanical Keyboard,Electronics,2974,15,16015,0,360,73,217102
22-03-2026,P1003,Mechanical Keyboard,Electronics,3499,0,5833,0,299,61,213439
23-03-2026,P1003,Mechanical Keyboard,Electronics,3499,0,2580,0,254,45,157455
24-03-2026,P1003,Mechanical Keyboard,Electronics,3324,5,12234,0,193,61,202764
25-03-2026,P1003,Mechanical Keyboard,Electronics,3499,0,16581,0,142,51,178449
26-03-2026,P1003,Mechanical Keyboard,Electronics,3499,0,9874,0,86,56,195944
27-03-2026,P1003,Mechanical Keyboard,Electronics,3499,0,6635,0,41,45,157455
28-03-2026,P1003,Mechanical Keyboard,Electronics,3324,5,18543,0,360,68,226032
29-03-2026,P1003,Mechanical Keyboard,Electronics,3499,0,5925,0,298,62,216938
30-03-2026,P1003,Mechanical Keyboard,Electronics,3499,0,17946,0,246,52,181948
31-03-2026,P1003,Mechanical Keyboard,Electronics,3149,10,11120,0,180,66,207834
01-04-2026,P1003,Mechanical Keyboard,Electronics,3499,0,5703,0,140,40,139960
02-04-2026,P1003,Mechanical Keyboard,Electronics,3499,0,15454,0,90,50,174950
03-04-2026,P1003,Mechanical Keyboard,Electronics,3499,0,5647,0,47,43,150457
04-04-2026,P1003,Mechanical Keyboard,Electronics,2799,20,6314,0,360,85,237915
05-04-2026,P1003,Mechanical Keyboard,Electronics,3149,10,2204,0,290,70,220430
06-04-2026,P1003,Mechanical Keyboard,Electronics,3499,0,12060,0,244,46,160954
07-04-2026,P1003,Mechanical Keyboard,Electronics,3499,0,19162,0,197,47,164453
08-04-2026,P1003,Mechanical Keyboard,Electronics,2974,15,13955,0,137,60,178440
09-04-2026,P1003,Mechanical Keyboard,Electronics,3499,0,11822,0,90,47,164453
10-04-2026,P1003,Mechanical Keyboard,Electronics,2974,15,5593,0,43,47,139778
11-04-2026,P1003,Mechanical Keyboard,Electronics,3499,0,8782,0,360,63,220437
12-04-2026,P1003,Mechanical Keyboard,Electronics,2799,20,9369,0,291,69,193131
13-04-2026,P1003,Mechanical Keyboard,Electronics,3324,5,6608,0,245,46,152904
14-04-2026,P1003,Mechanical Keyboard,Electronics,3149,10,18922,0,186,59,185791
15-04-2026,P1003,Mechanical Keyboard,Electronics,3499,0,8333,0,136,50,174950
16-04-2026,P1003,Mechanical Keyboard,Electronics,3324,5,9233,0,84,52,172848
17-04-2026,P1003,Mechanical Keyboard,Electronics,3499,0,10440,0,43,41,143459
18-04-2026,P1003,Mechanical Keyboard,Electronics,3324,5,15518,0,360,74,245976
19-04-2026,P1003,Mechanical Keyboard,Electronics,3499,0,10464,0,298,62,216938
20-04-2026,P1003,Mechanical Keyboard,Electronics,3324,5,17682,0,233,65,216060
21-04-2026,P1003,Mechanical Keyboard,Electronics,3324,5,15451,0,158,75,249300
22-04-2026,P1003,Mechanical Keyboard,Electronics,3324,5,9067,0,92,66,219384
23-04-2026,P1003,Mechanical Keyboard,Electronics,3499,0,15588,0,37,55,192445
24-04-2026,P1003,Mechanical Keyboard,Electronics,3499,0,17264,0,360,57,199443
25-04-2026,P1003,Mechanical Keyboard,Electronics,3499,0,14649,0,305,55,192445
26-04-2026,P1003,Mechanical Keyboard,Electronics,3499,0,10583,0,237,68,237932
27-04-2026,P1003,Mechanical Keyboard,Electronics,3149,10,12512,0,160,77,242473
28-04-2026,P1003,Mechanical Keyboard,Electronics,3499,0,6926,0,116,44,153956
29-04-2026,P1003,Mechanical Keyboard,Electronics,3499,0,15116,0,47,69,241431
30-04-2026,P1003,Mechanical Keyboard,Electronics,3499,0,13997,0,360,52,181948
01-05-2026,P1003,Mechanical Keyboard,Electronics,3499,0,11295,0,313,47,164453
02-05-2026,P1003,Mechanical Keyboard,Electronics,3499,0,18108,0,256,57,199443
03-05-2026,P1003,Mechanical Keyboard,Electronics,3499,0,9688,0,204,52,181948
04-05-2026,P1003,Mechanical Keyboard,Electronics,3499,0,13974,0,157,47,164453
05-05-2026,P1003,Mechanical Keyboard,Electronics,3499,0,15144,0,89,68,237932
06-05-2026,P1003,Mechanical Keyboard,Electronics,2449,30,7854,0,9,80,195920
07-05-2026,P1003,Mechanical Keyboard,Electronics,3499,0,10005,0,360,37,129463
08-05-2026,P1003,Mechanical Keyboard,Electronics,3499,0,18049,0,311,49,171451
09-05-2026,P1003,Mechanical Keyboard,Electronics,3499,0,12925,0,251,60,209940
10-05-2026,P1003,Mechanical Keyboard,Electronics,3499,0,13801,0,192,59,206441
11-05-2026,P1003,Mechanical Keyboard,Electronics,2449,30,7687,0,138,54,132246
12-05-2026,P1003,Mechanical Keyboard,Electronics,3499,0,10339,0,82,56,195944
13-05-2026,P1003,Mechanical Keyboard,Electronics,3499,0,13533,0,34,48,167952
14-05-2026,P1003,Mechanical Keyboard,Electronics,2799,20,7244,0,360,70,195930
15-05-2026,P1003,Mechanical Keyboard,Electronics,3324,5,15526,0,295,65,216060
16-05-2026,P1003,Mechanical Keyboard,Electronics,3499,0,14940,0,224,71,248429
17-05-2026,P1003,Mechanical Keyboard,Electronics,3499,0,16913,0,163,61,213439
18-05-2026,P1003,Mechanical Keyboard,Electronics,3499,0,6568,0,110,53,185447
19-05-2026,P1003,Mechanical Keyboard,Electronics,3324,5,11238,0,62,48,159552
20-05-2026,P1003,Mechanical Keyboard,Electronics,3499,0,15195,0,11,51,178449
21-05-2026,P1003,Mechanical Keyboard,Electronics,3499,0,3712,0,360,37,129463
22-05-2026,P1003,Mechanical Keyboard,Electronics,2974,15,13943,0,293,67,199258
23-05-2026,P1003,Mechanical Keyboard,Electronics,2799,20,3788,0,216,77,215523
24-05-2026,P1003,Mechanical Keyboard,Electronics,3149,10,19896,0,137,79,248771
25-05-2026,P1003,Mechanical Keyboard,Electronics,2799,20,5074,0,76,61,170739
26-05-2026,P1003,Mechanical Keyboard,Electronics,2974,15,3421,0,4,72,214128
27-05-2026,P1003,Mechanical Keyboard,Electronics,3499,0,8117,0,360,62,216938
28-05-2026,P1003,Mechanical Keyboard,Electronics,3499,0,4665,0,317,43,150457
29-05-2026,P1003,Mechanical Keyboard,Electronics,3499,0,9297,0,259,58,202942
30-05-2026,P1003,Mechanical Keyboard,Electronics,3499,0,14950,0,193,66,230934
31-05-2026,P1003,Mechanical Keyboard,Electronics,3499,0,7867,0,128,65,227435
01-06-2026,P1003,Mechanical Keyboard,Electronics,3499,0,6852,0,74,54,188946
02-06-2026,P1003,Mechanical Keyboard,Electronics,3499,0,2940,0,30,44,153956
03-06-2026,P1003,Mechanical Keyboard,Electronics,3499,0,15806,0,360,43,150457
04-06-2026,P1003,Mechanical Keyboard,Electronics,3499,0,11082,0,306,54,188946
05-06-2026,P1003,Mechanical Keyboard,Electronics,3149,10,16033,0,234,72,226728
06-06-2026,P1003,Mechanical Keyboard,Electronics,3324,5,4665,0,167,67,222708
07-06-2026,P1003,Mechanical Keyboard,Electronics,3499,0,13371,0,90,77,269423
08-06-2026,P1003,Mechanical Keyboard,Electronics,3499,0,13461,0,23,67,234433
09-06-2026,P1003,Mechanical Keyboard,Electronics,3499,0,4641,0,360,52,181948
10-06-2026,P1003,Mechanical Keyboard,Electronics,2799,20,18572,0,263,97,271503
11-06-2026,P1003,Mechanical Keyboard,Electronics,3149,10,13934,0,221,42,132258
12-06-2026,P1003,Mechanical Keyboard,Electronics,3499,0,8674,0,175,46,160954
13-06-2026,P1003,Mechanical Keyboard,Electronics,3499,0,6993,0,128,47,164453
14-06-2026,P1003,Mechanical Keyboard,Electronics,3324,5,17093,0,41,87,289188
15-06-2026,P1003,Mechanical Keyboard,Electronics,3149,10,4424,0,360,56,176344
16-06-2026,P1003,Mechanical Keyboard,Electronics,3499,0,4821,0,316,44,153956
17-06-2026,P1003,Mechanical Keyboard,Electronics,2799,20,7189,0,244,72,201528
18-06-2026,P1003,Mechanical Keyboard,Electronics,2799,20,6004,0,184,60,167940
19-06-2026,P1003,Mechanical Keyboard,Electronics,3499,0,16345,0,139,45,157455
20-06-2026,P1003,Mechanical Keyboard,Electronics,2799,20,13351,0,72,67,187533
21-06-2026,P1003,Mechanical Keyboard,Electronics,3149,10,12214,0,360,80,251920
22-06-2026,P1003,Mechanical Keyboard,Electronics,3499,0,4887,0,309,51,178449
23-06-2026,P1003,Mechanical Keyboard,Electronics,3499,0,14263,0,265,44,153956
24-06-2026,P1003,Mechanical Keyboard,Electronics,2799,20,4123,0,201,64,179136
25-06-2026,P1003,Mechanical Keyboard,Electronics,3149,10,5238,0,139,62,195238
26-06-2026,P1003,Mechanical Keyboard,Electronics,3499,0,14374,0,90,49,171451
27-06-2026,P1003,Mechanical Keyboard,Electronics,2799,20,17282,0,360,90,251910
28-06-2026,P1003,Mechanical Keyboard,Electronics,2799,20,10153,0,265,95,265905
29-06-2026,P1003,Mechanical Keyboard,Electronics,3499,0,4143,0,214,51,178449
30-06-2026,P1003,Mechanical Keyboard,Electronics,3499,0,12524,0,155,59,206441
01-07-2026,P1003,Mechanical Keyboard,Electronics,3499,0,15050,0,96,59,206441
02-07-2026,P1003,Mechanical Keyboard,Electronics,3499,0,2399,0,49,47,164453
03-07-2026,P1003,Mechanical Keyboard,Electronics,3499,0,18688,0,360,55,192445
04-07-2026,P1003,Mechanical Keyboard,Electronics,3499,0,13410,0,293,67,234433
05-07-2026,P1003,Mechanical Keyboard,Electronics,3499,0,5682,0,215,78,272922
06-07-2026,P1003,Mechanical Keyboard,Electronics,3324,5,3090,0,176,39,129636
07-07-2026,P1003,Mechanical Keyboard,Electronics,3499,0,12314,0,125,51,178449
08-07-2026,P1003,Mechanical Keyboard,Electronics,2449,30,6964,0,51,74,181226
09-07-2026,P1003,Mechanical Keyboard,Electronics,3149,10,8264,0,360,64,201536
10-07-2026,P1003,Mechanical Keyboard,Electronics,3324,5,16922,0,301,59,196116
11-07-2026,P1003,Mechanical Keyboard,Electronics,3499,0,11286,0,243,58,202942
12-07-2026,P1003,Mechanical Keyboard,Electronics,3499,0,4323,0,190,53,185447
13-07-2026,P1003,Mechanical Keyboard,Electronics,2799,20,7410,0,127,63,176337
14-07-2026,P1003,Mechanical Keyboard,Electronics,2449,30,17213,0,53,74,181226
15-07-2026,P1003,Mechanical Keyboard,Electronics,3149,10,15824,0,360,63,198387
16-07-2026,P1003,Mechanical Keyboard,Electronics,3499,0,5626,0,327,33,115467
17-07-2026,P1003,Mechanical Keyboard,Electronics,3499,0,9110,0,297,30,104970
18-07-2026,P1003,Mechanical Keyboard,Electronics,3324,5,10999,0,238,59,196116
19-07-2026,P1003,Mechanical Keyboard,Electronics,3499,0,3406,0,174,64,223936
20-07-2026,P1003,Mechanical Keyboard,Electronics,3499,0,14469,0,111,63,220437
21-07-2026,P1003,Mechanical Keyboard,Electronics,3324,5,5927,0,59,52,172848
22-07-2026,P1003,Mechanical Keyboard,Electronics,3499,0,5426,0,5,54,188946
23-07-2026,P1003,Mechanical Keyboard,Electronics,2799,20,8384,0,360,78,218322
24-07-2026,P1003,Mechanical Keyboard,Electronics,3499,0,14672,0,302,58,202942
25-07-2026,P1003,Mechanical Keyboard,Electronics,3499,0,12393,0,237,65,227435
26-07-2026,P1003,Mechanical Keyboard,Electronics,3149,10,9194,0,165,72,226728
27-07-2026,P1003,Mechanical Keyboard,Electronics,2449,30,6692,0,96,69,168981
28-07-2026,P1003,Mechanical Keyboard,Electronics,3324,5,10083,0,44,52,172848
29-07-2026,P1003,Mechanical Keyboard,Electronics,2799,20,9977,0,360,71,198729
30-07-2026,P1003,Mechanical Keyboard,Electronics,3499,0,3212,0,317,43,150457
31-07-2026,P1003,Mechanical Keyboard,Electronics,3499,0,8294,0,279,38,132962
01-08-2026,P1003,Mechanical Keyboard,Electronics,3499,0,14534,0,201,78,272922
02-08-2026,P1003,Mechanical Keyboard,Electronics,3499,0,19813,0,147,54,188946
03-08-2026,P1003,Mechanical Keyboard,Electronics,2449,30,16016,0,62,85,208165
04-08-2026,P1003,Mechanical Keyboard,Electronics,2449,30,3316,0,360,63,154287
05-08-2026,P1003,Mechanical Keyboard,Electronics,3499,0,8899,0,317,43,150457
06-08-2026,P1003,Mechanical Keyboard,Electronics,3499,0,12192,0,270,47,164453
07-08-2026,P1003,Mechanical Keyboard,Electronics,3499,0,18946,0,221,49,171451
08-08-2026,P1003,Mechanical Keyboard,Electronics,3149,10,16892,0,162,59,185791
09-08-2026,P1003,Mechanical Keyboard,Electronics,3324,5,4623,0,98,64,212736
10-08-2026,P1003,Mechanical Keyboard,Electronics,3499,0,17604,0,47,51,178449
11-08-2026,P1003,Mechanical Keyboard,Electronics,3149,10,19886,0,360,61,192089
12-08-2026,P1003,Mechanical Keyboard,Electronics,3499,0,13252,0,311,49,171451
13-08-2026,P1003,Mechanical Keyboard,Electronics,3499,0,4355,1,233,78,272922
14-08-2026,P1003,Mechanical Keyboard,Electronics,3499,0,14426,1,159,74,258926
15-08-2026,P1003,Mechanical Keyboard,Electronics,3499,0,11641,1,88,71,248429
16-08-2026,P1003,Mechanical Keyboard,Electronics,3149,10,8868,1,11,77,242473
17-08-2026,P1003,Mechanical Keyboard,Electronics,3499,0,14922,1,360,70,244930
18-08-2026,P1003,Mechanical Keyboard,Electronics,2974,15,8140,0,292,68,202232
19-08-2026,P1003,Mechanical Keyboard,Electronics,3499,0,3756,0,262,30,104970
20-08-2026,P1003,Mechanical Keyboard,Electronics,3499,0,17043,0,211,51,178449
21-08-2026,P1003,Mechanical Keyboard,Electronics,3499,0,13316,0,170,41,143459
22-08-2026,P1003,Mechanical Keyboard,Electronics,3499,0,18765,0,92,78,272922
23-08-2026,P1003,Mechanical Keyboard,Electronics,3324,5,13487,0,24,68,226032
24-08-2026,P1003,Mechanical Keyboard,Electronics,3324,5,16383,0,360,51,169524
25-08-2026,P1003,Mechanical Keyboard,Electronics,3499,0,18752,0,320,40,139960
26-08-2026,P1003,Mechanical Keyboard,Electronics,3499,0,16864,0,267,53,185447
27-08-2026,P1003,Mechanical Keyboard,Electronics,3499,0,15502,0,221,46,160954
28-08-2026,P1003,Mechanical Keyboard,Electronics,2449,30,4722,0,151,70,171430
29-08-2026,P1003,Mechanical Keyboard,Electronics,3149,10,15981,0,81,70,220430
30-08-2026,P1003,Mechanical Keyboard,Electronics,2799,20,16666,0,360,83,232317
31-08-2026,P1003,Mechanical Keyboard,Electronics,2799,20,2618,0,292,68,190332
01-09-2026,P1003,Mechanical Keyboard,Electronics,3499,0,13323,0,252,40,139960
02-09-2026,P1003,Mechanical Keyboard,Electronics,3499,0,6105,0,200,52,181948
03-09-2026,P1003,Mechanical Keyboard,Electronics,3499,0,4132,0,157,43,150457
04-09-2026,P1003,Mechanical Keyboard,Electronics,3499,0,19260,0,109,48,167952
05-09-2026,P1003,Mechanical Keyboard,Electronics,3499,0,5302,0,53,56,195944
06-09-2026,P1003,Mechanical Keyboard,Electronics,3499,0,3704,0,13,40,139960
07-09-2026,P1003,Mechanical Keyboard,Electronics,3499,0,19611,0,360,42,146958
08-09-2026,P1003,Mechanical Keyboard,Electronics,3499,0,11002,0,306,54,188946
09-09-2026,P1003,Mechanical Keyboard,Electronics,3499,0,9366,0,254,52,181948
10-09-2026,P1003,Mechanical Keyboard,Electronics,3499,0,6670,0,212,42,146958
11-09-2026,P1003,Mechanical Keyboard,Electronics,3499,0,18055,0,163,49,171451
12-09-2026,P1003,Mechanical Keyboard,Electronics,3149,10,8320,0,97,66,207834
13-09-2026,P1003,Mechanical Keyboard,Electronics,2974,15,5376,0,12,85,252790
14-09-2026,P1003,Mechanical Keyboard,Electronics,3324,5,11302,0,360,50,166200
15-09-2026,P1003,Mechanical Keyboard,Electronics,3324,5,5854,0,312,48,159552
16-09-2026,P1003,Mechanical Keyboard,Electronics,3324,5,11861,0,270,42,139608
17-09-2026,P1003,Mechanical Keyboard,Electronics,3499,0,11925,0,222,48,167952
18-09-2026,P1003,Mechanical Keyboard,Electronics,3149,10,5721,0,182,40,125960
19-09-2026,P1003,Mechanical Keyboard,Electronics,3499,0,4062,0,140,42,146958
20-09-2026,P1003,Mechanical Keyboard,Electronics,2449,30,4830,0,62,78,191022
21-09-2026,P1003,Mechanical Keyboard,Electronics,2449,30,6119,0,360,79,193471
22-09-2026,P1003,Mechanical Keyboard,Electronics,3149,10,2234,0,313,47,148003
23-09-2026,P1003,Mechanical Keyboard,Electronics,3149,10,2289,0,265,48,151152
24-09-2026,P1003,Mechanical Keyboard,Electronics,3499,0,18153,0,221,44,153956
25-09-2026,P1003,Mechanical Keyboard,Electronics,3499,0,8100,0,185,36,125964
26-09-2026,P1003,Mechanical Keyboard,Electronics,3324,5,9801,0,128,57,189468
27-09-2026,P1003,Mechanical Keyboard,Electronics,3499,0,13209,0,62,66,230934
01-01-2024,P1004,Cotton T-Shirt,Clothing,664,5,19063,0,983,97,64408
02-01-2024,P1004,Cotton T-Shirt,Clothing,699,0,2066,0,895,88,61512
03-01-2024,P1004,Cotton T-Shirt,Clothing,664,5,5496,0,805,90,59760
04-01-2024,P1004,Cotton T-Shirt,Clothing,699,0,13842,0,711,94,65706
05-01-2024,P1004,Cotton T-Shirt,Clothing,489,30,18032,0,557,154,75306
06-01-2024,P1004,Cotton T-Shirt,Clothing,559,20,5147,0,425,132,73788
07-01-2024,P1004,Cotton T-Shirt,Clothing,699,0,14266,0,323,102,71298
08-01-2024,P1004,Cotton T-Shirt,Clothing,699,0,7984,0,229,94,65706
09-01-2024,P1004,Cotton T-Shirt,Clothing,699,0,2401,0,143,86,60114
10-01-2024,P1004,Cotton T-Shirt,Clothing,559,20,6589,0,44,99,55341
11-01-2024,P1004,Cotton T-Shirt,Clothing,699,0,10119,0,1080,87,60813
12-01-2024,P1004,Cotton T-Shirt,Clothing,699,0,8842,0,1006,74,51726
13-01-2024,P1004,Cotton T-Shirt,Clothing,629,10,2743,0,897,109,68561
14-01-2024,P1004,Cotton T-Shirt,Clothing,699,0,3063,0,805,92,64308
15-01-2024,P1004,Cotton T-Shirt,Clothing,594,15,16096,0,679,126,74844
16-01-2024,P1004,Cotton T-Shirt,Clothing,629,10,18007,0,556,123,77367
17-01-2024,P1004,Cotton T-Shirt,Clothing,594,15,12014,0,447,109,64746
18-01-2024,P1004,Cotton T-Shirt,Clothing,699,0,3650,0,373,74,51726
19-01-2024,P1004,Cotton T-Shirt,Clothing,699,0,19459,0,279,94,65706
20-01-2024,P1004,Cotton T-Shirt,Clothing,699,0,7424,0,163,116,81084
21-01-2024,P1004,Cotton T-Shirt,Clothing,699,0,11203,0,28,135,94365
22-01-2024,P1004,Cotton T-Shirt,Clothing,699,0,15367,0,1080,104,72696
23-01-2024,P1004,Cotton T-Shirt,Clothing,699,0,10115,0,997,83,58017
24-01-2024,P1004,Cotton T-Shirt,Clothing,664,5,9766,1,856,141,93624
25-01-2024,P1004,Cotton T-Shirt,Clothing,699,0,19903,1,696,160,111840
26-01-2024,P1004,Cotton T-Shirt,Clothing,699,0,18471,1,563,133,92967
27-01-2024,P1004,Cotton T-Shirt,Clothing,664,5,5814,1,392,171,113544
28-01-2024,P1004,Cotton T-Shirt,Clothing,699,0,14178,1,237,155,108345
29-01-2024,P1004,Cotton T-Shirt,Clothing,699,0,12921,0,156,81,56619
30-01-2024,P1004,Cotton T-Shirt,Clothing,594,15,6233,0,32,124,73656
31-01-2024,P1004,Cotton T-Shirt,Clothing,699,0,7384,0,1080,104,72696
01-02-2024,P1004,Cotton T-Shirt,Clothing,699,0,11659,0,989,91,63609
02-02-2024,P1004,Cotton T-Shirt,Clothing,489,30,11478,0,839,150,73350
03-02-2024,P1004,Cotton T-Shirt,Clothing,489,30,10699,0,614,225,110025
04-02-2024,P1004,Cotton T-Shirt,Clothing,699,0,14247,0,480,134,93666
05-02-2024,P1004,Cotton T-Shirt,Clothing,699,0,7425,0,393,87,60813
06-02-2024,P1004,Cotton T-Shirt,Clothing,629,10,3889,0,289,104,65416
07-02-2024,P1004,Cotton T-Shirt,Clothing,699,0,7305,0,175,114,79686
08-02-2024,P1004,Cotton T-Shirt,Clothing,559,20,3117,0,53,122,68198
09-02-2024,P1004,Cotton T-Shirt,Clothing,699,0,11622,0,1080,87,60813
10-02-2024,P1004,Cotton T-Shirt,Clothing,699,0,16329,0,951,129,90171
11-02-2024,P1004,Cotton T-Shirt,Clothing,699,0,10995,0,828,123,85977
12-02-2024,P1004,Cotton T-Shirt,Clothing,664,5,3381,0,738,90,59760
13-02-2024,P1004,Cotton T-Shirt,Clothing,699,0,6419,0,640,98,68502
14-02-2024,P1004,Cotton T-Shirt,Clothing,699,0,4278,0,550,90,62910
15-02-2024,P1004,Cotton T-Shirt,Clothing,699,0,13647,0,454,96,67104
16-02-2024,P1004,Cotton T-Shirt,Clothing,699,0,4666,0,364,90,62910
17-02-2024,P1004,Cotton T-Shirt,Clothing,699,0,4678,0,259,105,73395
18-02-2024,P1004,Cotton T-Shirt,Clothing,594,15,9224,0,96,163,96822
19-02-2024,P1004,Cotton T-Shirt,Clothing,699,0,9670,0,14,82,57318
20-02-2024,P1004,Cotton T-Shirt,Clothing,594,15,7533,0,1080,127,75438
21-02-2024,P1004,Cotton T-Shirt,Clothing,699,0,13945,0,991,89,62211
22-02-2024,P1004,Cotton T-Shirt,Clothing,699,0,16733,0,890,101,70599
23-02-2024,P1004,Cotton T-Shirt,Clothing,629,10,11184,0,780,110,69190
24-02-2024,P1004,Cotton T-Shirt,Clothing,699,0,3849,0,665,115,80385
25-02-2024,P1004,Cotton T-Shirt,Clothing,664,5,17040,0,517,148,98272
26-02-2024,P1004,Cotton T-Shirt,Clothing,699,0,3815,0,415,102,71298
27-02-2024,P1004,Cotton T-Shirt,Clothing,664,5,12745,0,292,123,81672
28-02-2024,P1004,Cotton T-Shirt,Clothing,699,0,18372,0,181,111,77589
29-02-2024,P1004,Cotton T-Shirt,Clothing,629,10,18245,0,59,122,76738
01-03-2024,P1004,Cotton T-Shirt,Clothing,699,0,19598,0,1080,99,69201
02-03-2024,P1004,Cotton T-Shirt,Clothing,699,0,16466,0,951,129,90171
03-03-2024,P1004,Cotton T-Shirt,Clothing,699,0,16173,0,795,156,109044
04-03-2024,P1004,Cotton T-Shirt,Clothing,699,0,19871,0,671,124,86676
05-03-2024,P1004,Cotton T-Shirt,Clothing,699,0,3230,0,565,106,74094
06-03-2024,P1004,Cotton T-Shirt,Clothing,664,5,15305,0,449,116,77024
07-03-2024,P1004,Cotton T-Shirt,Clothing,699,0,17678,0,344,105,73395
08-03-2024,P1004,Cotton T-Shirt,Clothing,489,30,14252,0,170,174,85086
09-03-2024,P1004,Cotton T-Shirt,Clothing,699,0,19732,0,14,156,109044
10-03-2024,P1004,Cotton T-Shirt,Clothing,699,0,6963,0,1080,132,92268
11-03-2024,P1004,Cotton T-Shirt,Clothing,699,0,19385,0,967,113,78987
12-03-2024,P1004,Cotton T-Shirt,Clothing,664,5,11327,0,846,121,80344
13-03-2024,P1004,Cotton T-Shirt,Clothing,629,10,10405,0,725,121,76109
14-03-2024,P1004,Cotton T-Shirt,Clothing,699,0,13193,0,613,112,78288
15-03-2024,P1004,Cotton T-Shirt,Clothing,699,0,6010,0,521,92,64308
16-03-2024,P1004,Cotton T-Shirt,Clothing,699,0,19443,0,381,140,97860
17-03-2024,P1004,Cotton T-Shirt,Clothing,559,20,10760,0,189,192,107328
18-03-2024,P1004,Cotton T-Shirt,Clothing,594,15,4335,0,54,135,80190
19-03-2024,P1004,Cotton T-Shirt,Clothing,629,10,19864,0,1080,148,93092
20-03-2024,P1004,Cotton T-Shirt,Clothing,559,20,10225,0,943,137,76583
21-03-2024,P1004,Cotton T-Shirt,Clothing,559,20,3791,0,792,151,84409
22-03-2024,P1004,Cotton T-Shirt,Clothing,699,0,6691,0,675,117,81783
23-03-2024,P1004,Cotton T-Shirt,Clothing,699,0,15302,1,466,209,146091
24-03-2024,P1004,Cotton T-Shirt,Clothing,699,0,16302,1,246,220,153780
25-03-2024,P1004,Cotton T-Shirt,Clothing,699,0,10245,1,70,176,123024
26-03-2024,P1004,Cotton T-Shirt,Clothing,699,0,8872,1,1080,155,108345
27-03-2024,P1004,Cotton T-Shirt,Clothing,489,30,10695,1,811,269,131541
28-03-2024,P1004,Cotton T-Shirt,Clothing,664,5,11995,0,667,144,95616
29-03-2024,P1004,Cotton T-Shirt,Clothing,629,10,7475,0,536,131,82399
30-03-2024,P1004,Cotton T-Shirt,Clothing,664,5,14800,0,390,146,96944
31-03-2024,P1004,Cotton T-Shirt,Clothing,699,0,19919,0,240,150,104850
01-04-2024,P1004,Cotton T-Shirt,Clothing,699,0,3159,0,147,93,65007
02-04-2024,P1004,Cotton T-Shirt,Clothing,699,0,14999,0,37,110,76890
03-04-2024,P1004,Cotton T-Shirt,Clothing,699,0,7821,0,1080,106,74094
04-04-2024,P1004,Cotton T-Shirt,Clothing,699,0,14389,0,980,100,69900
05-04-2024,P1004,Cotton T-Shirt,Clothing,699,0,7964,0,882,98,68502
06-04-2024,P1004,Cotton T-Shirt,Clothing,699,0,3101,0,736,146,102054
07-04-2024,P1004,Cotton T-Shirt,Clothing,699,0,11387,0,610,126,88074
08-04-2024,P1004,Cotton T-Shirt,Clothing,699,0,10363,0,475,135,94365
09-04-2024,P1004,Cotton T-Shirt,Clothing,699,0,12808,0,355,120,83880
10-04-2024,P1004,Cotton T-Shirt,Clothing,664,5,6547,0,231,124,82336
11-04-2024,P1004,Cotton T-Shirt,Clothing,699,0,6273,0,116,115,80385
12-04-2024,P1004,Cotton T-Shirt,Clothing,594,15,19863,0,1080,159,94446
13-04-2024,P1004,Cotton T-Shirt,Clothing,699,0,18291,0,923,157,109743
14-04-2024,P1004,Cotton T-Shirt,Clothing,699,0,15643,0,760,163,113937
15-04-2024,P1004,Cotton T-Shirt,Clothing,699,0,8680,0,625,135,94365
16-04-2024,P1004,Cotton T-Shirt,Clothing,699,0,12769,0,504,121,84579
17-04-2024,P1004,Cotton T-Shirt,Clothing,699,0,17756,0,368,136,95064
18-04-2024,P1004,Cotton T-Shirt,Clothing,699,0,12379,0,247,121,84579
19-04-2024,P1004,Cotton T-Shirt,Clothing,559,20,3674,0,103,144,80496
20-04-2024,P1004,Cotton T-Shirt,Clothing,559,20,9666,0,1080,187,104533
21-04-2024,P1004,Cotton T-Shirt,Clothing,699,0,11352,0,942,138,96462
22-04-2024,P1004,Cotton T-Shirt,Clothing,664,5,13192,0,806,136,90304
23-04-2024,P1004,Cotton T-Shirt,Clothing,699,0,8327,0,668,138,96462
24-04-2024,P1004,Cotton T-Shirt,Clothing,664,5,11411,0,523,145,96280
25-04-2024,P1004,Cotton T-Shirt,Clothing,699,0,17170,0,412,111,77589
26-04-2024,P1004,Cotton T-Shirt,Clothing,699,0,19744,0,278,134,93666
27-04-2024,P1004,Cotton T-Shirt,Clothing,594,15,14657,0,78,200,118800
28-04-2024,P1004,Cotton T-Shirt,Clothing,699,0,13311,0,1080,148,103452
29-04-2024,P1004,Cotton T-Shirt,Clothing,699,0,13475,0,968,112,78288
30-04-2024,P1004,Cotton T-Shirt,Clothing,699,0,9050,0,863,105,73395
01-05-2024,P1004,Cotton T-Shirt,Clothing,699,0,15887,0,755,108,75492
02-05-2024,P1004,Cotton T-Shirt,Clothing,699,0,2397,0,674,81,56619
03-05-2024,P1004,Cotton T-Shirt,Clothing,664,5,19327,0,553,121,80344
04-05-2024,P1004,Cotton T-Shirt,Clothing,664,5,14050,0,384,169,112216
05-05-2024,P1004,Cotton T-Shirt,Clothing,699,0,17089,0,236,148,103452
06-05-2024,P1004,Cotton T-Shirt,Clothing,489,30,18381,0,41,195,95355
07-05-2024,P1004,Cotton T-Shirt,Clothing,699,0,14198,0,1080,118,82482
08-05-2024,P1004,Cotton T-Shirt,Clothing,699,0,2162,0,979,101,70599
09-05-2024,P1004,Cotton T-Shirt,Clothing,699,0,17121,0,844,135,94365
10-05-2024,P1004,Cotton T-Shirt,Clothing,594,15,8694,0,691,153,90882
11-05-2024,P1004,Cotton T-Shirt,Clothing,699,0,12766,0,530,161,112539
12-05-2024,P1004,Cotton T-Shirt,Clothing,629,10,4140,0,350,180,113220
13-05-2024,P1004,Cotton T-Shirt,Clothing,594,15,6408,0,200,150,89100
14-05-2024,P1004,Cotton T-Shirt,Clothing,699,0,8510,0,93,107,74793
15-05-2024,P1004,Cotton T-Shirt,Clothing,559,20,7698,0,1080,164,91676
16-05-2024,P1004,Cotton T-Shirt,Clothing,699,0,16962,0,955,125,87375
17-05-2024,P1004,Cotton T-Shirt,Clothing,699,0,4249,0,838,117,81783
18-05-2024,P1004,Cotton T-Shirt,Clothing,699,0,18381,0,682,156,109044
19-05-2024,P1004,Cotton T-Shirt,Clothing,559,20,18133,0,456,226,126334
20-05-2024,P1004,Cotton T-Shirt,Clothing,699,0,6888,0,330,126,88074
21-05-2024,P1004,Cotton T-Shirt,Clothing,664,5,5513,0,204,126,83664
22-05-2024,P1004,Cotton T-Shirt,Clothing,699,0,12259,0,75,129,90171
23-05-2024,P1004,Cotton T-Shirt,Clothing,559,20,18066,0,1080,200,111800
24-05-2024,P1004,Cotton T-Shirt,Clothing,699,0,15579,0,957,123,85977
25-05-2024,P1004,Cotton T-Shirt,Clothing,699,0,12063,0,810,147,102753
26-05-2024,P1004,Cotton T-Shirt,Clothing,664,5,11159,0,646,164,108896
27-05-2024,P1004,Cotton T-Shirt,Clothing,699,0,8570,0,521,125,87375
28-05-2024,P1004,Cotton T-Shirt,Clothing,594,15,3843,0,396,125,74250
29-05-2024,P1004,Cotton T-Shirt,Clothing,699,0,19154,0,256,140,97860
30-05-2024,P1004,Cotton T-Shirt,Clothing,699,0,19925,0,119,137,95763
31-05-2024,P1004,Cotton T-Shirt,Clothing,699,0,7842,0,1080,125,87375
01-06-2024,P1004,Cotton T-Shirt,Clothing,594,15,11964,0,877,203,120582
02-06-2024,P1004,Cotton T-Shirt,Clothing,629,10,9469,0,681,196,123284
03-06-2024,P1004,Cotton T-Shirt,Clothing,664,5,18073,0,528,153,101592
04-06-2024,P1004,Cotton T-Shirt,Clothing,629,10,5725,0,377,151,94979
05-06-2024,P1004,Cotton T-Shirt,Clothing,559,20,10026,0,187,190,106210
06-06-2024,P1004,Cotton T-Shirt,Clothing,559,20,17000,0,18,169,94471
07-06-2024,P1004,Cotton T-Shirt,Clothing,629,10,4825,0,1080,160,100640
08-06-2024,P1004,Cotton T-Shirt,Clothing,594,15,10707,0,885,195,115830
09-06-2024,P1004,Cotton T-Shirt,Clothing,699,0,16414,0,712,173,120927
10-06-2024,P1004,Cotton T-Shirt,Clothing,699,0,9761,0,603,109,76191
11-06-2024,P1004,Cotton T-Shirt,Clothing,699,0,18986,0,469,134,93666
12-06-2024,P1004,Cotton T-Shirt,Clothing,594,15,14628,0,291,178,105732
13-06-2024,P1004,Cotton T-Shirt,Clothing,629,10,2012,0,155,136,85544
14-06-2024,P1004,Cotton T-Shirt,Clothing,699,0,6401,0,46,109,76191
15-06-2024,P1004,Cotton T-Shirt,Clothing,699,0,10395,0,1080,154,107646
16-06-2024,P1004,Cotton T-Shirt,Clothing,664,5,6355,0,901,179,118856
17-06-2024,P1004,Cotton T-Shirt,Clothing,629,10,19196,0,732,169,106301
18-06-2024,P1004,Cotton T-Shirt,Clothing,699,0,7247,0,619,113,78987
19-06-2024,P1004,Cotton T-Shirt,Clothing,629,10,6497,0,471,148,93092
20-06-2024,P1004,Cotton T-Shirt,Clothing,699,0,8666,0,351,120,83880
21-06-2024,P1004,Cotton T-Shirt,Clothing,629,10,15557,0,203,148,93092
22-06-2024,P1004,Cotton T-Shirt,Clothing,699,0,10593,0,49,154,107646
23-06-2024,P1004,Cotton T-Shirt,Clothing,559,20,7485,0,1080,223,124657
24-06-2024,P1004,Cotton T-Shirt,Clothing,699,0,16905,0,944,136,95064
25-06-2024,P1004,Cotton T-Shirt,Clothing,594,15,6974,0,794,150,89100
26-06-2024,P1004,Cotton T-Shirt,Clothing,699,0,17050,0,670,124,86676
27-06-2024,P1004,Cotton T-Shirt,Clothing,699,0,8774,0,566,104,72696
28-06-2024,P1004,Cotton T-Shirt,Clothing,699,0,5704,0,442,124,86676
29-06-2024,P1004,Cotton T-Shirt,Clothing,699,0,12770,0,283,159,111141
30-06-2024,P1004,Cotton T-Shirt,Clothing,629,10,14424,0,96,187,117623
01-07-2024,P1004,Cotton T-Shirt,Clothing,699,0,9109,0,1080,111,77589
02-07-2024,P1004,Cotton T-Shirt,Clothing,699,0,12428,0,958,122,85278
03-07-2024,P1004,Cotton T-Shirt,Clothing,699,0,8771,0,833,125,87375
04-07-2024,P1004,Cotton T-Shirt,Clothing,699,0,3518,0,721,112,78288
05-07-2024,P1004,Cotton T-Shirt,Clothing,699,0,12335,0,578,143,99957
06-07-2024,P1004,Cotton T-Shirt,Clothing,699,0,8853,0,419,159,111141
07-07-2024,P1004,Cotton T-Shirt,Clothing,559,20,11522,0,231,188,105092
08-07-2024,P1004,Cotton T-Shirt,Clothing,559,20,19846,0,32,199,111241
09-07-2024,P1004,Cotton T-Shirt,Clothing,629,10,6000,0,1080,133,83657
10-07-2024,P1004,Cotton T-Shirt,Clothing,489,30,9905,0,890,190,92910
11-07-2024,P1004,Cotton T-Shirt,Clothing,699,0,3134,0,766,124,86676
12-07-2024,P1004,Cotton T-Shirt,Clothing,664,5,6917,0,640,126,83664
13-07-2024,P1004,Cotton T-Shirt,Clothing,699,0,11842,0,485,155,108345
14-07-2024,P1004,Cotton T-Shirt,Clothing,699,0,12527,0,315,170,118830
15-07-2024,P1004,Cotton T-Shirt,Clothing,594,15,19235,0,134,181,107514
16-07-2024,P1004,Cotton T-Shirt,Clothing,629,10,10659,0,1,133,83657
17-07-2024,P1004,Cotton T-Shirt,Clothing,699,0,5183,0,1080,117,81783
18-07-2024,P1004,Cotton T-Shirt,Clothing,699,0,17073,0,959,121,84579
19-07-2024,P1004,Cotton T-Shirt,Clothing,664,5,16456,0,830,129,85656
20-07-2024,P1004,Cotton T-Shirt,Clothing,559,20,2916,0,642,188,105092
21-07-2024,P1004,Cotton T-Shirt,Clothing,629,10,17329,0,455,187,117623
22-07-2024,P1004,Cotton T-Shirt,Clothing,594,15,14630,0,316,139,82566
23-07-2024,P1004,Cotton T-Shirt,Clothing,699,0,15584,0,192,124,86676
24-07-2024,P1004,Cotton T-Shirt,Clothing,594,15,6772,0,41,151,89694
25-07-2024,P1004,Cotton T-Shirt,Clothing,699,0,10817,0,1080,119,83181
26-07-2024,P1004,Cotton T-Shirt,Clothing,699,0,3456,0,971,109,76191
27-07-2024,P1004,Cotton T-Shirt,Clothing,699,0,7739,0,808,163,113937
28-07-2024,P1004,Cotton T-Shirt,Clothing,699,0,9868,0,655,153,106947
29-07-2024,P1004,Cotton T-Shirt,Clothing,699,0,16256,0,516,139,97161
30-07-2024,P1004,Cotton T-Shirt,Clothing,699,0,7649,0,382,134,93666
31-07-2024,P1004,Cotton T-Shirt,Clothing,699,0,18482,0,243,139,97161
01-08-2024,P1004,Cotton T-Shirt,Clothing,559,20,4049,0,119,124,69316
02-08-2024,P1004,Cotton T-Shirt,Clothing,629,10,11360,0,1080,120,75480
03-08-2024,P1004,Cotton T-Shirt,Clothing,699,0,7779,0,924,156,109044
04-08-2024,P1004,Cotton T-Shirt,Clothing,629,10,2244,0,767,157,98753
05-08-2024,P1004,Cotton T-Shirt,Clothing,594,15,19169,0,609,158,93852
06-08-2024,P1004,Cotton T-Shirt,Clothing,699,0,7862,0,488,121,84579
07-08-2024,P1004,Cotton T-Shirt,Clothing,559,20,5932,0,323,165,92235
08-08-2024,P1004,Cotton T-Shirt,Clothing,699,0,10023,0,187,136,95064
09-08-2024,P1004,Cotton T-Shirt,Clothing,664,5,2175,0,94,93,61752
10-08-2024,P1004,Cotton T-Shirt,Clothing,594,15,6263,0,1080,171,101574
11-08-2024,P1004,Cotton T-Shirt,Clothing,699,0,9389,0,931,149,104151
12-08-2024,P1004,Cotton T-Shirt,Clothing,629,10,2272,0,808,123,77367
13-08-2024,P1004,Cotton T-Shirt,Clothing,699,0,13004,1,647,161,112539
14-08-2024,P1004,Cotton T-Shirt,Clothing,664,5,13172,1,441,206,136784
15-08-2024,P1004,Cotton T-Shirt,Clothing,664,5,11690,1,231,210,139440
16-08-2024,P1004,Cotton T-Shirt,Clothing,559,20,19925,1,1080,251,140309
17-08-2024,P1004,Cotton T-Shirt,Clothing,664,5,5134,1,854,226,150064
18-08-2024,P1004,Cotton T-Shirt,Clothing,699,0,5242,0,712,142,99258
19-08-2024,P1004,Cotton T-Shirt,Clothing,699,0,4820,0,605,107,74793
20-08-2024,P1004,Cotton T-Shirt,Clothing,699,0,8702,0,481,124,86676
21-08-2024,P1004,Cotton T-Shirt,Clothing,699,0,17746,0,365,116,81084
22-08-2024,P1004,Cotton T-Shirt,Clothing,699,0,8567,0,273,92,64308
23-08-2024,P1004,Cotton T-Shirt,Clothing,489,30,13825,0,86,187,91443
24-08-2024,P1004,Cotton T-Shirt,Clothing,559,20,10487,0,1080,190,106210
25-08-2024,P1004,Cotton T-Shirt,Clothing,699,0,5209,0,938,142,99258
26-08-2024,P1004,Cotton T-Shirt,Clothing,489,30,3509,0,769,169,82641
27-08-2024,P1004,Cotton T-Shirt,Clothing,664,5,11537,0,645,124,82336
28-08-2024,P1004,Cotton T-Shirt,Clothing,594,15,8054,0,507,138,81972
29-08-2024,P1004,Cotton T-Shirt,Clothing,699,0,5218,0,374,133,92967
30-08-2024,P1004,Cotton T-Shirt,Clothing,699,0,13136,0,281,93,65007
31-08-2024,P1004,Cotton T-Shirt,Clothing,699,0,4218,0,155,126,88074
01-09-2024,P1004,Cotton T-Shirt,Clothing,699,0,9695,0,17,138,96462
02-09-2024,P1004,Cotton T-Shirt,Clothing,699,0,8953,0,1080,102,71298
03-09-2024,P1004,Cotton T-Shirt,Clothing,699,0,17952,0,963,117,81783
04-09-2024,P1004,Cotton T-Shirt,Clothing,559,20,15971,0,822,141,78819
05-09-2024,P1004,Cotton T-Shirt,Clothing,699,0,4703,0,728,94,65706
06-09-2024,P1004,Cotton T-Shirt,Clothing,594,15,18516,0,574,154,91476
07-09-2024,P1004,Cotton T-Shirt,Clothing,559,20,4204,0,412,162,90558
08-09-2024,P1004,Cotton T-Shirt,Clothing,699,0,13083,0,257,155,108345
09-09-2024,P1004,Cotton T-Shirt,Clothing,699,0,9616,0,145,112,78288
10-09-2024,P1004,Cotton T-Shirt,Clothing,699,0,13544,0,35,110,76890
11-09-2024,P1004,Cotton T-Shirt,Clothing,699,0,2932,0,1080,104,72696
12-09-2024,P1004,Cotton T-Shirt,Clothing,699,0,18082,0,959,121,84579
13-09-2024,P1004,Cotton T-Shirt,Clothing,664,5,4380,0,860,99,65736
14-09-2024,P1004,Cotton T-Shirt,Clothing,699,0,7043,0,716,144,100656
15-09-2024,P1004,Cotton T-Shirt,Clothing,559,20,17873,0,528,188,105092
16-09-2024,P1004,Cotton T-Shirt,Clothing,699,0,14547,0,424,104,72696
17-09-2024,P1004,Cotton T-Shirt,Clothing,699,0,15878,0,332,92,64308
18-09-2024,P1004,Cotton T-Shirt,Clothing,594,15,15339,0,193,139,82566
19-09-2024,P1004,Cotton T-Shirt,Clothing,559,20,12195,0,48,145,81055
20-09-2024,P1004,Cotton T-Shirt,Clothing,699,0,9961,0,1080,89,62211
21-09-2024,P1004,Cotton T-Shirt,Clothing,699,0,14593,0,951,129,90171
22-09-2024,P1004,Cotton T-Shirt,Clothing,594,15,17796,0,788,163,96822
23-09-2024,P1004,Cotton T-Shirt,Clothing,699,0,14740,0,690,98,68502
24-09-2024,P1004,Cotton T-Shirt,Clothing,699,0,5055,0,589,101,70599
25-09-2024,P1004,Cotton T-Shirt,Clothing,629,10,14332,0,457,132,83028
26-09-2024,P1004,Cotton T-Shirt,Clothing,629,10,18405,0,345,112,70448
27-09-2024,P1004,Cotton T-Shirt,Clothing,629,10,5904,0,235,110,69190
28-09-2024,P1004,Cotton T-Shirt,Clothing,699,0,8591,0,104,131,91569
29-09-2024,P1004,Cotton T-Shirt,Clothing,664,5,6541,0,1080,145,96280
30-09-2024,P1004,Cotton T-Shirt,Clothing,699,0,5603,0,989,91,63609
01-10-2024,P1004,Cotton T-Shirt,Clothing,699,0,2357,0,907,82,57318
02-10-2024,P1004,Cotton T-Shirt,Clothing,699,0,16348,0,802,105,73395
03-10-2024,P1004,Cotton T-Shirt,Clothing,699,0,10455,0,692,110,76890
04-10-2024,P1004,Cotton T-Shirt,Clothing,594,15,6929,0,565,127,75438
05-10-2024,P1004,Cotton T-Shirt,Clothing,699,0,16684,0,439,126,88074
06-10-2024,P1004,Cotton T-Shirt,Clothing,629,10,14690,0,265,174,109446
07-10-2024,P1004,Cotton T-Shirt,Clothing,699,0,13544,0,163,102,71298
08-10-2024,P1004,Cotton T-Shirt,Clothing,699,0,18708,0,56,107,74793
09-10-2024,P1004,Cotton T-Shirt,Clothing,664,5,14085,0,1080,123,81672
10-10-2024,P1004,Cotton T-Shirt,Clothing,664,5,18630,0,958,122,81008
11-10-2024,P1004,Cotton T-Shirt,Clothing,699,0,12935,0,853,105,73395
12-10-2024,P1004,Cotton T-Shirt,Clothing,699,0,13149,0,732,121,84579
13-10-2024,P1004,Cotton T-Shirt,Clothing,699,0,16419,0,611,121,84579
14-10-2024,P1004,Cotton T-Shirt,Clothing,699,0,3731,0,516,95,66405
15-10-2024,P1004,Cotton T-Shirt,Clothing,559,20,13041,0,379,137,76583
16-10-2024,P1004,Cotton T-Shirt,Clothing,489,30,16015,0,209,170,83130
17-10-2024,P1004,Cotton T-Shirt,Clothing,699,0,11973,0,109,100,69900
18-10-2024,P1004,Cotton T-Shirt,Clothing,699,0,2393,0,24,85,59415
19-10-2024,P1004,Cotton T-Shirt,Clothing,699,0,16629,0,1080,133,92967
20-10-2024,P1004,Cotton T-Shirt,Clothing,699,0,17111,0,964,116,81084
21-10-2024,P1004,Cotton T-Shirt,Clothing,699,0,18739,0,852,112,78288
22-10-2024,P1004,Cotton T-Shirt,Clothing,664,5,4599,0,758,94,62416
23-10-2024,P1004,Cotton T-Shirt,Clothing,699,0,6027,0,660,98,68502
24-10-2024,P1004,Cotton T-Shirt,Clothing,699,0,6984,0,557,103,71997
25-10-2024,P1004,Cotton T-Shirt,Clothing,699,0,13819,0,447,110,76890
26-10-2024,P1004,Cotton T-Shirt,Clothing,629,10,7149,0,300,147,92463
27-10-2024,P1004,Cotton T-Shirt,Clothing,559,20,19677,0,133,167,93353
28-10-2024,P1004,Cotton T-Shirt,Clothing,699,0,6985,0,38,95,66405
29-10-2024,P1004,Cotton T-Shirt,Clothing,629,10,17650,0,1080,126,79254
30-10-2024,P1004,Cotton T-Shirt,Clothing,559,20,17283,1,876,204,114036
31-10-2024,P1004,Cotton T-Shirt,Clothing,629,10,19569,1,694,182,114478
01-11-2024,P1004,Cotton T-Shirt,Clothing,594,15,2811,1,524,170,100980
02-11-2024,P1004,Cotton T-Shirt,Clothing,699,0,4593,1,348,176,123024
03-11-2024,P1004,Cotton T-Shirt,Clothing,489,30,15473,1,31,317,155013
04-11-2024,P1004,Cotton T-Shirt,Clothing,629,10,10415,0,1080,106,66674
05-11-2024,P1004,Cotton T-Shirt,Clothing,594,15,16666,0,961,119,70686
06-11-2024,P1004,Cotton T-Shirt,Clothing,629,10,12037,0,850,111,69819
07-11-2024,P1004,Cotton T-Shirt,Clothing,664,5,14963,0,735,115,76360
08-11-2024,P1004,Cotton T-Shirt,Clothing,699,0,18606,0,638,97,67803
09-11-2024,P1004,Cotton T-Shirt,Clothing,559,20,13722,0,461,177,98943
10-11-2024,P1004,Cotton T-Shirt,Clothing,699,0,13009,0,357,104,72696
11-11-2024,P1004,Cotton T-Shirt,Clothing,489,30,7980,0,212,145,70905
12-11-2024,P1004,Cotton T-Shirt,Clothing,664,5,10515,0,97,115,76360
13-11-2024,P1004,Cotton T-Shirt,Clothing,699,0,10688,0,15,82,57318
14-11-2024,P1004,Cotton T-Shirt,Clothing,699,0,5513,0,1080,93,65007
15-11-2024,P1004,Cotton T-Shirt,Clothing,489,30,3590,0,934,146,71394
16-11-2024,P1004,Cotton T-Shirt,Clothing,699,0,13456,0,797,137,95763
17-11-2024,P1004,Cotton T-Shirt,Clothing,559,20,14970,0,627,170,95030
18-11-2024,P1004,Cotton T-Shirt,Clothing,699,0,12506,0,513,114,79686
19-11-2024,P1004,Cotton T-Shirt,Clothing,629,10,5673,0,394,119,74851
20-11-2024,P1004,Cotton T-Shirt,Clothing,699,0,16990,0,294,100,69900
21-11-2024,P1004,Cotton T-Shirt,Clothing,489,30,13819,0,133,161,78729
22-11-2024,P1004,Cotton T-Shirt,Clothing,699,0,2478,0,49,84,58716
23-11-2024,P1004,Cotton T-Shirt,Clothing,699,0,14415,0,1080,112,78288
24-11-2024,P1004,Cotton T-Shirt,Clothing,559,20,5330,0,915,165,92235
25-11-2024,P1004,Cotton T-Shirt,Clothing,699,0,15347,0,802,113,78987
26-11-2024,P1004,Cotton T-Shirt,Clothing,629,10,13020,0,697,105,66045
27-11-2024,P1004,Cotton T-Shirt,Clothing,699,0,4016,0,586,111,77589
28-11-2024,P1004,Cotton T-Shirt,Clothing,629,10,5918,0,489,97,61013
29-11-2024,P1004,Cotton T-Shirt,Clothing,664,5,6933,0,379,110,73040
30-11-2024,P1004,Cotton T-Shirt,Clothing,699,0,16164,0,249,130,90870
01-12-2024,P1004,Cotton T-Shirt,Clothing,629,10,11806,0,79,170,106930
02-12-2024,P1004,Cotton T-Shirt,Clothing,699,0,10368,0,1080,86,60114
03-12-2024,P1004,Cotton T-Shirt,Clothing,699,0,17837,0,959,121,84579
04-12-2024,P1004,Cotton T-Shirt,Clothing,699,0,17967,0,860,99,69201
05-12-2024,P1004,Cotton T-Shirt,Clothing,699,0,6057,0,777,83,58017
06-12-2024,P1004,Cotton T-Shirt,Clothing,699,0,10879,0,690,87,60813
07-12-2024,P1004,Cotton T-Shirt,Clothing,699,0,14753,0,567,123,85977
08-12-2024,P1004,Cotton T-Shirt,Clothing,594,15,3544,0,410,157,93258
09-12-2024,P1004,Cotton T-Shirt,Clothing,559,20,2100,0,284,126,70434
10-12-2024,P1004,Cotton T-Shirt,Clothing,699,0,16670,0,197,87,60813
11-12-2024,P1004,Cotton T-Shirt,Clothing,594,15,17997,0,63,134,79596
12-12-2024,P1004,Cotton T-Shirt,Clothing,629,10,16032,0,1080,119,74851
13-12-2024,P1004,Cotton T-Shirt,Clothing,699,0,4123,0,979,101,70599
14-12-2024,P1004,Cotton T-Shirt,Clothing,699,0,14183,0,861,118,82482
15-12-2024,P1004,Cotton T-Shirt,Clothing,664,5,15179,0,721,140,92960
16-12-2024,P1004,Cotton T-Shirt,Clothing,699,0,2118,0,614,107,74793
17-12-2024,P1004,Cotton T-Shirt,Clothing,594,15,2217,0,514,100,59400
18-12-2024,P1004,Cotton T-Shirt,Clothing,629,10,18966,0,388,126,79254
19-12-2024,P1004,Cotton T-Shirt,Clothing,699,0,12506,0,292,96,67104
20-12-2024,P1004,Cotton T-Shirt,Clothing,699,0,15778,0,178,114,79686
21-12-2024,P1004,Cotton T-Shirt,Clothing,699,0,18086,0,50,128,89472
22-12-2024,P1004,Cotton T-Shirt,Clothing,594,15,6186,0,1080,171,101574
23-12-2024,P1004,Cotton T-Shirt,Clothing,699,0,7904,1,935,145,101355
24-12-2024,P1004,Cotton T-Shirt,Clothing,699,0,9465,1,795,140,97860
25-12-2024,P1004,Cotton T-Shirt,Clothing,699,0,5018,1,666,129,90171
26-12-2024,P1004,Cotton T-Shirt,Clothing,699,0,4477,1,523,143,99957
27-12-2024,P1004,Cotton T-Shirt,Clothing,664,5,6971,1,350,173,114872
28-12-2024,P1004,Cotton T-Shirt,Clothing,664,5,5831,0,229,121,80344
29-12-2024,P1004,Cotton T-Shirt,Clothing,699,0,14385,0,107,122,85278
30-12-2024,P1004,Cotton T-Shirt,Clothing,699,0,4290,0,15,92,64308
31-12-2024,P1004,Cotton T-Shirt,Clothing,699,0,7369,0,1080,98,68502
01-01-2025,P1004,Cotton T-Shirt,Clothing,594,15,12375,0,951,129,76626
02-01-2025,P1004,Cotton T-Shirt,Clothing,559,20,10811,0,829,122,68198
03-01-2025,P1004,Cotton T-Shirt,Clothing,699,0,15763,0,742,87,60813
04-01-2025,P1004,Cotton T-Shirt,Clothing,629,10,14411,0,584,158,99382
05-01-2025,P1004,Cotton T-Shirt,Clothing,594,15,10235,0,435,149,88506
06-01-2025,P1004,Cotton T-Shirt,Clothing,699,0,17740,0,349,86,60114
07-01-2025,P1004,Cotton T-Shirt,Clothing,699,0,12836,0,235,114,79686
08-01-2025,P1004,Cotton T-Shirt,Clothing,699,0,8722,0,140,95,66405
09-01-2025,P1004,Cotton T-Shirt,Clothing,664,5,3854,0,38,102,67728
10-01-2025,P1004,Cotton T-Shirt,Clothing,699,0,9327,0,1080,104,72696
11-01-2025,P1004,Cotton T-Shirt,Clothing,699,0,6007,0,949,131,91569
12-01-2025,P1004,Cotton T-Shirt,Clothing,594,15,10404,0,785,164,97416
13-01-2025,P1004,Cotton T-Shirt,Clothing,699,0,6292,0,702,83,58017
14-01-2025,P1004,Cotton T-Shirt,Clothing,699,0,16569,0,595,107,74793
15-01-2025,P1004,Cotton T-Shirt,Clothing,699,0,5589,0,486,109,76191
16-01-2025,P1004,Cotton T-Shirt,Clothing,559,20,2484,0,352,134,74906
17-01-2025,P1004,Cotton T-Shirt,Clothing,629,10,5806,0,232,120,75480
18-01-2025,P1004,Cotton T-Shirt,Clothing,664,5,5209,0,86,146,96944
19-01-2025,P1004,Cotton T-Shirt,Clothing,699,0,10761,0,1080,141,98559
20-01-2025,P1004,Cotton T-Shirt,Clothing,629,10,14699,0,952,128,80512
21-01-2025,P1004,Cotton T-Shirt,Clothing,629,10,8640,0,841,111,69819
22-01-2025,P1004,Cotton T-Shirt,Clothing,594,15,7101,0,719,122,72468
23-01-2025,P1004,Cotton T-Shirt,Clothing,699,0,19580,0,605,114,79686
24-01-2025,P1004,Cotton T-Shirt,Clothing,629,10,8341,1,410,195,122655
25-01-2025,P1004,Cotton T-Shirt,Clothing,699,0,17143,1,224,186,130014
26-01-2025,P1004,Cotton T-Shirt,Clothing,699,0,12187,1,3,221,154479
27-01-2025,P1004,Cotton T-Shirt,Clothing,699,0,15006,1,1080,189,132111
28-01-2025,P1004,Cotton T-Shirt,Clothing,594,15,16855,1,843,237,140778
29-01-2025,P1004,Cotton T-Shirt,Clothing,699,0,17264,0,713,130,90870
30-01-2025,P1004,Cotton T-Shirt,Clothing,699,0,8242,0,606,107,74793
31-01-2025,P1004,Cotton T-Shirt,Clothing,699,0,17426,0,497,109,76191
01-02-2025,P1004,Cotton T-Shirt,Clothing,699,0,16520,0,356,141,98559
02-02-2025,P1004,Cotton T-Shirt,Clothing,699,0,19164,0,213,143,99957
03-02-2025,P1004,Cotton T-Shirt,Clothing,699,0,7481,0,98,115,80385
04-02-2025,P1004,Cotton T-Shirt,Clothing,699,0,18085,0,1080,112,78288
05-02-2025,P1004,Cotton T-Shirt,Clothing,699,0,8250,0,966,114,79686
06-02-2025,P1004,Cotton T-Shirt,Clothing,594,15,14736,0,828,138,81972
07-02-2025,P1004,Cotton T-Shirt,Clothing,664,5,12580,0,690,138,91632
08-02-2025,P1004,Cotton T-Shirt,Clothing,699,0,5862,0,546,144,100656
09-02-2025,P1004,Cotton T-Shirt,Clothing,594,15,3000,0,384,162,96228
10-02-2025,P1004,Cotton T-Shirt,Clothing,699,0,16802,0,284,100,69900
11-02-2025,P1004,Cotton T-Shirt,Clothing,699,0,18035,0,183,101,70599
12-02-2025,P1004,Cotton T-Shirt,Clothing,664,5,19638,0,38,145,96280
13-02-2025,P1004,Cotton T-Shirt,Clothing,699,0,12157,0,1080,123,85977
14-02-2025,P1004,Cotton T-Shirt,Clothing,594,15,4048,0,942,138,81972
15-02-2025,P1004,Cotton T-Shirt,Clothing,699,0,13624,0,786,156,109044
16-02-2025,P1004,Cotton T-Shirt,Clothing,699,0,10163,0,659,127,88773
17-02-2025,P1004,Cotton T-Shirt,Clothing,699,0,13259,0,542,117,81783
18-02-2025,P1004,Cotton T-Shirt,Clothing,664,5,3625,0,430,112,74368
19-02-2025,P1004,Cotton T-Shirt,Clothing,699,0,15685,0,318,112,78288
20-02-2025,P1004,Cotton T-Shirt,Clothing,699,0,15849,0,211,107,74793
21-02-2025,P1004,Cotton T-Shirt,Clothing,699,0,13472,0,104,107,74793
22-02-2025,P1004,Cotton T-Shirt,Clothing,699,0,19230,0,1080,162,113238
23-02-2025,P1004,Cotton T-Shirt,Clothing,594,15,5954,0,897,183,108702
24-02-2025,P1004,Cotton T-Shirt,Clothing,629,10,2440,0,772,125,78625
25-02-2025,P1004,Cotton T-Shirt,Clothing,699,0,6283,0,663,109,76191
26-02-2025,P1004,Cotton T-Shirt,Clothing,699,0,8609,0,552,111,77589
27-02-2025,P1004,Cotton T-Shirt,Clothing,699,0,12238,0,448,104,72696
28-02-2025,P1004,Cotton T-Shirt,Clothing,699,0,12196,0,318,130,90870
01-03-2025,P1004,Cotton T-Shirt,Clothing,699,0,9574,0,163,155,108345
02-03-2025,P1004,Cotton T-Shirt,Clothing,629,10,11013,0,1080,178,111962
03-03-2025,P1004,Cotton T-Shirt,Clothing,699,0,6495,0,959,121,84579
04-03-2025,P1004,Cotton T-Shirt,Clothing,699,0,19007,0,859,100,69900
05-03-2025,P1004,Cotton T-Shirt,Clothing,699,0,3916,0,754,105,73395
06-03-2025,P1004,Cotton T-Shirt,Clothing,699,0,19656,0,614,140,97860
07-03-2025,P1004,Cotton T-Shirt,Clothing,699,0,16369,0,495,119,83181
08-03-2025,P1004,Cotton T-Shirt,Clothing,664,5,4647,0,358,137,90968
09-03-2025,P1004,Cotton T-Shirt,Clothing,629,10,8598,0,182,176,110704
10-03-2025,P1004,Cotton T-Shirt,Clothing,699,0,13708,0,75,107,74793
11-03-2025,P1004,Cotton T-Shirt,Clothing,699,0,14082,0,1080,120,83880
12-03-2025,P1004,Cotton T-Shirt,Clothing,699,0,18079,1,897,183,127917
13-03-2025,P1004,Cotton T-Shirt,Clothing,699,0,6038,1,725,172,120228
14-03-2025,P1004,Cotton T-Shirt,Clothing,629,10,12806,1,516,209,131461
15-03-2025,P1004,Cotton T-Shirt,Clothing,699,0,7902,1,302,214,149586
16-03-2025,P1004,Cotton T-Shirt,Clothing,699,0,15527,1,33,269,188031
17-03-2025,P1004,Cotton T-Shirt,Clothing,699,0,12617,0,1080,107,74793
18-03-2025,P1004,Cotton T-Shirt,Clothing,664,5,16049,0,950,130,86320
19-03-2025,P1004,Cotton T-Shirt,Clothing,664,5,17473,0,814,136,90304
20-03-2025,P1004,Cotton T-Shirt,Clothing,629,10,6305,0,668,146,91834
21-03-2025,P1004,Cotton T-Shirt,Clothing,699,0,10132,0,547,121,84579
22-03-2025,P1004,Cotton T-Shirt,Clothing,699,0,11018,0,405,142,99258
23-03-2025,P1004,Cotton T-Shirt,Clothing,664,5,11020,0,233,172,114208
24-03-2025,P1004,Cotton T-Shirt,Clothing,699,0,15412,0,118,115,80385
25-03-2025,P1004,Cotton T-Shirt,Clothing,664,5,17920,0,1080,137,90968
26-03-2025,P1004,Cotton T-Shirt,Clothing,699,0,18425,0,940,140,97860
27-03-2025,P1004,Cotton T-Shirt,Clothing,629,10,7117,0,791,149,93721
28-03-2025,P1004,Cotton T-Shirt,Clothing,699,0,19258,0,644,147,102753
29-03-2025,P1004,Cotton T-Shirt,Clothing,699,0,4162,0,486,158,110442
30-03-2025,P1004,Cotton T-Shirt,Clothing,594,15,6330,0,305,181,107514
31-03-2025,P1004,Cotton T-Shirt,Clothing,629,10,5351,0,172,133,83657
01-04-2025,P1004,Cotton T-Shirt,Clothing,699,0,18941,0,36,136,95064
02-04-2025,P1004,Cotton T-Shirt,Clothing,699,0,2340,0,1080,113,78987
03-04-2025,P1004,Cotton T-Shirt,Clothing,699,0,3853,0,966,114,79686
04-04-2025,P1004,Cotton T-Shirt,Clothing,699,0,14216,0,830,136,95064
05-04-2025,P1004,Cotton T-Shirt,Clothing,699,0,16296,0,649,181,126519
06-04-2025,P1004,Cotton T-Shirt,Clothing,559,20,16669,0,426,223,124657
07-04-2025,P1004,Cotton T-Shirt,Clothing,559,20,4802,0,244,182,101738
08-04-2025,P1004,Cotton T-Shirt,Clothing,629,10,3653,0,91,153,96237
09-04-2025,P1004,Cotton T-Shirt,Clothing,559,20,5391,0,1080,153,85527
10-04-2025,P1004,Cotton T-Shirt,Clothing,699,0,19642,0,956,124,86676
11-04-2025,P1004,Cotton T-Shirt,Clothing,594,15,6441,0,805,151,89694
12-04-2025,P1004,Cotton T-Shirt,Clothing,699,0,17038,0,628,177,123723
13-04-2025,P1004,Cotton T-Shirt,Clothing,699,0,17596,0,460,168,117432
14-04-2025,P1004,Cotton T-Shirt,Clothing,699,0,11775,0,320,140,97860
15-04-2025,P1004,Cotton T-Shirt,Clothing,699,0,3713,0,190,130,90870
16-04-2025,P1004,Cotton T-Shirt,Clothing,699,0,3373,0,48,142,99258
17-04-2025,P1004,Cotton T-Shirt,Clothing,699,0,3818,0,1080,126,88074
18-04-2025,P1004,Cotton T-Shirt,Clothing,594,15,14289,0,915,165,98010
19-04-2025,P1004,Cotton T-Shirt,Clothing,664,5,5688,0,722,193,128152
20-04-2025,P1004,Cotton T-Shirt,Clothing,699,0,19624,0,542,180,125820
21-04-2025,P1004,Cotton T-Shirt,Clothing,699,0,19268,0,402,140,97860
22-04-2025,P1004,Cotton T-Shirt,Clothing,699,0,7041,0,287,115,80385
23-04-2025,P1004,Cotton T-Shirt,Clothing,559,20,15243,0,115,172,96148
24-04-2025,P1004,Cotton T-Shirt,Clothing,699,0,7542,0,1080,135,94365
25-04-2025,P1004,Cotton T-Shirt,Clothing,594,15,10592,0,900,180,106920
26-04-2025,P1004,Cotton T-Shirt,Clothing,664,5,18151,0,690,210,139440
27-04-2025,P1004,Cotton T-Shirt,Clothing,699,0,7366,0,511,179,125121
28-04-2025,P1004,Cotton T-Shirt,Clothing,559,20,7887,0,319,192,107328
29-04-2025,P1004,Cotton T-Shirt,Clothing,489,30,2656,0,126,193,94377
30-04-2025,P1004,Cotton T-Shirt,Clothing,699,0,6961,0,1080,147,102753
01-05-2025,P1004,Cotton T-Shirt,Clothing,699,0,12443,0,954,126,88074
02-05-2025,P1004,Cotton T-Shirt,Clothing,664,5,4229,0,816,138,91632
03-05-2025,P1004,Cotton T-Shirt,Clothing,594,15,11980,0,579,237,140778
04-05-2025,P1004,Cotton T-Shirt,Clothing,489,30,6819,0,328,251,122739
05-05-2025,P1004,Cotton T-Shirt,Clothing,699,0,14366,0,186,142,99258
06-05-2025,P1004,Cotton T-Shirt,Clothing,699,0,5064,0,62,124,86676
07-05-2025,P1004,Cotton T-Shirt,Clothing,559,20,14914,0,1080,210,117390
08-05-2025,P1004,Cotton T-Shirt,Clothing,699,0,4531,0,954,126,88074
09-05-2025,P1004,Cotton T-Shirt,Clothing,699,0,2172,0,823,131,91569
10-05-2025,P1004,Cotton T-Shirt,Clothing,699,0,2267,0,666,157,109743
11-05-2025,P1004,Cotton T-Shirt,Clothing,559,20,14992,0,404,262,146458
12-05-2025,P1004,Cotton T-Shirt,Clothing,559,20,16458,0,216,188,105092
13-05-2025,P1004,Cotton T-Shirt,Clothing,699,0,11088,0,52,164,114636
14-05-2025,P1004,Cotton T-Shirt,Clothing,699,0,18947,0,1080,154,107646
15-05-2025,P1004,Cotton T-Shirt,Clothing,559,20,8195,0,892,188,105092
16-05-2025,P1004,Cotton T-Shirt,Clothing,559,20,6781,0,714,178,99502
17-05-2025,P1004,Cotton T-Shirt,Clothing,559,20,4067,0,476,238,133042
18-05-2025,P1004,Cotton T-Shirt,Clothing,699,0,10451,0,298,178,124422
19-05-2025,P1004,Cotton T-Shirt,Clothing,629,10,2975,0,132,166,104414
20-05-2025,P1004,Cotton T-Shirt,Clothing,559,20,2778,0,1080,161,89999
21-05-2025,P1004,Cotton T-Shirt,Clothing,699,0,9231,0,939,141,98559
22-05-2025,P1004,Cotton T-Shirt,Clothing,699,0,11584,0,807,132,92268
23-05-2025,P1004,Cotton T-Shirt,Clothing,699,0,7419,0,691,116,81084
24-05-2025,P1004,Cotton T-Shirt,Clothing,699,0,4267,0,548,143,99957
25-05-2025,P1004,Cotton T-Shirt,Clothing,699,0,12944,0,378,170,118830
26-05-2025,P1004,Cotton T-Shirt,Clothing,629,10,3069,0,206,172,108188
27-05-2025,P1004,Cotton T-Shirt,Clothing,699,0,14110,0,56,150,104850
28-05-2025,P1004,Cotton T-Shirt,Clothing,699,0,4813,0,1080,134,93666
29-05-2025,P1004,Cotton T-Shirt,Clothing,699,0,19931,0,943,137,95763
30-05-2025,P1004,Cotton T-Shirt,Clothing,559,20,14384,0,764,179,100061
31-05-2025,P1004,Cotton T-Shirt,Clothing,699,0,12831,0,603,161,112539
01-06-2025,P1004,Cotton T-Shirt,Clothing,699,0,12241,0,439,164,114636
02-06-2025,P1004,Cotton T-Shirt,Clothing,699,0,13214,0,300,139,97161
03-06-2025,P1004,Cotton T-Shirt,Clothing,664,5,14114,0,145,155,102920
04-06-2025,P1004,Cotton T-Shirt,Clothing,699,0,7143,0,29,116,81084
05-06-2025,P1004,Cotton T-Shirt,Clothing,629,10,3919,0,1080,157,98753
06-06-2025,P1004,Cotton T-Shirt,Clothing,699,0,18797,0,936,144,100656
07-06-2025,P1004,Cotton T-Shirt,Clothing,699,0,11737,0,749,187,130713
08-06-2025,P1004,Cotton T-Shirt,Clothing,699,0,8383,0,570,179,125121
09-06-2025,P1004,Cotton T-Shirt,Clothing,664,5,8800,0,417,153,101592
10-06-2025,P1004,Cotton T-Shirt,Clothing,664,5,12354,0,247,170,112880
11-06-2025,P1004,Cotton T-Shirt,Clothing,699,0,19325,0,94,153,106947
12-06-2025,P1004,Cotton T-Shirt,Clothing,699,0,16778,0,1080,154,107646
13-06-2025,P1004,Cotton T-Shirt,Clothing,699,0,2051,0,960,120,83880
14-06-2025,P1004,Cotton T-Shirt,Clothing,699,0,7553,0,789,171,119529
15-06-2025,P1004,Cotton T-Shirt,Clothing,699,0,5853,0,616,173,120927
16-06-2025,P1004,Cotton T-Shirt,Clothing,594,15,13251,0,453,163,96822
17-06-2025,P1004,Cotton T-Shirt,Clothing,699,0,16356,0,307,146,102054
18-06-2025,P1004,Cotton T-Shirt,Clothing,699,0,10690,0,164,143,99957
19-06-2025,P1004,Cotton T-Shirt,Clothing,699,0,8288,0,22,142,99258
20-06-2025,P1004,Cotton T-Shirt,Clothing,699,0,5889,0,1080,138,96462
21-06-2025,P1004,Cotton T-Shirt,Clothing,699,0,9633,0,920,160,111840
22-06-2025,P1004,Cotton T-Shirt,Clothing,699,0,12157,0,761,159,111141
23-06-2025,P1004,Cotton T-Shirt,Clothing,699,0,2570,0,630,131,91569
24-06-2025,P1004,Cotton T-Shirt,Clothing,489,30,5656,0,433,197,96333
25-06-2025,P1004,Cotton T-Shirt,Clothing,559,20,9323,0,251,182,101738
26-06-2025,P1004,Cotton T-Shirt,Clothing,699,0,11878,0,114,137,95763
27-06-2025,P1004,Cotton T-Shirt,Clothing,629,10,7849,0,1080,166,104414
28-06-2025,P1004,Cotton T-Shirt,Clothing,699,0,17871,0,888,192,134208
29-06-2025,P1004,Cotton T-Shirt,Clothing,699,0,8963,0,725,163,113937
30-06-2025,P1004,Cotton T-Shirt,Clothing,594,15,4589,0,556,169,100386
01-07-2025,P1004,Cotton T-Shirt,Clothing,664,5,5048,0,409,147,97608
02-07-2025,P1004,Cotton T-Shirt,Clothing,594,15,7735,0,247,162,96228
03-07-2025,P1004,Cotton T-Shirt,Clothing,664,5,15917,0,70,177,117528
04-07-2025,P1004,Cotton T-Shirt,Clothing,699,0,16387,0,1080,134,93666
05-07-2025,P1004,Cotton T-Shirt,Clothing,594,15,3132,0,868,212,125928
06-07-2025,P1004,Cotton T-Shirt,Clothing,699,0,4972,0,693,175,122325
07-07-2025,P1004,Cotton T-Shirt,Clothing,629,10,15188,0,517,176,110704
08-07-2025,P1004,Cotton T-Shirt,Clothing,699,0,16431,0,390,127,88773
09-07-2025,P1004,Cotton T-Shirt,Clothing,559,20,7433,0,228,162,90558
10-07-2025,P1004,Cotton T-Shirt,Clothing,699,0,16178,0,69,159,111141
11-07-2025,P1004,Cotton T-Shirt,Clothing,489,30,2303,0,1080,206,100734
12-07-2025,P1004,Cotton T-Shirt,Clothing,559,20,18835,0,835,245,136955
13-07-2025,P1004,Cotton T-Shirt,Clothing,664,5,3808,0,668,167,110888
14-07-2025,P1004,Cotton T-Shirt,Clothing,489,30,9451,0,457,211,103179
15-07-2025,P1004,Cotton T-Shirt,Clothing,664,5,7435,0,331,126,83664
16-07-2025,P1004,Cotton T-Shirt,Clothing,699,0,14104,0,177,154,107646
17-07-2025,P1004,Cotton T-Shirt,Clothing,594,15,15532,0,1080,212,125928
18-07-2025,P1004,Cotton T-Shirt,Clothing,699,0,13906,0,944,136,95064
19-07-2025,P1004,Cotton T-Shirt,Clothing,699,0,14491,0,755,189,132111
20-07-2025,P1004,Cotton T-Shirt,Clothing,699,0,19338,0,593,162,113238
21-07-2025,P1004,Cotton T-Shirt,Clothing,699,0,11657,0,449,144,100656
22-07-2025,P1004,Cotton T-Shirt,Clothing,699,0,5237,0,321,128,89472
23-07-2025,P1004,Cotton T-Shirt,Clothing,699,0,8399,0,190,131,91569
24-07-2025,P1004,Cotton T-Shirt,Clothing,699,0,6776,0,69,121,84579
25-07-2025,P1004,Cotton T-Shirt,Clothing,629,10,6893,0,1080,150,94350
26-07-2025,P1004,Cotton T-Shirt,Clothing,699,0,7223,0,920,160,111840
27-07-2025,P1004,Cotton T-Shirt,Clothing,489,30,2050,0,667,253,123717
28-07-2025,P1004,Cotton T-Shirt,Clothing,699,0,17242,0,524,143,99957
29-07-2025,P1004,Cotton T-Shirt,Clothing,699,0,12562,0,390,134,93666
30-07-2025,P1004,Cotton T-Shirt,Clothing,699,0,2230,0,269,121,84579
31-07-2025,P1004,Cotton T-Shirt,Clothing,629,10,17994,0,74,195,122655
01-08-2025,P1004,Cotton T-Shirt,Clothing,699,0,14362,0,1080,144,100656
02-08-2025,P1004,Cotton T-Shirt,Clothing,699,0,19784,0,893,187,130713
03-08-2025,P1004,Cotton T-Shirt,Clothing,594,15,2393,0,726,167,99198
04-08-2025,P1004,Cotton T-Shirt,Clothing,664,5,13231,0,598,128,84992
05-08-2025,P1004,Cotton T-Shirt,Clothing,699,0,9539,0,459,139,97161
06-08-2025,P1004,Cotton T-Shirt,Clothing,699,0,12915,0,331,128,89472
07-08-2025,P1004,Cotton T-Shirt,Clothing,699,0,17805,0,185,146,102054
08-08-2025,P1004,Cotton T-Shirt,Clothing,629,10,8075,0,9,176,110704
09-08-2025,P1004,Cotton T-Shirt,Clothing,699,0,15218,0,1080,152,106248
10-08-2025,P1004,Cotton T-Shirt,Clothing,559,20,14514,0,844,236,131924
11-08-2025,P1004,Cotton T-Shirt,Clothing,699,0,3504,0,703,141,98559
12-08-2025,P1004,Cotton T-Shirt,Clothing,699,0,5443,0,585,118,82482
13-08-2025,P1004,Cotton T-Shirt,Clothing,594,15,9606,1,324,261,155034
14-08-2025,P1004,Cotton T-Shirt,Clothing,629,10,19770,1,80,244,153476
15-08-2025,P1004,Cotton T-Shirt,Clothing,699,0,19483,1,1080,214,149586
16-08-2025,P1004,Cotton T-Shirt,Clothing,699,0,2895,1,862,218,152382
17-08-2025,P1004,Cotton T-Shirt,Clothing,699,0,19110,1,629,233,162867
18-08-2025,P1004,Cotton T-Shirt,Clothing,489,30,13774,0,414,215,105135
19-08-2025,P1004,Cotton T-Shirt,Clothing,699,0,9691,0,295,119,83181
20-08-2025,P1004,Cotton T-Shirt,Clothing,664,5,13059,0,130,165,109560
21-08-2025,P1004,Cotton T-Shirt,Clothing,489,30,3813,0,1080,183,89487
22-08-2025,P1004,Cotton T-Shirt,Clothing,699,0,14285,0,940,140,97860
23-08-2025,P1004,Cotton T-Shirt,Clothing,699,0,5277,0,817,123,85977
24-08-2025,P1004,Cotton T-Shirt,Clothing,699,0,7734,0,651,166,116034
25-08-2025,P1004,Cotton T-Shirt,Clothing,699,0,4999,0,536,115,80385
26-08-2025,P1004,Cotton T-Shirt,Clothing,559,20,13407,0,366,170,95030
27-08-2025,P1004,Cotton T-Shirt,Clothing,489,30,3064,0,166,200,97800
28-08-2025,P1004,Cotton T-Shirt,Clothing,699,0,18179,0,52,114,79686
29-08-2025,P1004,Cotton T-Shirt,Clothing,664,5,17529,0,1080,158,104912
30-08-2025,P1004,Cotton T-Shirt,Clothing,699,0,4995,0,928,152,106248
31-08-2025,P1004,Cotton T-Shirt,Clothing,699,0,19200,0,769,159,111141
01-09-2025,P1004,Cotton T-Shirt,Clothing,559,20,12386,0,584,185,103415
02-09-2025,P1004,Cotton T-Shirt,Clothing,699,0,13611,0,466,118,82482
03-09-2025,P1004,Cotton T-Shirt,Clothing,699,0,5764,0,357,109,76191
04-09-2025,P1004,Cotton T-Shirt,Clothing,699,0,5200,0,238,119,83181
05-09-2025,P1004,Cotton T-Shirt,Clothing,699,0,17987,0,100,138,96462
06-09-2025,P1004,Cotton T-Shirt,Clothing,699,0,4242,0,1080,153,106947
07-09-2025,P1004,Cotton T-Shirt,Clothing,664,5,19552,0,905,175,116200
08-09-2025,P1004,Cotton T-Shirt,Clothing,699,0,6234,0,812,93,65007
09-09-2025,P1004,Cotton T-Shirt,Clothing,699,0,14518,0,680,132,92268
10-09-2025,P1004,Cotton T-Shirt,Clothing,699,0,13277,0,557,123,85977
11-09-2025,P1004,Cotton T-Shirt,Clothing,699,0,19636,0,420,137,95763
12-09-2025,P1004,Cotton T-Shirt,Clothing,699,0,4771,0,299,121,84579
13-09-2025,P1004,Cotton T-Shirt,Clothing,699,0,10282,0,167,132,92268
14-09-2025,P1004,Cotton T-Shirt,Clothing,699,0,12405,0,1080,182,127218
15-09-2025,P1004,Cotton T-Shirt,Clothing,629,10,10054,0,932,148,93092
16-09-2025,P1004,Cotton T-Shirt,Clothing,699,0,3505,0,836,96,67104
17-09-2025,P1004,Cotton T-Shirt,Clothing,629,10,6409,0,698,138,86802
18-09-2025,P1004,Cotton T-Shirt,Clothing,699,0,9919,0,573,125,87375
19-09-2025,P1004,Cotton T-Shirt,Clothing,699,0,5781,0,471,102,71298
20-09-2025,P1004,Cotton T-Shirt,Clothing,559,20,13602,0,253,218,121862
21-09-2025,P1004,Cotton T-Shirt,Clothing,559,20,16957,0,56,197,110123
22-09-2025,P1004,Cotton T-Shirt,Clothing,699,0,17394,0,1080,115,80385
23-09-2025,P1004,Cotton T-Shirt,Clothing,699,0,3370,0,943,137,95763
24-09-2025,P1004,Cotton T-Shirt,Clothing,699,0,6874,0,820,123,85977
25-09-2025,P1004,Cotton T-Shirt,Clothing,699,0,7968,0,690,130,90870
26-09-2025,P1004,Cotton T-Shirt,Clothing,629,10,10028,0,554,136,85544
27-09-2025,P1004,Cotton T-Shirt,Clothing,559,20,15319,0,330,224,125216
28-09-2025,P1004,Cotton T-Shirt,Clothing,699,0,5447,0,189,141,98559
29-09-2025,P1004,Cotton T-Shirt,Clothing,699,0,19068,0,77,112,78288
30-09-2025,P1004,Cotton T-Shirt,Clothing,699,0,2515,0,1080,81,56619
01-10-2025,P1004,Cotton T-Shirt,Clothing,699,0,7764,0,962,118,82482
02-10-2025,P1004,Cotton T-Shirt,Clothing,699,0,8265,0,865,97,67803
03-10-2025,P1004,Cotton T-Shirt,Clothing,699,0,14610,0,740,125,87375
04-10-2025,P1004,Cotton T-Shirt,Clothing,629,10,11638,0,574,166,104414
05-10-2025,P1004,Cotton T-Shirt,Clothing,664,5,7214,0,435,139,92296
06-10-2025,P1004,Cotton T-Shirt,Clothing,559,20,7508,0,284,151,84409
07-10-2025,P1004,Cotton T-Shirt,Clothing,699,0,19499,0,155,129,90171
08-10-2025,P1004,Cotton T-Shirt,Clothing,699,0,8588,0,40,115,80385
09-10-2025,P1004,Cotton T-Shirt,Clothing,699,0,14532,0,1080,130,90870
10-10-2025,P1004,Cotton T-Shirt,Clothing,629,10,18674,0,912,168,105672
11-10-2025,P1004,Cotton T-Shirt,Clothing,699,0,19137,0,756,156,109044
12-10-2025,P1004,Cotton T-Shirt,Clothing,559,20,7409,0,569,187,104533
13-10-2025,P1004,Cotton T-Shirt,Clothing,699,0,17551,0,455,114,79686
14-10-2025,P1004,Cotton T-Shirt,Clothing,699,0,14790,0,324,131,91569
15-10-2025,P1004,Cotton T-Shirt,Clothing,699,0,18988,0,202,122,85278
16-10-2025,P1004,Cotton T-Shirt,Clothing,699,0,19914,0,73,129,90171
17-10-2025,P1004,Cotton T-Shirt,Clothing,699,0,5587,0,1080,99,69201
18-10-2025,P1004,Cotton T-Shirt,Clothing,699,0,4102,1,888,192,134208
19-10-2025,P1004,Cotton T-Shirt,Clothing,699,0,16925,1,678,210,146790
20-10-2025,P1004,Cotton T-Shirt,Clothing,559,20,19276,1,442,236,131924
21-10-2025,P1004,Cotton T-Shirt,Clothing,664,5,4536,1,291,151,100264
22-10-2025,P1004,Cotton T-Shirt,Clothing,664,5,16484,1,108,183,121512
23-10-2025,P1004,Cotton T-Shirt,Clothing,629,10,3394,0,1080,121,76109
24-10-2025,P1004,Cotton T-Shirt,Clothing,559,20,15370,0,911,169,94471
25-10-2025,P1004,Cotton T-Shirt,Clothing,699,0,18803,0,741,170,118830
26-10-2025,P1004,Cotton T-Shirt,Clothing,699,0,2848,0,610,131,91569
27-10-2025,P1004,Cotton T-Shirt,Clothing,559,20,5156,0,472,138,77142
28-10-2025,P1004,Cotton T-Shirt,Clothing,489,30,16056,0,288,184,89976
29-10-2025,P1004,Cotton T-Shirt,Clothing,699,0,6578,0,193,95,66405
30-10-2025,P1004,Cotton T-Shirt,Clothing,699,0,12035,0,88,105,73395
31-10-2025,P1004,Cotton T-Shirt,Clothing,699,0,11580,0,1080,135,94365
01-11-2025,P1004,Cotton T-Shirt,Clothing,664,5,2000,0,933,147,97608
02-11-2025,P1004,Cotton T-Shirt,Clothing,699,0,2027,0,800,133,92967
03-11-2025,P1004,Cotton T-Shirt,Clothing,664,5,9874,0,676,124,82336
04-11-2025,P1004,Cotton T-Shirt,Clothing,699,0,11337,0,566,110,76890
05-11-2025,P1004,Cotton T-Shirt,Clothing,699,0,9849,0,466,100,69900
06-11-2025,P1004,Cotton T-Shirt,Clothing,699,0,17361,0,362,104,72696
07-11-2025,P1004,Cotton T-Shirt,Clothing,489,30,3746,0,184,178,87042
08-11-2025,P1004,Cotton T-Shirt,Clothing,699,0,19144,0,36,148,103452
09-11-2025,P1004,Cotton T-Shirt,Clothing,594,15,2263,0,1080,154,91476
10-11-2025,P1004,Cotton T-Shirt,Clothing,699,0,3293,0,982,98,68502
11-11-2025,P1004,Cotton T-Shirt,Clothing,699,0,14622,0,871,111,77589
12-11-2025,P1004,Cotton T-Shirt,Clothing,699,0,4538,0,765,106,74094
13-11-2025,P1004,Cotton T-Shirt,Clothing,594,15,16519,0,586,179,106326
14-11-2025,P1004,Cotton T-Shirt,Clothing,489,30,7030,0,412,174,85086
15-11-2025,P1004,Cotton T-Shirt,Clothing,594,15,17154,0,250,162,96228
16-11-2025,P1004,Cotton T-Shirt,Clothing,699,0,4260,0,116,134,93666
17-11-2025,P1004,Cotton T-Shirt,Clothing,489,30,16540,0,1080,175,85575
18-11-2025,P1004,Cotton T-Shirt,Clothing,629,10,14168,0,947,133,83657
19-11-2025,P1004,Cotton T-Shirt,Clothing,699,0,11011,0,843,104,72696
20-11-2025,P1004,Cotton T-Shirt,Clothing,699,0,13681,0,734,109,76191
21-11-2025,P1004,Cotton T-Shirt,Clothing,699,0,19313,0,627,107,74793
22-11-2025,P1004,Cotton T-Shirt,Clothing,699,0,14656,0,489,138,96462
23-11-2025,P1004,Cotton T-Shirt,Clothing,594,15,15670,0,304,185,109890
24-11-2025,P1004,Cotton T-Shirt,Clothing,489,30,19216,0,109,195,95355
25-11-2025,P1004,Cotton T-Shirt,Clothing,559,20,19357,0,1080,171,95589
26-11-2025,P1004,Cotton T-Shirt,Clothing,699,0,8055,0,964,116,81084
27-11-2025,P1004,Cotton T-Shirt,Clothing,699,0,12978,0,867,97,67803
28-11-2025,P1004,Cotton T-Shirt,Clothing,699,0,13442,0,769,98,68502
29-11-2025,P1004,Cotton T-Shirt,Clothing,699,0,12926,0,609,160,111840
30-11-2025,P1004,Cotton T-Shirt,Clothing,629,10,7944,0,451,158,99382
01-12-2025,P1004,Cotton T-Shirt,Clothing,699,0,14157,0,345,106,74094
02-12-2025,P1004,Cotton T-Shirt,Clothing,664,5,2721,0,236,109,72376
03-12-2025,P1004,Cotton T-Shirt,Clothing,489,30,8665,0,75,161,78729
04-12-2025,P1004,Cotton T-Shirt,Clothing,629,10,9277,0,1080,138,86802
05-12-2025,P1004,Cotton T-Shirt,Clothing,699,0,18610,0,974,106,74094
06-12-2025,P1004,Cotton T-Shirt,Clothing,559,20,10313,0,792,182,101738
07-12-2025,P1004,Cotton T-Shirt,Clothing,699,0,11010,0,659,133,92967
08-12-2025,P1004,Cotton T-Shirt,Clothing,699,0,13564,0,532,127,88773
09-12-2025,P1004,Cotton T-Shirt,Clothing,664,5,16703,0,418,114,75696
10-12-2025,P1004,Cotton T-Shirt,Clothing,699,0,8293,0,299,119,83181
11-12-2025,P1004,Cotton T-Shirt,Clothing,699,0,8326,0,202,97,67803
12-12-2025,P1004,Cotton T-Shirt,Clothing,664,5,10825,0,102,100,66400
13-12-2025,P1004,Cotton T-Shirt,Clothing,699,0,12488,0,1080,140,97860
14-12-2025,P1004,Cotton T-Shirt,Clothing,559,20,6996,0,881,199,111241
15-12-2025,P1004,Cotton T-Shirt,Clothing,699,0,7389,0,781,100,69900
16-12-2025,P1004,Cotton T-Shirt,Clothing,629,10,10581,0,663,118,74222
17-12-2025,P1004,Cotton T-Shirt,Clothing,664,5,19086,0,532,131,86984
18-12-2025,P1004,Cotton T-Shirt,Clothing,699,0,14254,0,421,111,77589
19-12-2025,P1004,Cotton T-Shirt,Clothing,489,30,14966,0,234,187,91443
20-12-2025,P1004,Cotton T-Shirt,Clothing,629,10,4281,0,85,149,93721
21-12-2025,P1004,Cotton T-Shirt,Clothing,699,0,2384,0,1080,136,95064
22-12-2025,P1004,Cotton T-Shirt,Clothing,594,15,18279,0,940,140,83160
23-12-2025,P1004,Cotton T-Shirt,Clothing,699,0,18541,1,763,177,123723
24-12-2025,P1004,Cotton T-Shirt,Clothing,699,0,18265,1,597,166,116034
25-12-2025,P1004,Cotton T-Shirt,Clothing,699,0,13581,1,428,169,118131
26-12-2025,P1004,Cotton T-Shirt,Clothing,699,0,7067,1,256,172,120228
27-12-2025,P1004,Cotton T-Shirt,Clothing,699,0,10571,1,70,186,130014
28-12-2025,P1004,Cotton T-Shirt,Clothing,629,10,18083,0,1080,197,123913
29-12-2025,P1004,Cotton T-Shirt,Clothing,699,0,18138,0,974,106,74094
30-12-2025,P1004,Cotton T-Shirt,Clothing,699,0,15685,0,862,112,78288
31-12-2025,P1004,Cotton T-Shirt,Clothing,699,0,16080,0,744,118,82482
01-01-2026,P1004,Cotton T-Shirt,Clothing,594,15,10618,0,589,155,92070
02-01-2026,P1004,Cotton T-Shirt,Clothing,594,15,16830,0,432,157,93258
03-01-2026,P1004,Cotton T-Shirt,Clothing,489,30,19045,0,189,243,118827
04-01-2026,P1004,Cotton T-Shirt,Clothing,699,0,2826,0,56,133,92967
05-01-2026,P1004,Cotton T-Shirt,Clothing,699,0,6600,0,1080,116,81084
06-01-2026,P1004,Cotton T-Shirt,Clothing,489,30,6558,0,890,190,92910
07-01-2026,P1004,Cotton T-Shirt,Clothing,699,0,15125,0,774,116,81084
08-01-2026,P1004,Cotton T-Shirt,Clothing,699,0,5837,0,664,110,76890
09-01-2026,P1004,Cotton T-Shirt,Clothing,699,0,4992,0,561,103,71997
10-01-2026,P1004,Cotton T-Shirt,Clothing,699,0,13013,0,412,149,104151
11-01-2026,P1004,Cotton T-Shirt,Clothing,699,0,13949,0,250,162,113238
12-01-2026,P1004,Cotton T-Shirt,Clothing,594,15,3106,0,111,139,82566
13-01-2026,P1004,Cotton T-Shirt,Clothing,699,0,3614,0,22,89,62211
14-01-2026,P1004,Cotton T-Shirt,Clothing,699,0,4798,0,1080,103,71997
15-01-2026,P1004,Cotton T-Shirt,Clothing,699,0,17868,0,960,120,83880
16-01-2026,P1004,Cotton T-Shirt,Clothing,489,30,10994,0,780,180,88020
17-01-2026,P1004,Cotton T-Shirt,Clothing,559,20,10942,0,584,196,109564
18-01-2026,P1004,Cotton T-Shirt,Clothing,699,0,10608,0,449,135,94365
19-01-2026,P1004,Cotton T-Shirt,Clothing,629,10,19449,0,284,165,103785
20-01-2026,P1004,Cotton T-Shirt,Clothing,699,0,11570,0,174,110,76890
21-01-2026,P1004,Cotton T-Shirt,Clothing,629,10,8439,0,59,115,72335
22-01-2026,P1004,Cotton T-Shirt,Clothing,489,30,14213,0,1080,178,87042
23-01-2026,P1004,Cotton T-Shirt,Clothing,559,20,2976,0,921,159,88881
24-01-2026,P1004,Cotton T-Shirt,Clothing,629,10,4703,1,644,277,174233
25-01-2026,P1004,Cotton T-Shirt,Clothing,699,0,3497,1,438,206,143994
26-01-2026,P1004,Cotton T-Shirt,Clothing,629,10,17584,1,196,242,152218
27-01-2026,P1004,Cotton T-Shirt,Clothing,559,20,14742,1,1080,250,139750
28-01-2026,P1004,Cotton T-Shirt,Clothing,699,0,8713,1,911,169,118131
29-01-2026,P1004,Cotton T-Shirt,Clothing,594,15,14690,0,756,155,92070
30-01-2026,P1004,Cotton T-Shirt,Clothing,699,0,4025,0,639,117,81783
31-01-2026,P1004,Cotton T-Shirt,Clothing,489,30,7024,0,412,227,111003
01-02-2026,P1004,Cotton T-Shirt,Clothing,699,0,13887,0,262,150,104850
02-02-2026,P1004,Cotton T-Shirt,Clothing,664,5,17838,0,116,146,96944
03-02-2026,P1004,Cotton T-Shirt,Clothing,664,5,10326,0,1080,140,92960
04-02-2026,P1004,Cotton T-Shirt,Clothing,699,0,14575,0,962,118,82482
05-02-2026,P1004,Cotton T-Shirt,Clothing,699,0,2414,0,847,115,80385
06-02-2026,P1004,Cotton T-Shirt,Clothing,489,30,16556,0,658,189,92421
07-02-2026,P1004,Cotton T-Shirt,Clothing,699,0,8518,0,507,151,105549
08-02-2026,P1004,Cotton T-Shirt,Clothing,664,5,8427,0,333,174,115536
09-02-2026,P1004,Cotton T-Shirt,Clothing,594,15,19358,0,168,165,98010
10-02-2026,P1004,Cotton T-Shirt,Clothing,594,15,10833,0,27,141,83754
11-02-2026,P1004,Cotton T-Shirt,Clothing,699,0,5745,0,1080,123,85977
12-02-2026,P1004,Cotton T-Shirt,Clothing,699,0,19706,0,954,126,88074
13-02-2026,P1004,Cotton T-Shirt,Clothing,664,5,4071,0,816,138,91632
14-02-2026,P1004,Cotton T-Shirt,Clothing,699,0,11509,0,676,140,97860
15-02-2026,P1004,Cotton T-Shirt,Clothing,699,0,18559,0,494,182,127218
16-02-2026,P1004,Cotton T-Shirt,Clothing,559,20,8806,0,330,164,91676
17-02-2026,P1004,Cotton T-Shirt,Clothing,699,0,13203,0,204,126,88074
18-02-2026,P1004,Cotton T-Shirt,Clothing,489,30,6865,0,8,196,95844
19-02-2026,P1004,Cotton T-Shirt,Clothing,699,0,16326,0,1080,137,95763
20-02-2026,P1004,Cotton T-Shirt,Clothing,594,15,9680,0,929,151,89694
21-02-2026,P1004,Cotton T-Shirt,Clothing,629,10,18842,0,728,201,126429
22-02-2026,P1004,Cotton T-Shirt,Clothing,699,0,13780,0,568,160,111840
23-02-2026,P1004,Cotton T-Shirt,Clothing,699,0,10379,0,435,133,92967
24-02-2026,P1004,Cotton T-Shirt,Clothing,699,0,10843,0,307,128,89472
25-02-2026,P1004,Cotton T-Shirt,Clothing,699,0,4763,0,183,124,86676
26-02-2026,P1004,Cotton T-Shirt,Clothing,664,5,8709,0,53,130,86320
27-02-2026,P1004,Cotton T-Shirt,Clothing,699,0,4837,0,1080,134,93666
28-02-2026,P1004,Cotton T-Shirt,Clothing,559,20,5481,0,842,238,133042
01-03-2026,P1004,Cotton T-Shirt,Clothing,699,0,11570,0,671,171,119529
02-03-2026,P1004,Cotton T-Shirt,Clothing,699,0,18989,1,442,229,160071
03-03-2026,P1004,Cotton T-Shirt,Clothing,629,10,13629,1,176,266,167314
04-03-2026,P1004,Cotton T-Shirt,Clothing,699,0,12486,1,1080,208,145392
05-03-2026,P1004,Cotton T-Shirt,Clothing,699,0,11283,1,887,193,134907
06-03-2026,P1004,Cotton T-Shirt,Clothing,664,5,10987,1,678,209,138776
07-03-2026,P1004,Cotton T-Shirt,Clothing,699,0,17322,0,482,196,137004
08-03-2026,P1004,Cotton T-Shirt,Clothing,699,0,2685,0,343,139,97161
09-03-2026,P1004,Cotton T-Shirt,Clothing,699,0,4673,0,216,127,88773
10-03-2026,P1004,Cotton T-Shirt,Clothing,664,5,9822,0,69,147,97608
11-03-2026,P1004,Cotton T-Shirt,Clothing,664,5,17474,0,1080,158,104912
12-03-2026,P1004,Cotton T-Shirt,Clothing,699,0,2502,0,946,134,93666
13-03-2026,P1004,Cotton T-Shirt,Clothing,664,5,12064,0,797,149,98936
14-03-2026,P1004,Cotton T-Shirt,Clothing,664,5,12300,0,605,192,127488
15-03-2026,P1004,Cotton T-Shirt,Clothing,699,0,10837,0,436,169,118131
16-03-2026,P1004,Cotton T-Shirt,Clothing,699,0,15047,0,309,127,88773
17-03-2026,P1004,Cotton T-Shirt,Clothing,664,5,2880,0,163,146,96944
18-03-2026,P1004,Cotton T-Shirt,Clothing,559,20,18849,0,1080,223,124657
19-03-2026,P1004,Cotton T-Shirt,Clothing,559,20,13696,0,863,217,121303
20-03-2026,P1004,Cotton T-Shirt,Clothing,559,20,13908,0,656,207,115713
21-03-2026,P1004,Cotton T-Shirt,Clothing,699,0,11942,0,472,184,128616
22-03-2026,P1004,Cotton T-Shirt,Clothing,629,10,13726,0,268,204,128316
23-03-2026,P1004,Cotton T-Shirt,Clothing,699,0,16832,0,105,163,113937
24-03-2026,P1004,Cotton T-Shirt,Clothing,699,0,9236,0,1080,132,92268
25-03-2026,P1004,Cotton T-Shirt,Clothing,699,0,9251,0,949,131,91569
26-03-2026,P1004,Cotton T-Shirt,Clothing,594,15,4958,0,786,163,96822
27-03-2026,P1004,Cotton T-Shirt,Clothing,699,0,9323,0,637,149,104151
28-03-2026,P1004,Cotton T-Shirt,Clothing,699,0,13251,0,444,193,134907
29-03-2026,P1004,Cotton T-Shirt,Clothing,699,0,15750,0,281,163,113937
30-03-2026,P1004,Cotton T-Shirt,Clothing,594,15,10554,0,101,180,106920
31-03-2026,P1004,Cotton T-Shirt,Clothing,699,0,13586,0,1080,171,119529
01-04-2026,P1004,Cotton T-Shirt,Clothing,699,0,19295,0,920,160,111840
02-04-2026,P1004,Cotton T-Shirt,Clothing,664,5,3074,0,781,139,92296
03-04-2026,P1004,Cotton T-Shirt,Clothing,699,0,2687,0,644,137,95763
04-04-2026,P1004,Cotton T-Shirt,Clothing,699,0,6700,0,464,180,125820
05-04-2026,P1004,Cotton T-Shirt,Clothing,699,0,16153,0,291,173,120927
06-04-2026,P1004,Cotton T-Shirt,Clothing,699,0,5713,0,174,117,81783
07-04-2026,P1004,Cotton T-Shirt,Clothing,629,10,19942,0,1080,214,134606
08-04-2026,P1004,Cotton T-Shirt,Clothing,699,0,2192,0,945,135,94365
09-04-2026,P1004,Cotton T-Shirt,Clothing,699,0,5580,0,809,136,95064
10-04-2026,P1004,Cotton T-Shirt,Clothing,699,0,15008,0,659,150,104850
11-04-2026,P1004,Cotton T-Shirt,Clothing,699,0,15831,0,458,201,140499
12-04-2026,P1004,Cotton T-Shirt,Clothing,699,0,4504,0,300,158,110442
13-04-2026,P1004,Cotton T-Shirt,Clothing,594,15,15265,0,64,236,140184
14-04-2026,P1004,Cotton T-Shirt,Clothing,699,0,4759,0,1080,156,109044
15-04-2026,P1004,Cotton T-Shirt,Clothing,699,0,11546,0,928,152,106248
16-04-2026,P1004,Cotton T-Shirt,Clothing,629,10,12290,0,733,195,122655
17-04-2026,P1004,Cotton T-Shirt,Clothing,594,15,12620,0,510,223,132462
18-04-2026,P1004,Cotton T-Shirt,Clothing,559,20,8878,0,269,241,134719
19-04-2026,P1004,Cotton T-Shirt,Clothing,594,15,16879,0,9,260,154440
20-04-2026,P1004,Cotton T-Shirt,Clothing,699,0,10526,0,1080,158,110442
21-04-2026,P1004,Cotton T-Shirt,Clothing,559,20,14308,0,874,206,115154
22-04-2026,P1004,Cotton T-Shirt,Clothing,699,0,15196,0,723,151,105549
23-04-2026,P1004,Cotton T-Shirt,Clothing,699,0,11682,0,555,168,117432
24-04-2026,P1004,Cotton T-Shirt,Clothing,489,30,4690,0,306,249,121761
25-04-2026,P1004,Cotton T-Shirt,Clothing,594,15,5688,0,92,214,127116
26-04-2026,P1004,Cotton T-Shirt,Clothing,699,0,10769,0,1080,167,116733
27-04-2026,P1004,Cotton T-Shirt,Clothing,699,0,15013,0,927,153,106947
28-04-2026,P1004,Cotton T-Shirt,Clothing,664,5,14316,0,766,161,106904
29-04-2026,P1004,Cotton T-Shirt,Clothing,559,20,15595,0,560,206,115154
30-04-2026,P1004,Cotton T-Shirt,Clothing,699,0,4267,0,418,142,99258
01-05-2026,P1004,Cotton T-Shirt,Clothing,629,10,10470,0,232,186,116994
02-05-2026,P1004,Cotton T-Shirt,Clothing,699,0,4968,0,38,194,135606
03-05-2026,P1004,Cotton T-Shirt,Clothing,629,10,10729,0,1080,234,147186
04-05-2026,P1004,Cotton T-Shirt,Clothing,664,5,2641,0,942,138,91632
05-05-2026,P1004,Cotton T-Shirt,Clothing,559,20,6779,0,734,208,116272
06-05-2026,P1004,Cotton T-Shirt,Clothing,629,10,2839,0,562,172,108188
07-05-2026,P1004,Cotton T-Shirt,Clothing,699,0,15564,0,369,193,134907
08-05-2026,P1004,Cotton T-Shirt,Clothing,699,0,15225,0,212,157,109743
09-05-2026,P1004,Cotton T-Shirt,Clothing,699,0,2717,0,56,156,109044
10-05-2026,P1004,Cotton T-Shirt,Clothing,699,0,2302,0,1080,177,123723
11-05-2026,P1004,Cotton T-Shirt,Clothing,664,5,7180,0,918,162,107568
12-05-2026,P1004,Cotton T-Shirt,Clothing,594,15,18657,0,709,209,124146
13-05-2026,P1004,Cotton T-Shirt,Clothing,489,30,4558,0,463,246,120294
14-05-2026,P1004,Cotton T-Shirt,Clothing,559,20,7263,0,264,199,111241
15-05-2026,P1004,Cotton T-Shirt,Clothing,699,0,5058,0,122,142,99258
16-05-2026,P1004,Cotton T-Shirt,Clothing,699,0,16227,0,1080,217,151683
17-05-2026,P1004,Cotton T-Shirt,Clothing,629,10,8505,0,857,223,140267
18-05-2026,P1004,Cotton T-Shirt,Clothing,559,20,8751,0,646,211,117949
19-05-2026,P1004,Cotton T-Shirt,Clothing,699,0,14274,0,507,139,97161
20-05-2026,P1004,Cotton T-Shirt,Clothing,629,10,3741,0,317,190,119510
21-05-2026,P1004,Cotton T-Shirt,Clothing,699,0,11385,0,170,147,102753
22-05-2026,P1004,Cotton T-Shirt,Clothing,594,15,19787,0,1080,190,112860
23-05-2026,P1004,Cotton T-Shirt,Clothing,594,15,2056,0,852,228,135432
24-05-2026,P1004,Cotton T-Shirt,Clothing,699,0,15189,0,678,174,121626
25-05-2026,P1004,Cotton T-Shirt,Clothing,699,0,16836,0,518,160,111840
26-05-2026,P1004,Cotton T-Shirt,Clothing,489,30,16049,0,266,252,123228
27-05-2026,P1004,Cotton T-Shirt,Clothing,699,0,19771,0,105,161,112539
28-05-2026,P1004,Cotton T-Shirt,Clothing,699,0,3530,0,1080,168,117432
29-05-2026,P1004,Cotton T-Shirt,Clothing,559,20,3859,0,887,193,107887
30-05-2026,P1004,Cotton T-Shirt,Clothing,664,5,5410,0,680,207,137448
31-05-2026,P1004,Cotton T-Shirt,Clothing,594,15,2896,0,445,235,139590
01-06-2026,P1004,Cotton T-Shirt,Clothing,664,5,18844,0,247,198,131472
02-06-2026,P1004,Cotton T-Shirt,Clothing,699,0,4178,0,85,162,113238
03-06-2026,P1004,Cotton T-Shirt,Clothing,664,5,8610,0,1080,169,112216
04-06-2026,P1004,Cotton T-Shirt,Clothing,489,30,12505,0,813,267,130563
05-06-2026,P1004,Cotton T-Shirt,Clothing,699,0,3031,0,661,152,106248
06-06-2026,P1004,Cotton T-Shirt,Clothing,699,0,6141,0,466,195,136305
07-06-2026,P1004,Cotton T-Shirt,Clothing,664,5,14923,0,251,215,142760
08-06-2026,P1004,Cotton T-Shirt,Clothing,699,0,8465,0,95,156,109044
09-06-2026,P1004,Cotton T-Shirt,Clothing,594,15,2539,0,1080,196,116424
10-06-2026,P1004,Cotton T-Shirt,Clothing,594,15,3362,0,890,190,112860
11-06-2026,P1004,Cotton T-Shirt,Clothing,699,0,19465,0,742,148,103452
12-06-2026,P1004,Cotton T-Shirt,Clothing,664,5,11257,0,580,162,107568
13-06-2026,P1004,Cotton T-Shirt,Clothing,699,0,17619,0,371,209,146091
14-06-2026,P1004,Cotton T-Shirt,Clothing,699,0,18320,0,144,227,158673
15-06-2026,P1004,Cotton T-Shirt,Clothing,664,5,4753,0,1080,150,99600
16-06-2026,P1004,Cotton T-Shirt,Clothing,559,20,3488,0,858,222,124098
17-06-2026,P1004,Cotton T-Shirt,Clothing,629,10,16252,0,663,195,122655
18-06-2026,P1004,Cotton T-Shirt,Clothing,699,0,11089,0,514,149,104151
19-06-2026,P1004,Cotton T-Shirt,Clothing,699,0,9806,0,350,164,114636
20-06-2026,P1004,Cotton T-Shirt,Clothing,699,0,6725,0,155,195,136305
21-06-2026,P1004,Cotton T-Shirt,Clothing,699,0,11822,0,1080,224,156576
22-06-2026,P1004,Cotton T-Shirt,Clothing,699,0,17895,0,901,179,125121
23-06-2026,P1004,Cotton T-Shirt,Clothing,699,0,3256,0,749,152,106248
24-06-2026,P1004,Cotton T-Shirt,Clothing,699,0,2178,0,617,132,92268
25-06-2026,P1004,Cotton T-Shirt,Clothing,699,0,13797,0,445,172,120228
26-06-2026,P1004,Cotton T-Shirt,Clothing,699,0,4514,0,305,140,97860
27-06-2026,P1004,Cotton T-Shirt,Clothing,664,5,17621,0,71,234,155376
28-06-2026,P1004,Cotton T-Shirt,Clothing,699,0,7860,0,1080,181,126519
29-06-2026,P1004,Cotton T-Shirt,Clothing,664,5,7733,0,933,147,97608
30-06-2026,P1004,Cotton T-Shirt,Clothing,629,10,12055,0,734,199,125171
01-07-2026,P1004,Cotton T-Shirt,Clothing,699,0,10465,0,583,151,105549
02-07-2026,P1004,Cotton T-Shirt,Clothing,699,0,13185,0,399,184,128616
03-07-2026,P1004,Cotton T-Shirt,Clothing,699,0,2508,0,215,184,128616
04-07-2026,P1004,Cotton T-Shirt,Clothing,559,20,5131,0,1080,257,143663
05-07-2026,P1004,Cotton T-Shirt,Clothing,699,0,11521,0,882,198,138402
06-07-2026,P1004,Cotton T-Shirt,Clothing,489,30,5669,0,652,230,112470
07-07-2026,P1004,Cotton T-Shirt,Clothing,699,0,2464,0,519,133,92967
08-07-2026,P1004,Cotton T-Shirt,Clothing,699,0,10237,0,360,159,111141
09-07-2026,P1004,Cotton T-Shirt,Clothing,699,0,18355,0,197,163,113937
10-07-2026,P1004,Cotton T-Shirt,Clothing,629,10,5825,0,27,170,106930
11-07-2026,P1004,Cotton T-Shirt,Clothing,699,0,14862,0,1080,187,130713
12-07-2026,P1004,Cotton T-Shirt,Clothing,594,15,11117,0,864,216,128304
13-07-2026,P1004,Cotton T-Shirt,Clothing,699,0,7805,0,727,137,95763
14-07-2026,P1004,Cotton T-Shirt,Clothing,699,0,16928,0,545,182,127218
15-07-2026,P1004,Cotton T-Shirt,Clothing,664,5,4682,0,385,160,106240
16-07-2026,P1004,Cotton T-Shirt,Clothing,699,0,12499,0,226,159,111141
17-07-2026,P1004,Cotton T-Shirt,Clothing,699,0,2023,0,95,131,91569
18-07-2026,P1004,Cotton T-Shirt,Clothing,699,0,4359,0,1080,181,126519
19-07-2026,P1004,Cotton T-Shirt,Clothing,664,5,17834,0,828,252,167328
20-07-2026,P1004,Cotton T-Shirt,Clothing,699,0,4083,0,677,151,105549
21-07-2026,P1004,Cotton T-Shirt,Clothing,559,20,2369,0,479,198,110682
22-07-2026,P1004,Cotton T-Shirt,Clothing,699,0,9953,0,321,158,110442
23-07-2026,P1004,Cotton T-Shirt,Clothing,699,0,15144,0,143,178,124422
24-07-2026,P1004,Cotton T-Shirt,Clothing,629,10,10778,0,1080,200,125800
25-07-2026,P1004,Cotton T-Shirt,Clothing,559,20,16452,0,825,255,142545
26-07-2026,P1004,Cotton T-Shirt,Clothing,629,10,14345,0,593,232,145928
27-07-2026,P1004,Cotton T-Shirt,Clothing,699,0,2511,0,453,140,97860
28-07-2026,P1004,Cotton T-Shirt,Clothing,699,0,17215,0,284,169,118131
29-07-2026,P1004,Cotton T-Shirt,Clothing,594,15,15743,0,83,201,119394
30-07-2026,P1004,Cotton T-Shirt,Clothing,699,0,13020,0,1080,141,98559
31-07-2026,P1004,Cotton T-Shirt,Clothing,559,20,15127,0,859,221,123539
01-08-2026,P1004,Cotton T-Shirt,Clothing,699,0,16062,0,699,160,111840
02-08-2026,P1004,Cotton T-Shirt,Clothing,699,0,13447,0,518,181,126519
03-08-2026,P1004,Cotton T-Shirt,Clothing,559,20,18725,0,299,219,122421
04-08-2026,P1004,Cotton T-Shirt,Clothing,699,0,7686,0,169,130,90870
05-08-2026,P1004,Cotton T-Shirt,Clothing,699,0,7955,0,35,134,93666
06-08-2026,P1004,Cotton T-Shirt,Clothing,699,0,9697,0,1080,130,90870
07-08-2026,P1004,Cotton T-Shirt,Clothing,699,0,6311,0,936,144,100656
08-08-2026,P1004,Cotton T-Shirt,Clothing,594,15,9385,0,710,226,134244
09-08-2026,P1004,Cotton T-Shirt,Clothing,699,0,8275,0,540,170,118830
10-08-2026,P1004,Cotton T-Shirt,Clothing,559,20,3090,0,361,179,100061
11-08-2026,P1004,Cotton T-Shirt,Clothing,629,10,12406,0,179,182,114478
12-08-2026,P1004,Cotton T-Shirt,Clothing,594,15,6501,0,1080,213,126522
13-08-2026,P1004,Cotton T-Shirt,Clothing,664,5,11815,1,859,221,146744
14-08-2026,P1004,Cotton T-Shirt,Clothing,629,10,5826,1,570,289,181781
15-08-2026,P1004,Cotton T-Shirt,Clothing,664,5,13139,1,270,300,199200
16-08-2026,P1004,Cotton T-Shirt,Clothing,629,10,13142,1,1080,332,208828
17-08-2026,P1004,Cotton T-Shirt,Clothing,699,0,3275,1,897,183,127917
18-08-2026,P1004,Cotton T-Shirt,Clothing,559,20,2463,0,711,186,103974
19-08-2026,P1004,Cotton T-Shirt,Clothing,699,0,15493,0,554,157,109743
20-08-2026,P1004,Cotton T-Shirt,Clothing,629,10,3306,0,395,159,100011
21-08-2026,P1004,Cotton T-Shirt,Clothing,559,20,16091,0,209,186,103974
22-08-2026,P1004,Cotton T-Shirt,Clothing,699,0,19332,0,39,170,118830
23-08-2026,P1004,Cotton T-Shirt,Clothing,699,0,13634,0,1080,186,130014
24-08-2026,P1004,Cotton T-Shirt,Clothing,629,10,3642,0,909,171,107559
25-08-2026,P1004,Cotton T-Shirt,Clothing,699,0,8251,0,768,141,98559
26-08-2026,P1004,Cotton T-Shirt,Clothing,699,0,2147,0,643,125,87375
27-08-2026,P1004,Cotton T-Shirt,Clothing,699,0,10986,0,499,144,100656
28-08-2026,P1004,Cotton T-Shirt,Clothing,594,15,9259,0,293,206,122364
29-08-2026,P1004,Cotton T-Shirt,Clothing,699,0,8584,0,116,177,123723
30-08-2026,P1004,Cotton T-Shirt,Clothing,699,0,6338,0,1080,151,105549
31-08-2026,P1004,Cotton T-Shirt,Clothing,629,10,5402,0,921,159,100011
01-09-2026,P1004,Cotton T-Shirt,Clothing,559,20,5213,0,746,175,97825
02-09-2026,P1004,Cotton T-Shirt,Clothing,664,5,4455,0,615,131,86984
03-09-2026,P1004,Cotton T-Shirt,Clothing,699,0,4886,0,489,126,88074
04-09-2026,P1004,Cotton T-Shirt,Clothing,699,0,9203,0,371,118,82482
05-09-2026,P1004,Cotton T-Shirt,Clothing,559,20,17977,0,141,230,128570
06-09-2026,P1004,Cotton T-Shirt,Clothing,594,15,13099,0,1080,231,137214
07-09-2026,P1004,Cotton T-Shirt,Clothing,699,0,10986,0,959,121,84579
08-09-2026,P1004,Cotton T-Shirt,Clothing,699,0,5196,0,827,132,92268
09-09-2026,P1004,Cotton T-Shirt,Clothing,699,0,11533,0,677,150,104850
10-09-2026,P1004,Cotton T-Shirt,Clothing,664,5,9374,0,534,143,94952
11-09-2026,P1004,Cotton T-Shirt,Clothing,699,0,19959,0,373,161,112539
12-09-2026,P1004,Cotton T-Shirt,Clothing,699,0,4653,0,206,167,116733
13-09-2026,P1004,Cotton T-Shirt,Clothing,699,0,12026,0,15,191,133509
14-09-2026,P1004,Cotton T-Shirt,Clothing,699,0,19013,0,1080,129,90171
15-09-2026,P1004,Cotton T-Shirt,Clothing,699,0,6267,0,964,116,81084
16-09-2026,P1004,Cotton T-Shirt,Clothing,699,0,11146,0,817,147,102753
17-09-2026,P1004,Cotton T-Shirt,Clothing,629,10,9427,0,669,148,93092
18-09-2026,P1004,Cotton T-Shirt,Clothing,699,0,13996,0,513,156,109044
19-09-2026,P1004,Cotton T-Shirt,Clothing,559,20,5677,0,320,193,107887
20-09-2026,P1004,Cotton T-Shirt,Clothing,594,15,14196,0,103,217,128898
21-09-2026,P1004,Cotton T-Shirt,Clothing,489,30,16249,0,1080,224,109536
22-09-2026,P1004,Cotton T-Shirt,Clothing,699,0,18206,0,951,129,90171
23-09-2026,P1004,Cotton T-Shirt,Clothing,489,30,17684,0,728,223,109047
24-09-2026,P1004,Cotton T-Shirt,Clothing,699,0,5290,0,603,125,87375
25-09-2026,P1004,Cotton T-Shirt,Clothing,699,0,16367,0,491,112,78288
26-09-2026,P1004,Cotton T-Shirt,Clothing,699,0,17255,0,331,160,111840
27-09-2026,P1004,Cotton T-Shirt,Clothing,699,0,8941,0,180,151,105549
01-01-2024,P1005,Running Shoes,Clothing,2999,0,5609,0,451,29,86971
02-01-2024,P1005,Running Shoes,Clothing,2999,0,6016,0,417,34,101966
03-01-2024,P1005,Running Shoes,Clothing,2999,0,13961,0,375,42,125958
04-01-2024,P1005,Running Shoes,Clothing,2999,0,6784,0,334,41,122959
05-01-2024,P1005,Running Shoes,Clothing,2549,15,12550,0,280,54,137646
06-01-2024,P1005,Running Shoes,Clothing,2399,20,9588,0,214,66,158334
07-01-2024,P1005,Running Shoes,Clothing,2849,5,10084,0,166,48,136752
08-01-2024,P1005,Running Shoes,Clothing,2549,15,7030,0,117,49,124901
09-01-2024,P1005,Running Shoes,Clothing,2999,0,16309,0,71,46,137954
10-01-2024,P1005,Running Shoes,Clothing,2699,10,19384,0,27,44,118756
11-01-2024,P1005,Running Shoes,Clothing,2549,15,9264,0,480,52,132548
12-01-2024,P1005,Running Shoes,Clothing,2549,15,14981,0,410,70,178430
13-01-2024,P1005,Running Shoes,Clothing,2099,30,11195,0,327,83,174217
14-01-2024,P1005,Running Shoes,Clothing,2999,0,12130,0,283,44,131956
15-01-2024,P1005,Running Shoes,Clothing,2699,10,2701,0,235,48,129552
16-01-2024,P1005,Running Shoes,Clothing,2999,0,14482,0,196,39,116961
17-01-2024,P1005,Running Shoes,Clothing,2699,10,4929,0,160,36,97164
18-01-2024,P1005,Running Shoes,Clothing,2999,0,11740,0,126,34,101966
19-01-2024,P1005,Running Shoes,Clothing,2999,0,17935,0,84,42,125958
20-01-2024,P1005,Running Shoes,Clothing,2399,20,15282,0,9,75,179925
21-01-2024,P1005,Running Shoes,Clothing,2999,0,8150,0,480,64,191936
22-01-2024,P1005,Running Shoes,Clothing,2999,0,16008,0,440,40,119960
23-01-2024,P1005,Running Shoes,Clothing,2999,0,2564,0,400,40,119960
24-01-2024,P1005,Running Shoes,Clothing,2399,20,9616,1,327,73,175127
25-01-2024,P1005,Running Shoes,Clothing,2999,0,12496,1,270,57,170943
26-01-2024,P1005,Running Shoes,Clothing,2399,20,9627,1,181,89,213511
27-01-2024,P1005,Running Shoes,Clothing,2549,15,6854,1,82,99,252351
28-01-2024,P1005,Running Shoes,Clothing,2999,0,7753,1,7,75,224925
29-01-2024,P1005,Running Shoes,Clothing,2999,0,5301,0,480,46,137954
30-01-2024,P1005,Running Shoes,Clothing,2549,15,2826,0,434,46,117254
31-01-2024,P1005,Running Shoes,Clothing,2849,5,11221,0,375,59,168091
01-02-2024,P1005,Running Shoes,Clothing,2999,0,15709,0,330,45,134955
02-02-2024,P1005,Running Shoes,Clothing,2999,0,15287,0,293,37,110963
03-02-2024,P1005,Running Shoes,Clothing,2549,15,17779,0,221,72,183528
04-02-2024,P1005,Running Shoes,Clothing,2549,15,12430,0,149,72,183528
05-02-2024,P1005,Running Shoes,Clothing,2999,0,8650,0,104,45,134955
06-02-2024,P1005,Running Shoes,Clothing,2999,0,17277,0,58,46,137954
07-02-2024,P1005,Running Shoes,Clothing,2999,0,9918,0,16,42,125958
08-02-2024,P1005,Running Shoes,Clothing,2849,5,4676,0,480,45,128205
09-02-2024,P1005,Running Shoes,Clothing,2849,5,16944,0,431,49,139601
10-02-2024,P1005,Running Shoes,Clothing,2999,0,9308,0,372,59,176941
11-02-2024,P1005,Running Shoes,Clothing,2699,10,8552,0,295,77,207823
12-02-2024,P1005,Running Shoes,Clothing,2999,0,11512,0,252,43,128957
13-02-2024,P1005,Running Shoes,Clothing,2999,0,6068,0,206,46,137954
14-02-2024,P1005,Running Shoes,Clothing,2699,10,13532,0,165,41,110659
15-02-2024,P1005,Running Shoes,Clothing,2549,15,16699,0,93,72,183528
16-02-2024,P1005,Running Shoes,Clothing,2999,0,5501,0,48,45,134955
17-02-2024,P1005,Running Shoes,Clothing,2399,20,18302,0,480,77,184723
18-02-2024,P1005,Running Shoes,Clothing,2999,0,3700,0,437,43,128957
19-02-2024,P1005,Running Shoes,Clothing,2999,0,7845,0,393,44,131956
20-02-2024,P1005,Running Shoes,Clothing,2999,0,10628,0,342,51,152949
21-02-2024,P1005,Running Shoes,Clothing,2549,15,8773,0,295,47,119803
22-02-2024,P1005,Running Shoes,Clothing,2099,30,5857,0,209,86,180514
23-02-2024,P1005,Running Shoes,Clothing,2699,10,9735,0,156,53,143047
24-02-2024,P1005,Running Shoes,Clothing,2099,30,5323,0,63,93,195207
25-02-2024,P1005,Running Shoes,Clothing,2849,5,13748,0,480,70,199430
26-02-2024,P1005,Running Shoes,Clothing,2999,0,19871,0,432,48,143952
27-02-2024,P1005,Running Shoes,Clothing,2999,0,9093,0,386,46,137954
28-02-2024,P1005,Running Shoes,Clothing,2999,0,18703,0,325,61,182939
29-02-2024,P1005,Running Shoes,Clothing,2099,30,9482,0,256,69,144831
01-03-2024,P1005,Running Shoes,Clothing,2849,5,15725,0,206,50,142450
02-03-2024,P1005,Running Shoes,Clothing,2999,0,19401,0,151,55,164945
03-03-2024,P1005,Running Shoes,Clothing,2999,0,13645,0,95,56,167944
04-03-2024,P1005,Running Shoes,Clothing,2999,0,4330,0,47,48,143952
05-03-2024,P1005,Running Shoes,Clothing,2999,0,11646,0,6,41,122959
06-03-2024,P1005,Running Shoes,Clothing,2099,30,15552,0,480,63,132237
07-03-2024,P1005,Running Shoes,Clothing,2099,30,6128,0,402,78,163722
08-03-2024,P1005,Running Shoes,Clothing,2999,0,18718,0,355,47,140953
09-03-2024,P1005,Running Shoes,Clothing,2999,0,15617,0,281,74,221926
10-03-2024,P1005,Running Shoes,Clothing,2999,0,2917,0,219,62,185938
11-03-2024,P1005,Running Shoes,Clothing,2999,0,17793,0,160,59,176941
12-03-2024,P1005,Running Shoes,Clothing,2099,30,11878,0,69,91,191009
13-03-2024,P1005,Running Shoes,Clothing,2849,5,7880,0,15,54,153846
14-03-2024,P1005,Running Shoes,Clothing,2999,0,5743,0,480,49,146951
15-03-2024,P1005,Running Shoes,Clothing,2999,0,3474,0,433,47,140953
16-03-2024,P1005,Running Shoes,Clothing,2549,15,7667,0,369,64,163136
17-03-2024,P1005,Running Shoes,Clothing,2099,30,8487,0,263,106,222494
18-03-2024,P1005,Running Shoes,Clothing,2399,20,9638,0,209,54,129546
19-03-2024,P1005,Running Shoes,Clothing,2699,10,17539,0,149,60,161940
20-03-2024,P1005,Running Shoes,Clothing,2999,0,12774,0,88,61,182939
21-03-2024,P1005,Running Shoes,Clothing,2849,5,11756,0,24,64,182336
22-03-2024,P1005,Running Shoes,Clothing,2999,0,14195,0,480,52,155948
23-03-2024,P1005,Running Shoes,Clothing,2999,0,13984,1,389,91,272909
24-03-2024,P1005,Running Shoes,Clothing,2999,0,13309,1,283,106,317894
25-03-2024,P1005,Running Shoes,Clothing,2999,0,18682,1,203,80,239920
26-03-2024,P1005,Running Shoes,Clothing,2399,20,4176,1,122,81,194319
27-03-2024,P1005,Running Shoes,Clothing,2849,5,11197,1,24,98,279202
28-03-2024,P1005,Running Shoes,Clothing,2099,30,2348,0,480,61,128039
29-03-2024,P1005,Running Shoes,Clothing,2999,0,9887,0,426,54,161946
30-03-2024,P1005,Running Shoes,Clothing,2549,15,9136,0,341,85,216665
31-03-2024,P1005,Running Shoes,Clothing,2999,0,11277,0,265,76,227924
01-04-2024,P1005,Running Shoes,Clothing,2699,10,19244,0,204,61,164639
02-04-2024,P1005,Running Shoes,Clothing,2999,0,16562,0,153,51,152949
03-04-2024,P1005,Running Shoes,Clothing,2999,0,19790,0,89,64,191936
04-04-2024,P1005,Running Shoes,Clothing,2099,30,14365,0,480,105,220395
05-04-2024,P1005,Running Shoes,Clothing,2999,0,17933,0,429,51,152949
06-04-2024,P1005,Running Shoes,Clothing,2699,10,13345,0,356,73,197027
07-04-2024,P1005,Running Shoes,Clothing,2999,0,4273,0,304,52,155948
08-04-2024,P1005,Running Shoes,Clothing,2699,10,9542,0,247,57,153843
09-04-2024,P1005,Running Shoes,Clothing,2999,0,8853,0,204,43,128957
10-04-2024,P1005,Running Shoes,Clothing,2999,0,10060,0,152,52,155948
11-04-2024,P1005,Running Shoes,Clothing,2699,10,18971,0,82,70,188930
12-04-2024,P1005,Running Shoes,Clothing,2999,0,3018,0,40,42,125958
13-04-2024,P1005,Running Shoes,Clothing,2999,0,14646,0,480,70,209930
14-04-2024,P1005,Running Shoes,Clothing,2999,0,5901,0,419,61,182939
15-04-2024,P1005,Running Shoes,Clothing,2999,0,6670,0,369,50,149950
16-04-2024,P1005,Running Shoes,Clothing,2999,0,8419,0,299,70,209930
17-04-2024,P1005,Running Shoes,Clothing,2999,0,19822,0,244,55,164945
18-04-2024,P1005,Running Shoes,Clothing,2849,5,10933,0,169,75,213675
19-04-2024,P1005,Running Shoes,Clothing,2699,10,7023,0,102,67,180833
20-04-2024,P1005,Running Shoes,Clothing,2549,15,17600,0,7,95,242155
21-04-2024,P1005,Running Shoes,Clothing,2999,0,8133,0,480,63,188937
22-04-2024,P1005,Running Shoes,Clothing,2699,10,15003,0,408,72,194328
23-04-2024,P1005,Running Shoes,Clothing,2099,30,15925,0,327,81,170019
24-04-2024,P1005,Running Shoes,Clothing,2099,30,14889,0,231,96,201504
25-04-2024,P1005,Running Shoes,Clothing,2699,10,15526,0,169,62,167338
26-04-2024,P1005,Running Shoes,Clothing,2999,0,10039,0,119,50,149950
27-04-2024,P1005,Running Shoes,Clothing,2999,0,16985,0,47,72,215928
28-04-2024,P1005,Running Shoes,Clothing,2999,0,11997,0,480,67,200933
29-04-2024,P1005,Running Shoes,Clothing,2399,20,3808,0,419,61,146339
30-04-2024,P1005,Running Shoes,Clothing,2999,0,9349,0,385,34,101966
01-05-2024,P1005,Running Shoes,Clothing,2549,15,3846,0,312,73,186077
02-05-2024,P1005,Running Shoes,Clothing,2999,0,3813,0,277,35,104965
03-05-2024,P1005,Running Shoes,Clothing,2999,0,15793,0,229,48,143952
04-05-2024,P1005,Running Shoes,Clothing,2399,20,17749,0,126,103,247097
05-05-2024,P1005,Running Shoes,Clothing,2999,0,6251,0,59,67,200933
06-05-2024,P1005,Running Shoes,Clothing,2999,0,18163,0,3,56,167944
07-05-2024,P1005,Running Shoes,Clothing,2999,0,8490,0,480,39,116961
08-05-2024,P1005,Running Shoes,Clothing,2699,10,15481,0,410,70,188930
09-05-2024,P1005,Running Shoes,Clothing,2849,5,13542,0,354,56,159544
10-05-2024,P1005,Running Shoes,Clothing,2999,0,2818,0,305,49,146951
11-05-2024,P1005,Running Shoes,Clothing,2999,0,16116,0,230,75,224925
12-05-2024,P1005,Running Shoes,Clothing,2399,20,7169,0,147,83,199117
13-05-2024,P1005,Running Shoes,Clothing,2999,0,5696,0,87,60,179940
14-05-2024,P1005,Running Shoes,Clothing,2999,0,11531,0,38,49,146951
15-05-2024,P1005,Running Shoes,Clothing,2849,5,15694,0,480,64,182336
16-05-2024,P1005,Running Shoes,Clothing,2999,0,14897,0,427,53,158947
17-05-2024,P1005,Running Shoes,Clothing,2999,0,14233,0,381,46,137954
18-05-2024,P1005,Running Shoes,Clothing,2999,0,7231,0,320,61,182939
19-05-2024,P1005,Running Shoes,Clothing,2999,0,6749,0,268,52,155948
20-05-2024,P1005,Running Shoes,Clothing,2399,20,8841,0,187,81,194319
21-05-2024,P1005,Running Shoes,Clothing,2999,0,16831,0,131,56,167944
22-05-2024,P1005,Running Shoes,Clothing,2399,20,8117,0,64,67,160733
23-05-2024,P1005,Running Shoes,Clothing,2549,15,5520,0,480,72,183528
24-05-2024,P1005,Running Shoes,Clothing,2999,0,11009,0,420,60,179940
25-05-2024,P1005,Running Shoes,Clothing,2849,5,6898,0,351,69,196581
26-05-2024,P1005,Running Shoes,Clothing,2999,0,7818,0,283,68,203932
27-05-2024,P1005,Running Shoes,Clothing,2999,0,14464,0,231,52,155948
28-05-2024,P1005,Running Shoes,Clothing,2399,20,12796,0,145,86,206314
29-05-2024,P1005,Running Shoes,Clothing,2999,0,13793,0,92,53,158947
30-05-2024,P1005,Running Shoes,Clothing,2999,0,7987,0,52,40,119960
31-05-2024,P1005,Running Shoes,Clothing,2999,0,19549,0,480,53,158947
01-06-2024,P1005,Running Shoes,Clothing,2999,0,14490,0,402,78,233922
02-06-2024,P1005,Running Shoes,Clothing,2999,0,15405,0,340,62,185938
03-06-2024,P1005,Running Shoes,Clothing,2699,10,6846,0,274,66,178134
04-06-2024,P1005,Running Shoes,Clothing,2999,0,7830,0,223,51,152949
05-06-2024,P1005,Running Shoes,Clothing,2999,0,10092,0,173,50,149950
06-06-2024,P1005,Running Shoes,Clothing,2999,0,6328,0,131,42,125958
07-06-2024,P1005,Running Shoes,Clothing,2849,5,12898,0,80,51,145299
08-06-2024,P1005,Running Shoes,Clothing,2099,30,11396,0,480,114,239286
09-06-2024,P1005,Running Shoes,Clothing,2099,30,9655,0,367,113,237187
10-06-2024,P1005,Running Shoes,Clothing,2399,20,18234,0,298,69,165531
11-06-2024,P1005,Running Shoes,Clothing,2999,0,12946,0,241,57,170943
12-06-2024,P1005,Running Shoes,Clothing,2099,30,7531,0,148,93,195207
13-06-2024,P1005,Running Shoes,Clothing,2999,0,6185,0,99,49,146951
14-06-2024,P1005,Running Shoes,Clothing,2999,0,10229,0,34,65,194935
15-06-2024,P1005,Running Shoes,Clothing,2699,10,9638,0,480,67,180833
16-06-2024,P1005,Running Shoes,Clothing,2999,0,15000,0,413,67,200933
17-06-2024,P1005,Running Shoes,Clothing,2999,0,13214,0,351,62,185938
18-06-2024,P1005,Running Shoes,Clothing,2099,30,2294,0,278,73,153227
19-06-2024,P1005,Running Shoes,Clothing,2699,10,3843,0,204,74,199726
20-06-2024,P1005,Running Shoes,Clothing,2849,5,8921,0,142,62,176638
21-06-2024,P1005,Running Shoes,Clothing,2399,20,18873,0,60,82,196718
22-06-2024,P1005,Running Shoes,Clothing,2849,5,12441,0,480,76,216524
23-06-2024,P1005,Running Shoes,Clothing,2549,15,12999,0,399,81,206469
24-06-2024,P1005,Running Shoes,Clothing,2099,30,5841,0,331,68,142732
25-06-2024,P1005,Running Shoes,Clothing,2549,15,3093,0,266,65,165685
26-06-2024,P1005,Running Shoes,Clothing,2999,0,8191,0,211,55,164945
27-06-2024,P1005,Running Shoes,Clothing,2399,20,18743,0,123,88,211112
28-06-2024,P1005,Running Shoes,Clothing,2549,15,11363,0,59,64,163136
29-06-2024,P1005,Running Shoes,Clothing,2999,0,10391,0,480,74,221926
30-06-2024,P1005,Running Shoes,Clothing,2999,0,3573,0,408,72,215928
01-07-2024,P1005,Running Shoes,Clothing,2999,0,15746,0,343,65,194935
02-07-2024,P1005,Running Shoes,Clothing,2849,5,6304,0,272,71,202279
03-07-2024,P1005,Running Shoes,Clothing,2699,10,4055,0,209,63,170037
04-07-2024,P1005,Running Shoes,Clothing,2999,0,14278,0,147,62,185938
05-07-2024,P1005,Running Shoes,Clothing,2549,15,5941,0,79,68,173332
06-07-2024,P1005,Running Shoes,Clothing,2999,0,18117,0,12,67,200933
07-07-2024,P1005,Running Shoes,Clothing,2999,0,13542,0,480,82,245918
08-07-2024,P1005,Running Shoes,Clothing,2999,0,16284,0,419,61,182939
09-07-2024,P1005,Running Shoes,Clothing,2849,5,13963,0,353,66,188034
10-07-2024,P1005,Running Shoes,Clothing,2999,0,19280,0,294,59,176941
11-07-2024,P1005,Running Shoes,Clothing,2099,30,6132,0,215,79,165821
12-07-2024,P1005,Running Shoes,Clothing,2699,10,19400,0,143,72,194328
13-07-2024,P1005,Running Shoes,Clothing,2999,0,3614,0,67,76,227924
14-07-2024,P1005,Running Shoes,Clothing,2999,0,9225,0,12,55,164945
15-07-2024,P1005,Running Shoes,Clothing,2849,5,2562,0,480,50,142450
16-07-2024,P1005,Running Shoes,Clothing,2999,0,16559,0,421,59,176941
17-07-2024,P1005,Running Shoes,Clothing,2699,10,14740,0,349,72,194328
18-07-2024,P1005,Running Shoes,Clothing,2549,15,13544,0,290,59,150391
19-07-2024,P1005,Running Shoes,Clothing,2999,0,14690,0,232,58,173942
20-07-2024,P1005,Running Shoes,Clothing,2999,0,14509,0,161,71,212929
21-07-2024,P1005,Running Shoes,Clothing,2999,0,15583,0,95,66,197934
22-07-2024,P1005,Running Shoes,Clothing,2999,0,2113,0,45,50,149950
23-07-2024,P1005,Running Shoes,Clothing,2849,5,6827,0,480,63,179487
24-07-2024,P1005,Running Shoes,Clothing,2699,10,12999,0,418,62,167338
25-07-2024,P1005,Running Shoes,Clothing,2999,0,11192,0,363,55,164945
26-07-2024,P1005,Running Shoes,Clothing,2399,20,8031,0,299,64,153536
27-07-2024,P1005,Running Shoes,Clothing,2999,0,19923,0,231,68,203932
28-07-2024,P1005,Running Shoes,Clothing,2999,0,2752,0,183,48,143952
29-07-2024,P1005,Running Shoes,Clothing,2999,0,7588,0,134,49,146951
30-07-2024,P1005,Running Shoes,Clothing,2999,0,3280,0,93,41,122959
31-07-2024,P1005,Running Shoes,Clothing,2999,0,8572,0,30,63,188937
01-08-2024,P1005,Running Shoes,Clothing,2999,0,13965,0,480,53,158947
02-08-2024,P1005,Running Shoes,Clothing,2699,10,14876,0,414,66,178134
03-08-2024,P1005,Running Shoes,Clothing,2999,0,17992,0,344,70,209930
04-08-2024,P1005,Running Shoes,Clothing,2999,0,12556,0,278,66,197934
05-08-2024,P1005,Running Shoes,Clothing,2999,0,16677,0,226,52,155948
06-08-2024,P1005,Running Shoes,Clothing,2999,0,6024,0,185,41,122959
07-08-2024,P1005,Running Shoes,Clothing,2999,0,15265,0,127,58,173942
08-08-2024,P1005,Running Shoes,Clothing,2399,20,16208,0,44,83,199117
09-08-2024,P1005,Running Shoes,Clothing,2999,0,19880,0,480,47,140953
10-08-2024,P1005,Running Shoes,Clothing,2699,10,7290,0,404,76,205124
11-08-2024,P1005,Running Shoes,Clothing,2999,0,18078,0,347,57,170943
12-08-2024,P1005,Running Shoes,Clothing,2849,5,16086,0,280,67,190883
13-08-2024,P1005,Running Shoes,Clothing,2399,20,12971,1,161,119,285481
14-08-2024,P1005,Running Shoes,Clothing,2999,0,11447,1,83,78,233922
15-08-2024,P1005,Running Shoes,Clothing,2999,0,13978,1,9,74,221926
16-08-2024,P1005,Running Shoes,Clothing,2999,0,17669,1,480,82,245918
17-08-2024,P1005,Running Shoes,Clothing,2399,20,13968,1,353,127,304673
18-08-2024,P1005,Running Shoes,Clothing,2099,30,2424,0,257,96,201504
19-08-2024,P1005,Running Shoes,Clothing,2549,15,13532,0,175,82,209018
20-08-2024,P1005,Running Shoes,Clothing,2999,0,11186,0,114,61,182939
21-08-2024,P1005,Running Shoes,Clothing,2999,0,14957,0,63,51,152949
22-08-2024,P1005,Running Shoes,Clothing,2999,0,7881,0,11,52,155948
23-08-2024,P1005,Running Shoes,Clothing,2999,0,16518,0,480,47,140953
24-08-2024,P1005,Running Shoes,Clothing,2999,0,9530,0,418,62,185938
25-08-2024,P1005,Running Shoes,Clothing,2399,20,6842,0,349,69,165531
26-08-2024,P1005,Running Shoes,Clothing,2999,0,6104,0,292,57,170943
27-08-2024,P1005,Running Shoes,Clothing,2999,0,10101,0,242,50,149950
28-08-2024,P1005,Running Shoes,Clothing,2999,0,4832,0,203,39,116961
29-08-2024,P1005,Running Shoes,Clothing,2399,20,16281,0,145,58,139142
30-08-2024,P1005,Running Shoes,Clothing,2699,10,6046,0,90,55,148445
31-08-2024,P1005,Running Shoes,Clothing,2399,20,3987,0,480,95,227905
01-09-2024,P1005,Running Shoes,Clothing,2999,0,14442,0,422,58,173942
02-09-2024,P1005,Running Shoes,Clothing,2699,10,2514,0,370,52,140348
03-09-2024,P1005,Running Shoes,Clothing,2999,0,18413,0,321,49,146951
04-09-2024,P1005,Running Shoes,Clothing,2999,0,8445,0,277,44,131956
05-09-2024,P1005,Running Shoes,Clothing,2399,20,2394,0,227,50,119950
06-09-2024,P1005,Running Shoes,Clothing,2999,0,7343,0,186,41,122959
07-09-2024,P1005,Running Shoes,Clothing,2999,0,2314,0,126,60,179940
08-09-2024,P1005,Running Shoes,Clothing,2999,0,11486,0,73,53,158947
09-09-2024,P1005,Running Shoes,Clothing,2849,5,17665,0,18,55,156695
10-09-2024,P1005,Running Shoes,Clothing,2999,0,11807,0,480,50,149950
11-09-2024,P1005,Running Shoes,Clothing,2999,0,6915,0,433,47,140953
12-09-2024,P1005,Running Shoes,Clothing,2999,0,2998,0,393,40,119960
13-09-2024,P1005,Running Shoes,Clothing,2849,5,2103,0,346,47,133903
14-09-2024,P1005,Running Shoes,Clothing,2849,5,19887,0,285,61,173789
15-09-2024,P1005,Running Shoes,Clothing,2399,20,8669,0,213,72,172728
16-09-2024,P1005,Running Shoes,Clothing,2999,0,8394,0,169,44,131956
17-09-2024,P1005,Running Shoes,Clothing,2549,15,2241,0,104,65,165685
18-09-2024,P1005,Running Shoes,Clothing,2699,10,15625,0,34,70,188930
19-09-2024,P1005,Running Shoes,Clothing,2999,0,18362,0,480,54,161946
20-09-2024,P1005,Running Shoes,Clothing,2849,5,16397,0,432,48,136752
21-09-2024,P1005,Running Shoes,Clothing,2549,15,11429,0,365,67,170783
22-09-2024,P1005,Running Shoes,Clothing,2999,0,9251,0,304,61,182939
23-09-2024,P1005,Running Shoes,Clothing,2549,15,16249,0,233,71,180979
24-09-2024,P1005,Running Shoes,Clothing,2999,0,15039,0,198,35,104965
25-09-2024,P1005,Running Shoes,Clothing,2999,0,11511,0,148,50,149950
26-09-2024,P1005,Running Shoes,Clothing,2999,0,4210,0,109,39,116961
27-09-2024,P1005,Running Shoes,Clothing,2549,15,18163,0,27,82,209018
28-09-2024,P1005,Running Shoes,Clothing,2999,0,10332,0,480,60,179940
29-09-2024,P1005,Running Shoes,Clothing,2699,10,10925,0,419,61,164639
30-09-2024,P1005,Running Shoes,Clothing,2699,10,4521,0,355,64,172736
01-10-2024,P1005,Running Shoes,Clothing,2699,10,4281,0,313,42,113358
02-10-2024,P1005,Running Shoes,Clothing,2999,0,4039,0,273,40,119960
03-10-2024,P1005,Running Shoes,Clothing,2699,10,11723,0,231,42,113358
04-10-2024,P1005,Running Shoes,Clothing,2999,0,3272,0,189,42,125958
05-10-2024,P1005,Running Shoes,Clothing,2999,0,13191,0,134,55,164945
06-10-2024,P1005,Running Shoes,Clothing,2999,0,14869,0,74,60,179940
07-10-2024,P1005,Running Shoes,Clothing,2849,5,16110,0,36,38,108262
08-10-2024,P1005,Running Shoes,Clothing,2699,10,4063,0,480,61,164639
09-10-2024,P1005,Running Shoes,Clothing,2699,10,18182,0,418,62,167338
10-10-2024,P1005,Running Shoes,Clothing,2999,0,17313,0,373,45,134955
11-10-2024,P1005,Running Shoes,Clothing,2999,0,5928,0,338,35,104965
12-10-2024,P1005,Running Shoes,Clothing,2999,0,8189,0,278,60,179940
13-10-2024,P1005,Running Shoes,Clothing,2999,0,14250,0,207,71,212929
14-10-2024,P1005,Running Shoes,Clothing,2399,20,5501,0,156,51,122349
15-10-2024,P1005,Running Shoes,Clothing,2399,20,12867,0,87,69,165531
16-10-2024,P1005,Running Shoes,Clothing,2549,15,12474,0,27,60,152940
17-10-2024,P1005,Running Shoes,Clothing,2699,10,14273,0,480,52,140348
18-10-2024,P1005,Running Shoes,Clothing,2999,0,12323,0,438,42,125958
19-10-2024,P1005,Running Shoes,Clothing,2849,5,5842,0,380,58,165242
20-10-2024,P1005,Running Shoes,Clothing,2399,20,9108,0,289,91,218309
21-10-2024,P1005,Running Shoes,Clothing,2849,5,16075,0,240,49,139601
22-10-2024,P1005,Running Shoes,Clothing,2849,5,8166,0,201,39,111111
23-10-2024,P1005,Running Shoes,Clothing,2699,10,5373,0,146,55,148445
24-10-2024,P1005,Running Shoes,Clothing,2999,0,5011,0,106,40,119960
25-10-2024,P1005,Running Shoes,Clothing,2999,0,3964,0,63,43,128957
26-10-2024,P1005,Running Shoes,Clothing,2999,0,17608,0,16,47,140953
27-10-2024,P1005,Running Shoes,Clothing,2999,0,12423,0,480,28,83972
28-10-2024,P1005,Running Shoes,Clothing,2549,15,10557,0,438,42,107058
29-10-2024,P1005,Running Shoes,Clothing,2999,0,4438,0,396,42,125958
30-10-2024,P1005,Running Shoes,Clothing,2849,5,16584,1,323,73,207977
31-10-2024,P1005,Running Shoes,Clothing,2999,0,10228,1,255,68,203932
01-11-2024,P1005,Running Shoes,Clothing,2999,0,19683,1,168,87,260913
02-11-2024,P1005,Running Shoes,Clothing,2999,0,15868,1,68,100,299900
03-11-2024,P1005,Running Shoes,Clothing,2999,0,14252,1,480,69,206931
04-11-2024,P1005,Running Shoes,Clothing,2999,0,13532,0,443,37,110963
05-11-2024,P1005,Running Shoes,Clothing,2849,5,7405,0,404,39,111111
06-11-2024,P1005,Running Shoes,Clothing,2549,15,10361,0,345,59,150391
07-11-2024,P1005,Running Shoes,Clothing,2549,15,11152,0,301,44,112156
08-11-2024,P1005,Running Shoes,Clothing,2999,0,16967,0,253,48,143952
09-11-2024,P1005,Running Shoes,Clothing,2699,10,16840,0,192,61,164639
10-11-2024,P1005,Running Shoes,Clothing,2999,0,15873,0,135,57,170943
11-11-2024,P1005,Running Shoes,Clothing,2699,10,10063,0,89,46,124154
12-11-2024,P1005,Running Shoes,Clothing,2999,0,7102,0,51,38,113962
13-11-2024,P1005,Running Shoes,Clothing,2999,0,4889,0,9,42,125958
14-11-2024,P1005,Running Shoes,Clothing,2999,0,11663,0,480,44,131956
15-11-2024,P1005,Running Shoes,Clothing,2999,0,7717,0,440,40,119960
16-11-2024,P1005,Running Shoes,Clothing,2999,0,19885,0,385,55,164945
17-11-2024,P1005,Running Shoes,Clothing,2999,0,15721,0,319,66,197934
18-11-2024,P1005,Running Shoes,Clothing,2999,0,18968,0,281,38,113962
19-11-2024,P1005,Running Shoes,Clothing,2999,0,15200,0,249,32,95968
20-11-2024,P1005,Running Shoes,Clothing,2999,0,5825,0,204,45,134955
21-11-2024,P1005,Running Shoes,Clothing,2549,15,8268,0,148,56,142744
22-11-2024,P1005,Running Shoes,Clothing,2999,0,9903,0,98,50,149950
23-11-2024,P1005,Running Shoes,Clothing,2999,0,14834,0,51,47,140953
24-11-2024,P1005,Running Shoes,Clothing,2999,0,10756,0,14,37,110963
25-11-2024,P1005,Running Shoes,Clothing,2849,5,13773,0,480,35,99715
26-11-2024,P1005,Running Shoes,Clothing,2849,5,11561,0,425,55,156695
27-11-2024,P1005,Running Shoes,Clothing,2999,0,8516,0,381,44,131956
28-11-2024,P1005,Running Shoes,Clothing,2999,0,3283,0,338,43,128957
29-11-2024,P1005,Running Shoes,Clothing,2849,5,7308,0,296,42,119658
30-11-2024,P1005,Running Shoes,Clothing,2099,30,2289,0,229,67,140633
01-12-2024,P1005,Running Shoes,Clothing,2999,0,7052,0,183,46,137954
02-12-2024,P1005,Running Shoes,Clothing,2999,0,17130,0,133,50,149950
03-12-2024,P1005,Running Shoes,Clothing,2999,0,16263,0,80,53,158947
04-12-2024,P1005,Running Shoes,Clothing,2999,0,14563,0,41,39,116961
05-12-2024,P1005,Running Shoes,Clothing,2849,5,17817,0,480,54,153846
06-12-2024,P1005,Running Shoes,Clothing,2999,0,4837,0,442,38,113962
07-12-2024,P1005,Running Shoes,Clothing,2999,0,13483,0,383,59,176941
08-12-2024,P1005,Running Shoes,Clothing,2999,0,10979,0,329,54,161946
09-12-2024,P1005,Running Shoes,Clothing,2999,0,3916,0,285,44,131956
10-12-2024,P1005,Running Shoes,Clothing,2549,15,10666,0,220,65,165685
11-12-2024,P1005,Running Shoes,Clothing,2699,10,14973,0,172,48,129552
12-12-2024,P1005,Running Shoes,Clothing,2399,20,6158,0,110,62,148738
13-12-2024,P1005,Running Shoes,Clothing,2699,10,6019,0,59,51,137649
14-12-2024,P1005,Running Shoes,Clothing,2999,0,10845,0,480,64,191936
15-12-2024,P1005,Running Shoes,Clothing,2099,30,16121,0,385,95,199405
16-12-2024,P1005,Running Shoes,Clothing,2399,20,11486,0,326,59,141541
17-12-2024,P1005,Running Shoes,Clothing,2399,20,10620,0,275,51,122349
18-12-2024,P1005,Running Shoes,Clothing,2699,10,8725,0,218,57,153843
19-12-2024,P1005,Running Shoes,Clothing,2999,0,13331,0,176,42,125958
20-12-2024,P1005,Running Shoes,Clothing,2999,0,16727,0,134,42,125958
21-12-2024,P1005,Running Shoes,Clothing,2699,10,6338,0,71,63,170037
22-12-2024,P1005,Running Shoes,Clothing,2399,20,14543,0,480,71,170329
23-12-2024,P1005,Running Shoes,Clothing,2999,0,12847,1,418,62,185938
24-12-2024,P1005,Running Shoes,Clothing,2999,0,8373,1,348,70,209930
25-12-2024,P1005,Running Shoes,Clothing,2699,10,15739,1,264,84,226716
26-12-2024,P1005,Running Shoes,Clothing,2099,30,2624,1,161,103,216197
27-12-2024,P1005,Running Shoes,Clothing,2999,0,13216,1,88,73,218927
28-12-2024,P1005,Running Shoes,Clothing,2699,10,15993,0,16,72,194328
29-12-2024,P1005,Running Shoes,Clothing,2999,0,11536,0,480,60,179940
30-12-2024,P1005,Running Shoes,Clothing,2999,0,6611,0,436,44,131956
31-12-2024,P1005,Running Shoes,Clothing,2999,0,2079,0,399,37,110963
01-01-2025,P1005,Running Shoes,Clothing,2399,20,6094,0,339,60,143940
02-01-2025,P1005,Running Shoes,Clothing,2849,5,7914,0,276,63,179487
03-01-2025,P1005,Running Shoes,Clothing,2999,0,2522,0,250,26,77974
04-01-2025,P1005,Running Shoes,Clothing,2699,10,6090,0,194,56,151144
05-01-2025,P1005,Running Shoes,Clothing,2999,0,9296,0,138,56,167944
06-01-2025,P1005,Running Shoes,Clothing,2999,0,10272,0,88,50,149950
07-01-2025,P1005,Running Shoes,Clothing,2999,0,17377,0,37,51,152949
08-01-2025,P1005,Running Shoes,Clothing,2999,0,4458,0,480,44,131956
09-01-2025,P1005,Running Shoes,Clothing,2999,0,7032,0,441,39,116961
10-01-2025,P1005,Running Shoes,Clothing,2999,0,17879,0,399,42,125958
11-01-2025,P1005,Running Shoes,Clothing,2849,5,14257,0,348,51,145299
12-01-2025,P1005,Running Shoes,Clothing,2699,10,13312,0,280,68,183532
13-01-2025,P1005,Running Shoes,Clothing,2999,0,4865,0,235,45,134955
14-01-2025,P1005,Running Shoes,Clothing,2999,0,9938,0,188,47,140953
15-01-2025,P1005,Running Shoes,Clothing,2099,30,2106,0,107,81,170019
16-01-2025,P1005,Running Shoes,Clothing,2999,0,19934,0,53,54,161946
17-01-2025,P1005,Running Shoes,Clothing,2699,10,9349,0,480,61,164639
18-01-2025,P1005,Running Shoes,Clothing,2699,10,18911,0,395,85,229415
19-01-2025,P1005,Running Shoes,Clothing,2849,5,11379,0,334,61,173789
20-01-2025,P1005,Running Shoes,Clothing,2849,5,9828,0,277,57,162393
21-01-2025,P1005,Running Shoes,Clothing,2549,15,16592,0,220,57,145293
22-01-2025,P1005,Running Shoes,Clothing,2699,10,5597,0,173,47,126853
23-01-2025,P1005,Running Shoes,Clothing,2699,10,12416,0,114,59,159241
24-01-2025,P1005,Running Shoes,Clothing,2999,0,17592,1,46,68,203932
25-01-2025,P1005,Running Shoes,Clothing,2549,15,13300,1,480,120,305880
26-01-2025,P1005,Running Shoes,Clothing,2699,10,14299,1,373,107,288793
27-01-2025,P1005,Running Shoes,Clothing,2999,0,19033,1,294,79,236921
28-01-2025,P1005,Running Shoes,Clothing,2999,0,17343,1,221,73,218927
29-01-2025,P1005,Running Shoes,Clothing,2999,0,18089,0,167,54,161946
30-01-2025,P1005,Running Shoes,Clothing,2999,0,7598,0,125,42,125958
31-01-2025,P1005,Running Shoes,Clothing,2999,0,10162,0,79,46,137954
01-02-2025,P1005,Running Shoes,Clothing,2999,0,3602,0,14,65,194935
02-02-2025,P1005,Running Shoes,Clothing,2849,5,18738,0,480,78,222222
03-02-2025,P1005,Running Shoes,Clothing,2999,0,17291,0,422,58,173942
04-02-2025,P1005,Running Shoes,Clothing,2849,5,17582,0,358,64,182336
05-02-2025,P1005,Running Shoes,Clothing,2999,0,11328,0,315,43,128957
06-02-2025,P1005,Running Shoes,Clothing,2999,0,7355,0,271,44,131956
07-02-2025,P1005,Running Shoes,Clothing,2549,15,16622,0,205,66,168234
08-02-2025,P1005,Running Shoes,Clothing,2549,15,13401,0,127,78,198822
09-02-2025,P1005,Running Shoes,Clothing,2999,0,18337,0,60,67,200933
10-02-2025,P1005,Running Shoes,Clothing,2549,15,15719,0,480,70,178430
11-02-2025,P1005,Running Shoes,Clothing,2999,0,5860,0,436,44,131956
12-02-2025,P1005,Running Shoes,Clothing,2999,0,12036,0,391,45,134955
13-02-2025,P1005,Running Shoes,Clothing,2399,20,19862,0,307,84,201516
14-02-2025,P1005,Running Shoes,Clothing,2699,10,5211,0,249,58,156542
15-02-2025,P1005,Running Shoes,Clothing,2999,0,18719,0,177,72,215928
16-02-2025,P1005,Running Shoes,Clothing,2999,0,16676,0,112,65,194935
17-02-2025,P1005,Running Shoes,Clothing,2999,0,19405,0,54,58,173942
18-02-2025,P1005,Running Shoes,Clothing,2999,0,15986,0,3,51,152949
19-02-2025,P1005,Running Shoes,Clothing,2999,0,17486,0,480,58,173942
20-02-2025,P1005,Running Shoes,Clothing,2999,0,10542,0,423,57,170943
21-02-2025,P1005,Running Shoes,Clothing,2099,30,17475,0,342,81,170019
22-02-2025,P1005,Running Shoes,Clothing,2849,5,13994,0,271,71,202279
23-02-2025,P1005,Running Shoes,Clothing,2999,0,7544,0,188,83,248917
24-02-2025,P1005,Running Shoes,Clothing,2999,0,17042,0,140,48,143952
25-02-2025,P1005,Running Shoes,Clothing,2399,20,3309,0,58,82,196718
26-02-2025,P1005,Running Shoes,Clothing,2849,5,12876,0,8,50,142450
27-02-2025,P1005,Running Shoes,Clothing,2999,0,8083,0,480,49,146951
28-02-2025,P1005,Running Shoes,Clothing,2999,0,6514,0,423,57,170943
01-03-2025,P1005,Running Shoes,Clothing,2999,0,14740,0,353,70,209930
02-03-2025,P1005,Running Shoes,Clothing,2999,0,16593,0,283,70,209930
03-03-2025,P1005,Running Shoes,Clothing,2399,20,17398,0,198,85,203915
04-03-2025,P1005,Running Shoes,Clothing,2999,0,12343,0,140,58,173942
05-03-2025,P1005,Running Shoes,Clothing,2999,0,17762,0,82,58,173942
06-03-2025,P1005,Running Shoes,Clothing,2999,0,3491,0,28,54,161946
07-03-2025,P1005,Running Shoes,Clothing,2999,0,5046,0,480,43,128957
08-03-2025,P1005,Running Shoes,Clothing,2999,0,18053,0,401,79,236921
09-03-2025,P1005,Running Shoes,Clothing,2999,0,16091,0,344,57,170943
10-03-2025,P1005,Running Shoes,Clothing,2099,30,5096,0,252,92,193108
11-03-2025,P1005,Running Shoes,Clothing,2549,15,4007,0,181,71,180979
12-03-2025,P1005,Running Shoes,Clothing,2999,0,7248,1,111,70,209930
13-03-2025,P1005,Running Shoes,Clothing,2999,0,6946,1,39,72,215928
14-03-2025,P1005,Running Shoes,Clothing,2999,0,6339,1,480,73,218927
15-03-2025,P1005,Running Shoes,Clothing,2999,0,19985,1,377,103,308897
16-03-2025,P1005,Running Shoes,Clothing,2999,0,17372,1,271,106,317894
17-03-2025,P1005,Running Shoes,Clothing,2999,0,10692,0,231,40,119960
18-03-2025,P1005,Running Shoes,Clothing,2099,30,18662,0,147,84,176316
19-03-2025,P1005,Running Shoes,Clothing,2999,0,16756,0,90,57,170943
20-03-2025,P1005,Running Shoes,Clothing,2999,0,6957,0,27,63,188937
21-03-2025,P1005,Running Shoes,Clothing,2999,0,14787,0,480,60,179940
22-03-2025,P1005,Running Shoes,Clothing,2549,15,3822,0,401,79,201371
23-03-2025,P1005,Running Shoes,Clothing,2699,10,19605,0,313,88,237512
24-03-2025,P1005,Running Shoes,Clothing,2699,10,16738,0,238,75,202425
25-03-2025,P1005,Running Shoes,Clothing,2999,0,14425,0,186,52,155948
26-03-2025,P1005,Running Shoes,Clothing,2999,0,4781,0,124,62,185938
27-03-2025,P1005,Running Shoes,Clothing,2999,0,2063,0,75,49,146951
28-03-2025,P1005,Running Shoes,Clothing,2999,0,18353,0,15,60,179940
29-03-2025,P1005,Running Shoes,Clothing,2699,10,4743,0,480,75,202425
30-03-2025,P1005,Running Shoes,Clothing,2999,0,17971,0,406,74,221926
31-03-2025,P1005,Running Shoes,Clothing,2999,0,7583,0,337,69,206931
01-04-2025,P1005,Running Shoes,Clothing,2699,10,2758,0,285,52,140348
02-04-2025,P1005,Running Shoes,Clothing,2399,20,5947,0,203,82,196718
03-04-2025,P1005,Running Shoes,Clothing,2849,5,12562,0,137,66,188034
04-04-2025,P1005,Running Shoes,Clothing,2999,0,17956,0,75,62,185938
05-04-2025,P1005,Running Shoes,Clothing,2999,0,3207,0,9,66,197934
06-04-2025,P1005,Running Shoes,Clothing,2999,0,9998,0,480,74,221926
07-04-2025,P1005,Running Shoes,Clothing,2699,10,11043,0,404,76,205124
08-04-2025,P1005,Running Shoes,Clothing,2849,5,2091,0,360,44,125356
09-04-2025,P1005,Running Shoes,Clothing,2999,0,14397,0,298,62,185938
10-04-2025,P1005,Running Shoes,Clothing,2999,0,13034,0,234,64,191936
11-04-2025,P1005,Running Shoes,Clothing,2999,0,17060,0,177,57,170943
12-04-2025,P1005,Running Shoes,Clothing,2849,5,6350,0,113,64,182336
13-04-2025,P1005,Running Shoes,Clothing,2549,15,18452,0,480,127,323723
14-04-2025,P1005,Running Shoes,Clothing,2999,0,16445,0,423,57,170943
15-04-2025,P1005,Running Shoes,Clothing,2999,0,12302,0,360,63,188937
16-04-2025,P1005,Running Shoes,Clothing,2999,0,15246,0,297,63,188937
17-04-2025,P1005,Running Shoes,Clothing,2999,0,19228,0,231,66,197934
18-04-2025,P1005,Running Shoes,Clothing,2849,5,19180,0,166,65,185185
19-04-2025,P1005,Running Shoes,Clothing,2999,0,16417,0,101,65,194935
20-04-2025,P1005,Running Shoes,Clothing,2999,0,13454,0,22,79,236921
21-04-2025,P1005,Running Shoes,Clothing,2999,0,15583,0,480,59,176941
22-04-2025,P1005,Running Shoes,Clothing,2999,0,6569,0,419,61,182939
23-04-2025,P1005,Running Shoes,Clothing,2699,10,12141,0,346,73,197027
24-04-2025,P1005,Running Shoes,Clothing,2999,0,18110,0,286,60,179940
25-04-2025,P1005,Running Shoes,Clothing,2699,10,2207,0,229,57,153843
26-04-2025,P1005,Running Shoes,Clothing,2999,0,13305,0,158,71,212929
27-04-2025,P1005,Running Shoes,Clothing,2999,0,5111,0,78,80,239920
28-04-2025,P1005,Running Shoes,Clothing,2999,0,6741,0,34,44,131956
29-04-2025,P1005,Running Shoes,Clothing,2999,0,18275,0,480,70,209930
30-04-2025,P1005,Running Shoes,Clothing,2999,0,13810,0,403,77,230923
01-05-2025,P1005,Running Shoes,Clothing,2549,15,5242,0,324,79,201371
02-05-2025,P1005,Running Shoes,Clothing,2849,5,6277,0,260,64,182336
03-05-2025,P1005,Running Shoes,Clothing,2849,5,14290,0,192,68,193732
04-05-2025,P1005,Running Shoes,Clothing,2999,0,14186,0,127,65,194935
05-05-2025,P1005,Running Shoes,Clothing,2999,0,19412,0,59,68,203932
06-05-2025,P1005,Running Shoes,Clothing,2699,10,5494,0,480,63,170037
07-05-2025,P1005,Running Shoes,Clothing,2699,10,18993,0,387,93,251007
08-05-2025,P1005,Running Shoes,Clothing,2999,0,16913,0,329,58,173942
09-05-2025,P1005,Running Shoes,Clothing,2099,30,5355,0,241,88,184712
10-05-2025,P1005,Running Shoes,Clothing,2849,5,18875,0,148,93,264957
11-05-2025,P1005,Running Shoes,Clothing,2549,15,15666,0,26,122,310978
12-05-2025,P1005,Running Shoes,Clothing,2999,0,7828,0,480,77,230923
13-05-2025,P1005,Running Shoes,Clothing,2549,15,13427,0,393,87,221763
14-05-2025,P1005,Running Shoes,Clothing,2849,5,17341,0,325,68,193732
15-05-2025,P1005,Running Shoes,Clothing,2999,0,5599,0,262,63,188937
16-05-2025,P1005,Running Shoes,Clothing,2399,20,6944,0,199,63,151137
17-05-2025,P1005,Running Shoes,Clothing,2549,15,19486,0,79,120,305880
18-05-2025,P1005,Running Shoes,Clothing,2549,15,5851,0,480,112,285488
19-05-2025,P1005,Running Shoes,Clothing,2999,0,12469,0,411,69,206931
20-05-2025,P1005,Running Shoes,Clothing,2999,0,15196,0,329,82,245918
21-05-2025,P1005,Running Shoes,Clothing,2999,0,13580,0,277,52,155948
22-05-2025,P1005,Running Shoes,Clothing,2999,0,10775,0,220,57,170943
23-05-2025,P1005,Running Shoes,Clothing,2999,0,13656,0,162,58,173942
24-05-2025,P1005,Running Shoes,Clothing,2999,0,15558,0,72,90,269910
25-05-2025,P1005,Running Shoes,Clothing,2699,10,16999,0,480,102,275298
26-05-2025,P1005,Running Shoes,Clothing,2999,0,7220,0,425,55,164945
27-05-2025,P1005,Running Shoes,Clothing,2099,30,5759,0,328,97,203603
28-05-2025,P1005,Running Shoes,Clothing,2099,30,8053,0,255,73,153227
29-05-2025,P1005,Running Shoes,Clothing,2999,0,16739,0,197,58,173942
30-05-2025,P1005,Running Shoes,Clothing,2999,0,18724,0,122,75,224925
31-05-2025,P1005,Running Shoes,Clothing,2999,0,13180,0,40,82,245918
01-06-2025,P1005,Running Shoes,Clothing,2849,5,19425,0,480,76,216524
02-06-2025,P1005,Running Shoes,Clothing,2699,10,19675,0,402,78,210522
03-06-2025,P1005,Running Shoes,Clothing,2999,0,8930,0,352,50,149950
04-06-2025,P1005,Running Shoes,Clothing,2999,0,13755,0,285,67,200933
05-06-2025,P1005,Running Shoes,Clothing,2999,0,18251,0,211,74,221926
06-06-2025,P1005,Running Shoes,Clothing,2999,0,19871,0,159,52,155948
07-06-2025,P1005,Running Shoes,Clothing,2999,0,17622,0,72,87,260913
08-06-2025,P1005,Running Shoes,Clothing,2099,30,19204,0,480,122,256078
09-06-2025,P1005,Running Shoes,Clothing,2849,5,2072,0,413,67,190883
10-06-2025,P1005,Running Shoes,Clothing,2399,20,17093,0,307,106,254294
11-06-2025,P1005,Running Shoes,Clothing,2999,0,8489,0,242,65,194935
12-06-2025,P1005,Running Shoes,Clothing,2699,10,8050,0,179,63,170037
13-06-2025,P1005,Running Shoes,Clothing,2849,5,11309,0,108,71,202279
14-06-2025,P1005,Running Shoes,Clothing,2699,10,13699,0,11,97,261803
15-06-2025,P1005,Running Shoes,Clothing,2999,0,2918,0,480,76,227924
16-06-2025,P1005,Running Shoes,Clothing,2549,15,16622,0,395,85,216665
17-06-2025,P1005,Running Shoes,Clothing,2849,5,4542,0,351,44,125356
18-06-2025,P1005,Running Shoes,Clothing,2999,0,9473,0,287,64,191936
19-06-2025,P1005,Running Shoes,Clothing,2699,10,3276,0,220,67,180833
20-06-2025,P1005,Running Shoes,Clothing,2999,0,11068,0,159,61,182939
21-06-2025,P1005,Running Shoes,Clothing,2699,10,13013,0,52,107,288793
22-06-2025,P1005,Running Shoes,Clothing,2999,0,2317,0,480,81,242919
23-06-2025,P1005,Running Shoes,Clothing,2999,0,4851,0,418,62,185938
24-06-2025,P1005,Running Shoes,Clothing,2999,0,11061,0,350,68,203932
25-06-2025,P1005,Running Shoes,Clothing,2699,10,10315,0,279,71,191629
26-06-2025,P1005,Running Shoes,Clothing,2999,0,7987,0,209,70,209930
27-06-2025,P1005,Running Shoes,Clothing,2099,30,3934,0,121,88,184712
28-06-2025,P1005,Running Shoes,Clothing,2549,15,4584,0,39,82,209018
29-06-2025,P1005,Running Shoes,Clothing,2999,0,13601,0,480,88,263912
30-06-2025,P1005,Running Shoes,Clothing,2549,15,2676,0,397,83,211567
01-07-2025,P1005,Running Shoes,Clothing,2999,0,2374,0,342,55,164945
02-07-2025,P1005,Running Shoes,Clothing,2999,0,14188,0,280,62,185938
03-07-2025,P1005,Running Shoes,Clothing,2999,0,19867,0,218,62,185938
04-07-2025,P1005,Running Shoes,Clothing,2999,0,19768,0,159,59,176941
05-07-2025,P1005,Running Shoes,Clothing,2999,0,3196,0,83,76,227924
06-07-2025,P1005,Running Shoes,Clothing,2849,5,6157,0,480,107,304843
07-07-2025,P1005,Running Shoes,Clothing,2999,0,8042,0,415,65,194935
08-07-2025,P1005,Running Shoes,Clothing,2999,0,2290,0,367,48,143952
09-07-2025,P1005,Running Shoes,Clothing,2549,15,7215,0,303,64,163136
10-07-2025,P1005,Running Shoes,Clothing,2999,0,19619,0,242,61,182939
11-07-2025,P1005,Running Shoes,Clothing,2849,5,12189,0,175,67,190883
12-07-2025,P1005,Running Shoes,Clothing,2849,5,2189,0,85,90,256410
13-07-2025,P1005,Running Shoes,Clothing,2999,0,9318,0,6,79,236921
14-07-2025,P1005,Running Shoes,Clothing,2999,0,3142,0,480,54,161946
15-07-2025,P1005,Running Shoes,Clothing,2549,15,8021,0,411,69,175881
16-07-2025,P1005,Running Shoes,Clothing,2999,0,3813,0,358,53,158947
17-07-2025,P1005,Running Shoes,Clothing,2549,15,6615,0,276,82,209018
18-07-2025,P1005,Running Shoes,Clothing,2999,0,2979,0,219,57,170943
19-07-2025,P1005,Running Shoes,Clothing,2999,0,2117,0,149,70,209930
20-07-2025,P1005,Running Shoes,Clothing,2999,0,15256,0,68,81,242919
21-07-2025,P1005,Running Shoes,Clothing,2999,0,18624,0,5,63,188937
22-07-2025,P1005,Running Shoes,Clothing,2549,15,17220,0,480,88,224312
23-07-2025,P1005,Running Shoes,Clothing,2999,0,15696,0,422,58,173942
24-07-2025,P1005,Running Shoes,Clothing,2999,0,2977,0,369,53,158947
25-07-2025,P1005,Running Shoes,Clothing,2999,0,15745,0,329,40,119960
26-07-2025,P1005,Running Shoes,Clothing,2999,0,8935,0,252,77,230923
27-07-2025,P1005,Running Shoes,Clothing,2999,0,18430,0,169,83,248917
28-07-2025,P1005,Running Shoes,Clothing,2999,0,15397,0,118,51,152949
29-07-2025,P1005,Running Shoes,Clothing,2399,20,18204,0,43,75,179925
30-07-2025,P1005,Running Shoes,Clothing,2999,0,10611,0,480,63,188937
31-07-2025,P1005,Running Shoes,Clothing,2999,0,14308,0,416,64,191936
01-08-2025,P1005,Running Shoes,Clothing,2999,0,14703,0,358,58,173942
02-08-2025,P1005,Running Shoes,Clothing,2999,0,15022,0,288,70,209930
03-08-2025,P1005,Running Shoes,Clothing,2399,20,17547,0,176,112,268688
04-08-2025,P1005,Running Shoes,Clothing,2099,30,12246,0,89,87,182613
05-08-2025,P1005,Running Shoes,Clothing,2399,20,14422,0,480,91,218309
06-08-2025,P1005,Running Shoes,Clothing,2099,30,14990,0,387,93,195207
07-08-2025,P1005,Running Shoes,Clothing,2549,15,16915,0,300,87,221763
08-08-2025,P1005,Running Shoes,Clothing,2999,0,9317,0,254,46,137954
09-08-2025,P1005,Running Shoes,Clothing,2849,5,13028,0,180,74,210826
10-08-2025,P1005,Running Shoes,Clothing,2999,0,19914,0,91,89,266911
11-08-2025,P1005,Running Shoes,Clothing,2549,15,4961,0,33,58,147842
12-08-2025,P1005,Running Shoes,Clothing,2699,10,2955,0,480,56,151144
13-08-2025,P1005,Running Shoes,Clothing,2999,0,9632,1,396,84,251916
14-08-2025,P1005,Running Shoes,Clothing,2999,0,5036,1,308,88,263912
15-08-2025,P1005,Running Shoes,Clothing,2999,0,18794,1,208,100,299900
16-08-2025,P1005,Running Shoes,Clothing,2999,0,17289,1,114,94,281906
17-08-2025,P1005,Running Shoes,Clothing,2999,0,8059,1,2,112,335888
18-08-2025,P1005,Running Shoes,Clothing,2999,0,5634,0,480,60,179940
19-08-2025,P1005,Running Shoes,Clothing,2999,0,5310,0,437,43,128957
20-08-2025,P1005,Running Shoes,Clothing,2999,0,11648,0,376,61,182939
21-08-2025,P1005,Running Shoes,Clothing,2849,5,8013,0,307,69,196581
22-08-2025,P1005,Running Shoes,Clothing,2699,10,9175,0,232,75,202425
23-08-2025,P1005,Running Shoes,Clothing,2999,0,3452,0,182,50,149950
24-08-2025,P1005,Running Shoes,Clothing,2999,0,18695,0,89,93,278907
25-08-2025,P1005,Running Shoes,Clothing,2999,0,19184,0,24,65,194935
26-08-2025,P1005,Running Shoes,Clothing,2999,0,6399,0,480,65,194935
27-08-2025,P1005,Running Shoes,Clothing,2999,0,6792,0,427,53,158947
28-08-2025,P1005,Running Shoes,Clothing,2399,20,9534,0,338,89,213511
29-08-2025,P1005,Running Shoes,Clothing,2999,0,4883,0,291,47,140953
30-08-2025,P1005,Running Shoes,Clothing,2699,10,10053,0,194,97,261803
31-08-2025,P1005,Running Shoes,Clothing,2999,0,12906,0,116,78,233922
01-09-2025,P1005,Running Shoes,Clothing,2999,0,6043,0,65,51,152949
02-09-2025,P1005,Running Shoes,Clothing,2999,0,13318,0,9,56,167944
03-09-2025,P1005,Running Shoes,Clothing,2999,0,3116,0,480,48,143952
04-09-2025,P1005,Running Shoes,Clothing,2399,20,6414,0,414,66,158334
05-09-2025,P1005,Running Shoes,Clothing,2549,15,10836,0,347,67,170783
06-09-2025,P1005,Running Shoes,Clothing,2999,0,3632,0,289,58,173942
07-09-2025,P1005,Running Shoes,Clothing,2999,0,7792,0,210,79,236921
08-09-2025,P1005,Running Shoes,Clothing,2999,0,16877,0,163,47,140953
09-09-2025,P1005,Running Shoes,Clothing,2099,30,9286,0,74,89,186811
10-09-2025,P1005,Running Shoes,Clothing,2999,0,10279,0,17,57,170943
11-09-2025,P1005,Running Shoes,Clothing,2399,20,16060,0,480,80,191920
12-09-2025,P1005,Running Shoes,Clothing,2849,5,15169,0,429,51,145299
13-09-2025,P1005,Running Shoes,Clothing,2999,0,18836,0,337,92,275908
14-09-2025,P1005,Running Shoes,Clothing,2999,0,11472,0,269,68,203932
15-09-2025,P1005,Running Shoes,Clothing,2999,0,13204,0,225,44,131956
16-09-2025,P1005,Running Shoes,Clothing,2999,0,12915,0,191,34,101966
17-09-2025,P1005,Running Shoes,Clothing,2999,0,18480,0,133,58,173942
18-09-2025,P1005,Running Shoes,Clothing,2849,5,9061,0,77,56,159544
19-09-2025,P1005,Running Shoes,Clothing,2999,0,14569,0,27,50,149950
20-09-2025,P1005,Running Shoes,Clothing,2849,5,11151,0,480,80,227920
21-09-2025,P1005,Running Shoes,Clothing,2549,15,13699,0,384,96,244704
22-09-2025,P1005,Running Shoes,Clothing,2849,5,2661,0,335,49,139601
23-09-2025,P1005,Running Shoes,Clothing,2849,5,18021,0,277,58,165242
24-09-2025,P1005,Running Shoes,Clothing,2549,15,15716,0,209,68,173332
25-09-2025,P1005,Running Shoes,Clothing,2399,20,16154,0,134,75,179925
26-09-2025,P1005,Running Shoes,Clothing,2999,0,9417,0,91,43,128957
27-09-2025,P1005,Running Shoes,Clothing,2549,15,8524,0,480,92,234508
28-09-2025,P1005,Running Shoes,Clothing,2999,0,8507,0,426,54,161946
29-09-2025,P1005,Running Shoes,Clothing,2399,20,15735,0,343,83,199117
30-09-2025,P1005,Running Shoes,Clothing,2699,10,9487,0,296,47,126853
01-10-2025,P1005,Running Shoes,Clothing,2699,10,6027,0,219,77,207823
02-10-2025,P1005,Running Shoes,Clothing,2699,10,19432,0,157,62,167338
03-10-2025,P1005,Running Shoes,Clothing,2549,15,15393,0,68,89,226861
04-10-2025,P1005,Running Shoes,Clothing,2999,0,14162,0,4,64,191936
05-10-2025,P1005,Running Shoes,Clothing,2999,0,8804,0,480,64,191936
06-10-2025,P1005,Running Shoes,Clothing,2999,0,12469,0,431,49,146951
07-10-2025,P1005,Running Shoes,Clothing,2999,0,17029,0,367,64,191936
08-10-2025,P1005,Running Shoes,Clothing,2999,0,6686,0,296,71,212929
09-10-2025,P1005,Running Shoes,Clothing,2999,0,19614,0,235,61,182939
10-10-2025,P1005,Running Shoes,Clothing,2999,0,10800,0,176,59,176941
11-10-2025,P1005,Running Shoes,Clothing,2999,0,2197,0,115,61,182939
12-10-2025,P1005,Running Shoes,Clothing,2549,15,7103,0,20,95,242155
13-10-2025,P1005,Running Shoes,Clothing,2999,0,5674,0,480,47,140953
14-10-2025,P1005,Running Shoes,Clothing,2549,15,2074,0,418,62,158038
15-10-2025,P1005,Running Shoes,Clothing,2999,0,7806,0,371,47,140953
16-10-2025,P1005,Running Shoes,Clothing,2999,0,10361,0,321,50,149950
17-10-2025,P1005,Running Shoes,Clothing,2999,0,8680,0,262,59,176941
18-10-2025,P1005,Running Shoes,Clothing,2999,0,10906,1,166,96,287904
19-10-2025,P1005,Running Shoes,Clothing,2849,5,19950,1,72,94,267806
20-10-2025,P1005,Running Shoes,Clothing,2999,0,12122,1,6,66,197934
21-10-2025,P1005,Running Shoes,Clothing,2999,0,15340,1,480,81,242919
22-10-2025,P1005,Running Shoes,Clothing,2099,30,16918,1,343,137,287563
23-10-2025,P1005,Running Shoes,Clothing,2999,0,12455,0,293,50,149950
24-10-2025,P1005,Running Shoes,Clothing,2999,0,16180,0,244,49,146951
25-10-2025,P1005,Running Shoes,Clothing,2999,0,14278,0,194,50,149950
26-10-2025,P1005,Running Shoes,Clothing,2999,0,10566,0,143,51,152949
27-10-2025,P1005,Running Shoes,Clothing,2849,5,4844,0,100,43,122507
28-10-2025,P1005,Running Shoes,Clothing,2999,0,2593,0,56,44,131956
29-10-2025,P1005,Running Shoes,Clothing,2999,0,19882,0,4,52,155948
30-10-2025,P1005,Running Shoes,Clothing,2399,20,10697,0,480,76,182324
31-10-2025,P1005,Running Shoes,Clothing,2849,5,18785,0,423,57,162393
01-11-2025,P1005,Running Shoes,Clothing,2999,0,6696,0,362,61,182939
02-11-2025,P1005,Running Shoes,Clothing,2999,0,7003,0,307,55,164945
03-11-2025,P1005,Running Shoes,Clothing,2999,0,18852,0,245,62,185938
04-11-2025,P1005,Running Shoes,Clothing,2999,0,13010,0,193,52,155948
05-11-2025,P1005,Running Shoes,Clothing,2999,0,2481,0,151,42,125958
06-11-2025,P1005,Running Shoes,Clothing,2999,0,18360,0,104,47,140953
07-11-2025,P1005,Running Shoes,Clothing,2999,0,3894,0,67,37,110963
08-11-2025,P1005,Running Shoes,Clothing,2549,15,19987,0,480,89,226861
09-11-2025,P1005,Running Shoes,Clothing,2699,10,3147,0,404,76,205124
10-11-2025,P1005,Running Shoes,Clothing,2999,0,2413,0,366,38,113962
11-11-2025,P1005,Running Shoes,Clothing,2399,20,13492,0,296,70,167930
12-11-2025,P1005,Running Shoes,Clothing,2699,10,7825,0,251,45,121455
13-11-2025,P1005,Running Shoes,Clothing,2999,0,7860,0,205,46,137954
14-11-2025,P1005,Running Shoes,Clothing,2399,20,17245,0,138,67,160733
15-11-2025,P1005,Running Shoes,Clothing,2849,5,2285,0,76,62,176638
16-11-2025,P1005,Running Shoes,Clothing,2399,20,13594,0,480,89,213511
17-11-2025,P1005,Running Shoes,Clothing,2999,0,15494,0,429,51,152949
18-11-2025,P1005,Running Shoes,Clothing,2999,0,8036,0,365,64,191936
19-11-2025,P1005,Running Shoes,Clothing,2849,5,11357,0,298,67,190883
20-11-2025,P1005,Running Shoes,Clothing,2999,0,17522,0,243,55,164945
21-11-2025,P1005,Running Shoes,Clothing,2999,0,9403,0,182,61,182939
22-11-2025,P1005,Running Shoes,Clothing,2399,20,19499,0,90,92,220708
23-11-2025,P1005,Running Shoes,Clothing,2849,5,17105,0,16,74,210826
24-11-2025,P1005,Running Shoes,Clothing,2399,20,13896,0,480,80,191920
25-11-2025,P1005,Running Shoes,Clothing,2999,0,14399,0,424,56,167944
26-11-2025,P1005,Running Shoes,Clothing,2999,0,15857,0,379,45,134955
27-11-2025,P1005,Running Shoes,Clothing,2999,0,2484,0,334,45,134955
28-11-2025,P1005,Running Shoes,Clothing,2999,0,8657,0,280,54,161946
29-11-2025,P1005,Running Shoes,Clothing,2549,15,16826,0,204,76,193724
30-11-2025,P1005,Running Shoes,Clothing,2849,5,9967,0,131,73,207977
01-12-2025,P1005,Running Shoes,Clothing,2999,0,19822,0,87,44,131956
02-12-2025,P1005,Running Shoes,Clothing,2999,0,19965,0,43,44,131956
03-12-2025,P1005,Running Shoes,Clothing,2849,5,15670,0,480,58,165242
04-12-2025,P1005,Running Shoes,Clothing,2399,20,11951,0,418,62,148738
05-12-2025,P1005,Running Shoes,Clothing,2999,0,18151,0,372,46,137954
06-12-2025,P1005,Running Shoes,Clothing,2999,0,19710,0,298,74,221926
07-12-2025,P1005,Running Shoes,Clothing,2999,0,16461,0,248,50,149950
08-12-2025,P1005,Running Shoes,Clothing,2549,15,18336,0,179,69,175881
09-12-2025,P1005,Running Shoes,Clothing,2999,0,16133,0,124,55,164945
10-12-2025,P1005,Running Shoes,Clothing,2099,30,10456,0,44,80,167920
11-12-2025,P1005,Running Shoes,Clothing,2999,0,7946,0,480,51,152949
12-12-2025,P1005,Running Shoes,Clothing,2399,20,15638,0,424,56,134344
13-12-2025,P1005,Running Shoes,Clothing,2699,10,4904,0,355,69,186231
14-12-2025,P1005,Running Shoes,Clothing,2999,0,19948,0,274,81,242919
15-12-2025,P1005,Running Shoes,Clothing,2999,0,19793,0,239,35,104965
16-12-2025,P1005,Running Shoes,Clothing,2849,5,18329,0,190,49,139601
17-12-2025,P1005,Running Shoes,Clothing,2999,0,19993,0,133,57,170943
18-12-2025,P1005,Running Shoes,Clothing,2999,0,4234,0,83,50,149950
19-12-2025,P1005,Running Shoes,Clothing,2999,0,6949,0,30,53,158947
20-12-2025,P1005,Running Shoes,Clothing,2999,0,18699,0,480,62,185938
21-12-2025,P1005,Running Shoes,Clothing,2999,0,10901,0,432,48,143952
22-12-2025,P1005,Running Shoes,Clothing,2699,10,11890,0,374,58,156542
23-12-2025,P1005,Running Shoes,Clothing,2999,0,13837,1,301,73,218927
24-12-2025,P1005,Running Shoes,Clothing,2849,5,12896,1,229,72,205128
25-12-2025,P1005,Running Shoes,Clothing,2999,0,16839,1,146,83,248917
26-12-2025,P1005,Running Shoes,Clothing,2849,5,11057,1,88,58,165242
27-12-2025,P1005,Running Shoes,Clothing,2999,0,3151,1,7,81,242919
28-12-2025,P1005,Running Shoes,Clothing,2999,0,4005,0,480,48,143952
29-12-2025,P1005,Running Shoes,Clothing,2999,0,2251,0,438,42,125958
30-12-2025,P1005,Running Shoes,Clothing,2999,0,6128,0,389,49,146951
31-12-2025,P1005,Running Shoes,Clothing,2399,20,18702,0,309,80,191920
01-01-2026,P1005,Running Shoes,Clothing,2999,0,7497,0,254,55,164945
02-01-2026,P1005,Running Shoes,Clothing,2849,5,7818,0,201,53,150997
03-01-2026,P1005,Running Shoes,Clothing,2999,0,14138,0,134,67,200933
04-01-2026,P1005,Running Shoes,Clothing,2999,0,17408,0,68,66,197934
05-01-2026,P1005,Running Shoes,Clothing,2999,0,13140,0,14,54,161946
06-01-2026,P1005,Running Shoes,Clothing,2999,0,11037,0,480,39,116961
07-01-2026,P1005,Running Shoes,Clothing,2999,0,2981,0,439,41,122959
08-01-2026,P1005,Running Shoes,Clothing,2999,0,14980,0,387,52,155948
09-01-2026,P1005,Running Shoes,Clothing,2999,0,8319,0,329,58,173942
10-01-2026,P1005,Running Shoes,Clothing,2999,0,9418,0,264,65,194935
11-01-2026,P1005,Running Shoes,Clothing,2999,0,8812,0,198,66,197934
12-01-2026,P1005,Running Shoes,Clothing,2999,0,11982,0,147,51,152949
13-01-2026,P1005,Running Shoes,Clothing,2699,10,17933,0,82,65,175435
14-01-2026,P1005,Running Shoes,Clothing,2999,0,19582,0,25,57,170943
15-01-2026,P1005,Running Shoes,Clothing,2549,15,12556,0,480,86,219214
16-01-2026,P1005,Running Shoes,Clothing,2549,15,11839,0,412,68,173332
17-01-2026,P1005,Running Shoes,Clothing,2999,0,2972,0,333,79,236921
18-01-2026,P1005,Running Shoes,Clothing,2999,0,18227,0,277,56,167944
19-01-2026,P1005,Running Shoes,Clothing,2999,0,17837,0,221,56,167944
20-01-2026,P1005,Running Shoes,Clothing,2999,0,4024,0,167,54,161946
21-01-2026,P1005,Running Shoes,Clothing,2849,5,9881,0,115,52,148148
22-01-2026,P1005,Running Shoes,Clothing,2399,20,9497,0,43,72,172728
23-01-2026,P1005,Running Shoes,Clothing,2099,30,16331,0,480,74,155326
24-01-2026,P1005,Running Shoes,Clothing,2999,0,16280,1,363,117,350883
25-01-2026,P1005,Running Shoes,Clothing,2999,0,13579,1,254,109,326891
26-01-2026,P1005,Running Shoes,Clothing,2999,0,4048,1,187,67,200933
27-01-2026,P1005,Running Shoes,Clothing,2999,0,16604,1,107,80,239920
28-01-2026,P1005,Running Shoes,Clothing,2399,20,16056,1,480,129,309471
29-01-2026,P1005,Running Shoes,Clothing,2999,0,15190,0,418,62,185938
30-01-2026,P1005,Running Shoes,Clothing,2699,10,6169,0,355,63,170037
31-01-2026,P1005,Running Shoes,Clothing,2999,0,18641,0,272,83,248917
01-02-2026,P1005,Running Shoes,Clothing,2399,20,7400,0,182,90,215910
02-02-2026,P1005,Running Shoes,Clothing,2999,0,7233,0,139,43,128957
03-02-2026,P1005,Running Shoes,Clothing,2999,0,9391,0,80,59,176941
04-02-2026,P1005,Running Shoes,Clothing,2699,10,15389,0,28,52,140348
05-02-2026,P1005,Running Shoes,Clothing,2849,5,3616,0,480,58,165242
06-02-2026,P1005,Running Shoes,Clothing,2999,0,9828,0,425,55,164945
07-02-2026,P1005,Running Shoes,Clothing,2549,15,5040,0,333,92,234508
08-02-2026,P1005,Running Shoes,Clothing,2999,0,11710,0,274,59,176941
09-02-2026,P1005,Running Shoes,Clothing,2999,0,6044,0,214,60,179940
10-02-2026,P1005,Running Shoes,Clothing,2999,0,8441,0,151,63,188937
11-02-2026,P1005,Running Shoes,Clothing,2699,10,3688,0,74,77,207823
12-02-2026,P1005,Running Shoes,Clothing,2999,0,12256,0,21,53,158947
13-02-2026,P1005,Running Shoes,Clothing,2999,0,4919,0,480,45,134955
14-02-2026,P1005,Running Shoes,Clothing,2399,20,3145,0,378,102,244698
15-02-2026,P1005,Running Shoes,Clothing,2999,0,4578,0,316,62,185938
16-02-2026,P1005,Running Shoes,Clothing,2699,10,11073,0,251,65,175435
17-02-2026,P1005,Running Shoes,Clothing,2999,0,17687,0,188,63,188937
18-02-2026,P1005,Running Shoes,Clothing,2999,0,6670,0,133,55,164945
19-02-2026,P1005,Running Shoes,Clothing,2999,0,3648,0,63,70,209930
20-02-2026,P1005,Running Shoes,Clothing,2399,20,13800,0,480,68,163132
21-02-2026,P1005,Running Shoes,Clothing,2999,0,5057,0,407,73,218927
22-02-2026,P1005,Running Shoes,Clothing,2099,30,10098,0,294,113,237187
23-02-2026,P1005,Running Shoes,Clothing,2999,0,12588,0,239,55,164945
24-02-2026,P1005,Running Shoes,Clothing,2999,0,5904,0,185,54,161946
25-02-2026,P1005,Running Shoes,Clothing,2999,0,15854,0,124,61,182939
26-02-2026,P1005,Running Shoes,Clothing,2399,20,17185,0,31,93,223107
27-02-2026,P1005,Running Shoes,Clothing,2999,0,2658,0,480,61,182939
28-02-2026,P1005,Running Shoes,Clothing,2999,0,12919,0,399,81,242919
01-03-2026,P1005,Running Shoes,Clothing,2999,0,18589,0,323,76,227924
02-03-2026,P1005,Running Shoes,Clothing,2399,20,9312,1,191,132,316668
03-03-2026,P1005,Running Shoes,Clothing,2999,0,8407,1,102,89,266911
04-03-2026,P1005,Running Shoes,Clothing,2999,0,19561,1,480,107,320893
05-03-2026,P1005,Running Shoes,Clothing,2999,0,5085,1,405,75,224925
06-03-2026,P1005,Running Shoes,Clothing,2999,0,3606,1,333,72,215928
07-03-2026,P1005,Running Shoes,Clothing,2999,0,17208,0,248,85,254915
08-03-2026,P1005,Running Shoes,Clothing,2999,0,16957,0,179,69,206931
09-03-2026,P1005,Running Shoes,Clothing,2999,0,18621,0,125,54,161946
10-03-2026,P1005,Running Shoes,Clothing,2999,0,16671,0,60,65,194935
11-03-2026,P1005,Running Shoes,Clothing,2699,10,3828,0,480,68,183532
12-03-2026,P1005,Running Shoes,Clothing,2699,10,17357,0,404,76,205124
13-03-2026,P1005,Running Shoes,Clothing,2399,20,14405,0,322,82,196718
14-03-2026,P1005,Running Shoes,Clothing,2999,0,10251,0,254,68,203932
15-03-2026,P1005,Running Shoes,Clothing,2849,5,13398,0,182,72,205128
16-03-2026,P1005,Running Shoes,Clothing,2699,10,11761,0,92,90,242910
17-03-2026,P1005,Running Shoes,Clothing,2999,0,14572,0,24,68,203932
18-03-2026,P1005,Running Shoes,Clothing,2849,5,5825,0,480,58,165242
19-03-2026,P1005,Running Shoes,Clothing,2849,5,15171,0,417,63,179487
20-03-2026,P1005,Running Shoes,Clothing,2699,10,9375,0,360,57,153843
21-03-2026,P1005,Running Shoes,Clothing,2999,0,19258,0,268,92,275908
22-03-2026,P1005,Running Shoes,Clothing,2999,0,6803,0,205,63,188937
23-03-2026,P1005,Running Shoes,Clothing,2999,0,9360,0,145,60,179940
24-03-2026,P1005,Running Shoes,Clothing,2999,0,10970,0,85,60,179940
25-03-2026,P1005,Running Shoes,Clothing,2999,0,12547,0,30,55,164945
26-03-2026,P1005,Running Shoes,Clothing,2999,0,15676,0,480,59,176941
27-03-2026,P1005,Running Shoes,Clothing,2999,0,11141,0,408,72,215928
28-03-2026,P1005,Running Shoes,Clothing,2999,0,4151,0,343,65,194935
29-03-2026,P1005,Running Shoes,Clothing,2999,0,8740,0,279,64,191936
30-03-2026,P1005,Running Shoes,Clothing,2999,0,9898,0,209,70,209930
31-03-2026,P1005,Running Shoes,Clothing,2399,20,7090,0,128,81,194319
01-04-2026,P1005,Running Shoes,Clothing,2549,15,7705,0,51,77,196273
02-04-2026,P1005,Running Shoes,Clothing,2999,0,7304,0,480,62,185938
03-04-2026,P1005,Running Shoes,Clothing,2999,0,10816,0,395,85,254915
04-04-2026,P1005,Running Shoes,Clothing,2699,10,4286,0,298,97,261803
05-04-2026,P1005,Running Shoes,Clothing,2999,0,11780,0,205,93,278907
06-04-2026,P1005,Running Shoes,Clothing,2999,0,3018,0,142,63,188937
07-04-2026,P1005,Running Shoes,Clothing,2999,0,6370,0,75,67,200933
08-04-2026,P1005,Running Shoes,Clothing,2999,0,9372,0,11,64,191936
09-04-2026,P1005,Running Shoes,Clothing,2999,0,5749,0,480,70,209930
10-04-2026,P1005,Running Shoes,Clothing,2099,30,7855,0,363,117,245583
11-04-2026,P1005,Running Shoes,Clothing,2549,15,2708,0,254,109,277841
12-04-2026,P1005,Running Shoes,Clothing,2999,0,10821,0,165,89,266911
13-04-2026,P1005,Running Shoes,Clothing,2849,5,5345,0,99,66,188034
14-04-2026,P1005,Running Shoes,Clothing,2849,5,16098,0,24,75,213675
15-04-2026,P1005,Running Shoes,Clothing,2699,10,3687,0,480,74,199726
16-04-2026,P1005,Running Shoes,Clothing,2549,15,7098,0,387,93,237057
17-04-2026,P1005,Running Shoes,Clothing,2549,15,11739,0,290,97,247253
18-04-2026,P1005,Running Shoes,Clothing,2849,5,18682,0,196,94,267806
19-04-2026,P1005,Running Shoes,Clothing,2999,0,12619,0,109,87,260913
20-04-2026,P1005,Running Shoes,Clothing,2999,0,2493,0,36,73,218927
21-04-2026,P1005,Running Shoes,Clothing,2999,0,3343,0,480,53,158947
22-04-2026,P1005,Running Shoes,Clothing,2699,10,13495,0,395,85,229415
23-04-2026,P1005,Running Shoes,Clothing,2999,0,7800,0,332,63,188937
24-04-2026,P1005,Running Shoes,Clothing,2999,0,11844,0,257,75,224925
25-04-2026,P1005,Running Shoes,Clothing,2999,0,13544,0,173,84,251916
26-04-2026,P1005,Running Shoes,Clothing,2699,10,13048,0,79,94,253706
27-04-2026,P1005,Running Shoes,Clothing,2999,0,6591,0,7,72,215928
28-04-2026,P1005,Running Shoes,Clothing,2549,15,5079,0,480,77,196273
29-04-2026,P1005,Running Shoes,Clothing,2999,0,4620,0,420,60,179940
30-04-2026,P1005,Running Shoes,Clothing,2999,0,7629,0,344,76,227924
01-05-2026,P1005,Running Shoes,Clothing,2999,0,12134,0,275,69,206931
02-05-2026,P1005,Running Shoes,Clothing,2999,0,2854,0,197,78,233922
03-05-2026,P1005,Running Shoes,Clothing,2999,0,10501,0,105,92,275908
04-05-2026,P1005,Running Shoes,Clothing,2399,20,12461,0,5,100,239900
05-05-2026,P1005,Running Shoes,Clothing,2999,0,19158,0,480,65,194935
06-05-2026,P1005,Running Shoes,Clothing,2999,0,12387,0,425,55,164945
07-05-2026,P1005,Running Shoes,Clothing,2099,30,3695,0,317,108,226692
08-05-2026,P1005,Running Shoes,Clothing,2999,0,6442,0,255,62,185938
09-05-2026,P1005,Running Shoes,Clothing,2999,0,4465,0,182,73,218927
10-05-2026,P1005,Running Shoes,Clothing,2999,0,13357,0,89,93,278907
11-05-2026,P1005,Running Shoes,Clothing,2999,0,12846,0,12,77,230923
12-05-2026,P1005,Running Shoes,Clothing,2999,0,3780,0,480,66,197934
13-05-2026,P1005,Running Shoes,Clothing,2399,20,17009,0,373,107,256693
14-05-2026,P1005,Running Shoes,Clothing,2999,0,16685,0,305,68,203932
15-05-2026,P1005,Running Shoes,Clothing,2999,0,5578,0,230,75,224925
16-05-2026,P1005,Running Shoes,Clothing,2999,0,13634,0,126,104,311896
17-05-2026,P1005,Running Shoes,Clothing,2849,5,4583,0,30,96,273504
18-05-2026,P1005,Running Shoes,Clothing,2099,30,3660,0,480,108,226692
19-05-2026,P1005,Running Shoes,Clothing,2999,0,6586,0,412,68,203932
20-05-2026,P1005,Running Shoes,Clothing,2699,10,12445,0,338,74,199726
21-05-2026,P1005,Running Shoes,Clothing,2999,0,12174,0,278,60,179940
22-05-2026,P1005,Running Shoes,Clothing,2849,5,8068,0,198,80,227920
23-05-2026,P1005,Running Shoes,Clothing,2999,0,9398,0,108,90,269910
24-05-2026,P1005,Running Shoes,Clothing,2999,0,3889,0,31,77,230923
25-05-2026,P1005,Running Shoes,Clothing,2699,10,17833,0,480,112,302288
26-05-2026,P1005,Running Shoes,Clothing,2399,20,6717,0,386,94,225506
27-05-2026,P1005,Running Shoes,Clothing,2699,10,15916,0,306,80,215920
28-05-2026,P1005,Running Shoes,Clothing,2399,20,19068,0,193,113,271087
29-05-2026,P1005,Running Shoes,Clothing,2999,0,17163,0,113,80,239920
30-05-2026,P1005,Running Shoes,Clothing,2099,30,6490,0,480,137,287563
31-05-2026,P1005,Running Shoes,Clothing,2999,0,8101,0,401,79,236921
01-06-2026,P1005,Running Shoes,Clothing,2999,0,2717,0,332,69,206931
02-06-2026,P1005,Running Shoes,Clothing,2999,0,3466,0,276,56,167944
03-06-2026,P1005,Running Shoes,Clothing,2399,20,12230,0,181,95,227905
04-06-2026,P1005,Running Shoes,Clothing,2999,0,14633,0,84,97,290903
05-06-2026,P1005,Running Shoes,Clothing,2999,0,13315,0,23,61,182939
06-06-2026,P1005,Running Shoes,Clothing,2849,5,13135,0,480,88,250712
07-06-2026,P1005,Running Shoes,Clothing,2999,0,7986,0,389,91,272909
08-06-2026,P1005,Running Shoes,Clothing,2849,5,14352,0,307,82,233618
09-06-2026,P1005,Running Shoes,Clothing,2999,0,9223,0,232,75,224925
10-06-2026,P1005,Running Shoes,Clothing,2699,10,7039,0,153,79,213221
11-06-2026,P1005,Running Shoes,Clothing,2849,5,3542,0,83,70,199430
12-06-2026,P1005,Running Shoes,Clothing,2099,30,10402,0,480,93,195207
13-06-2026,P1005,Running Shoes,Clothing,2999,0,3321,0,388,92,275908
14-06-2026,P1005,Running Shoes,Clothing,2999,0,9149,0,304,84,251916
15-06-2026,P1005,Running Shoes,Clothing,2849,5,9398,0,227,77,219373
16-06-2026,P1005,Running Shoes,Clothing,2999,0,9162,0,149,78,233922
17-06-2026,P1005,Running Shoes,Clothing,2999,0,16414,0,74,75,224925
18-06-2026,P1005,Running Shoes,Clothing,2999,0,10622,0,26,48,143952
19-06-2026,P1005,Running Shoes,Clothing,2999,0,5367,0,480,64,191936
20-06-2026,P1005,Running Shoes,Clothing,2999,0,10551,0,390,90,269910
21-06-2026,P1005,Running Shoes,Clothing,2699,10,4628,0,308,82,221318
22-06-2026,P1005,Running Shoes,Clothing,2399,20,9317,0,215,93,223107
23-06-2026,P1005,Running Shoes,Clothing,2999,0,4108,0,162,53,158947
24-06-2026,P1005,Running Shoes,Clothing,2699,10,12834,0,84,78,210522
25-06-2026,P1005,Running Shoes,Clothing,2999,0,15344,0,1,83,248917
26-06-2026,P1005,Running Shoes,Clothing,2699,10,7096,0,480,82,221318
27-06-2026,P1005,Running Shoes,Clothing,2999,0,10772,0,384,96,287904
28-06-2026,P1005,Running Shoes,Clothing,2999,0,17718,0,284,100,299900
29-06-2026,P1005,Running Shoes,Clothing,2999,0,17273,0,222,62,185938
30-06-2026,P1005,Running Shoes,Clothing,2999,0,10262,0,151,71,212929
01-07-2026,P1005,Running Shoes,Clothing,2999,0,19472,0,75,76,227924
02-07-2026,P1005,Running Shoes,Clothing,2999,0,5422,0,8,67,200933
03-07-2026,P1005,Running Shoes,Clothing,2999,0,10712,0,480,65,194935
04-07-2026,P1005,Running Shoes,Clothing,2999,0,4533,0,405,75,224925
05-07-2026,P1005,Running Shoes,Clothing,2549,15,3829,0,318,87,221763
06-07-2026,P1005,Running Shoes,Clothing,2999,0,16821,0,247,71,212929
07-07-2026,P1005,Running Shoes,Clothing,2999,0,19461,0,167,80,239920
08-07-2026,P1005,Running Shoes,Clothing,2399,20,10465,0,84,83,199117
09-07-2026,P1005,Running Shoes,Clothing,2549,15,17471,0,480,93,237057
10-07-2026,P1005,Running Shoes,Clothing,2999,0,6149,0,413,67,200933
11-07-2026,P1005,Running Shoes,Clothing,2999,0,15704,0,324,89,266911
12-07-2026,P1005,Running Shoes,Clothing,2999,0,6340,0,238,86,257914
13-07-2026,P1005,Running Shoes,Clothing,2999,0,16622,0,165,73,218927
14-07-2026,P1005,Running Shoes,Clothing,2699,10,10639,0,92,73,197027
15-07-2026,P1005,Running Shoes,Clothing,2999,0,11096,0,12,80,239920
16-07-2026,P1005,Running Shoes,Clothing,2999,0,19322,0,480,65,194935
17-07-2026,P1005,Running Shoes,Clothing,2549,15,19180,0,381,99,252351
18-07-2026,P1005,Running Shoes,Clothing,2999,0,16976,0,279,102,305898
19-07-2026,P1005,Running Shoes,Clothing,2549,15,13112,0,199,80,203920
20-07-2026,P1005,Running Shoes,Clothing,2999,0,19074,0,129,70,209930
21-07-2026,P1005,Running Shoes,Clothing,2999,0,16277,0,60,69,206931
22-07-2026,P1005,Running Shoes,Clothing,2999,0,16198,0,480,73,218927
23-07-2026,P1005,Running Shoes,Clothing,2399,20,10920,0,373,107,256693
24-07-2026,P1005,Running Shoes,Clothing,2849,5,18409,0,282,91,259259
25-07-2026,P1005,Running Shoes,Clothing,2999,0,16589,0,199,83,248917
26-07-2026,P1005,Running Shoes,Clothing,2999,0,3339,0,114,85,254915
27-07-2026,P1005,Running Shoes,Clothing,2999,0,7776,0,52,62,185938
28-07-2026,P1005,Running Shoes,Clothing,2999,0,3116,0,480,67,200933
29-07-2026,P1005,Running Shoes,Clothing,2999,0,10021,0,414,66,197934
30-07-2026,P1005,Running Shoes,Clothing,2549,15,17085,0,332,82,209018
31-07-2026,P1005,Running Shoes,Clothing,2549,15,18953,0,239,93,237057
01-08-2026,P1005,Running Shoes,Clothing,2699,10,19850,0,135,104,280696
02-08-2026,P1005,Running Shoes,Clothing,2549,15,14787,0,38,97,247253
03-08-2026,P1005,Running Shoes,Clothing,2999,0,15166,0,480,75,224925
04-08-2026,P1005,Running Shoes,Clothing,2999,0,15394,0,424,56,167944
05-08-2026,P1005,Running Shoes,Clothing,2999,0,8108,0,353,71,212929
06-08-2026,P1005,Running Shoes,Clothing,2699,10,13628,0,273,80,215920
07-08-2026,P1005,Running Shoes,Clothing,2999,0,16413,0,214,59,176941
08-08-2026,P1005,Running Shoes,Clothing,2999,0,5488,0,155,59,176941
09-08-2026,P1005,Running Shoes,Clothing,2699,10,10162,0,54,101,272599
10-08-2026,P1005,Running Shoes,Clothing,2999,0,10806,0,480,66,197934
11-08-2026,P1005,Running Shoes,Clothing,2999,0,19617,0,409,71,212929
12-08-2026,P1005,Running Shoes,Clothing,2699,10,15585,0,337,72,194328
13-08-2026,P1005,Running Shoes,Clothing,2399,20,15006,1,212,125,299875
14-08-2026,P1005,Running Shoes,Clothing,2999,0,16937,1,94,118,353882
15-08-2026,P1005,Running Shoes,Clothing,2999,0,19151,1,480,134,401866
16-08-2026,P1005,Running Shoes,Clothing,2999,0,5774,1,360,120,359880
17-08-2026,P1005,Running Shoes,Clothing,2549,15,15587,1,238,122,310978
18-08-2026,P1005,Running Shoes,Clothing,2699,10,18828,0,161,77,207823
19-08-2026,P1005,Running Shoes,Clothing,2999,0,18263,0,89,72,215928
20-08-2026,P1005,Running Shoes,Clothing,2699,10,15033,0,4,85,229415
21-08-2026,P1005,Running Shoes,Clothing,2699,10,16878,0,480,75,202425
22-08-2026,P1005,Running Shoes,Clothing,2399,20,13172,0,369,111,266289
23-08-2026,P1005,Running Shoes,Clothing,2999,0,16590,0,287,82,245918
24-08-2026,P1005,Running Shoes,Clothing,2099,30,16005,0,163,124,260276
25-08-2026,P1005,Running Shoes,Clothing,2999,0,5354,0,111,52,155948
26-08-2026,P1005,Running Shoes,Clothing,2999,0,10604,0,46,65,194935
27-08-2026,P1005,Running Shoes,Clothing,2849,5,13515,0,480,69,196581
28-08-2026,P1005,Running Shoes,Clothing,2999,0,2923,0,423,57,170943
29-08-2026,P1005,Running Shoes,Clothing,2999,0,19309,0,347,76,227924
30-08-2026,P1005,Running Shoes,Clothing,2549,15,18610,0,239,108,275292
31-08-2026,P1005,Running Shoes,Clothing,2999,0,6030,0,180,59,176941
01-09-2026,P1005,Running Shoes,Clothing,2999,0,11672,0,112,68,203932
02-09-2026,P1005,Running Shoes,Clothing,2999,0,16501,0,69,43,128957
03-09-2026,P1005,Running Shoes,Clothing,2999,0,11996,0,5,64,191936
04-09-2026,P1005,Running Shoes,Clothing,2999,0,11522,0,480,53,158947
05-09-2026,P1005,Running Shoes,Clothing,2099,30,11731,0,362,118,247682
06-09-2026,P1005,Running Shoes,Clothing,2999,0,7773,0,271,91,272909
07-09-2026,P1005,Running Shoes,Clothing,2999,0,11834,0,208,63,188937
08-09-2026,P1005,Running Shoes,Clothing,2999,0,14980,0,152,56,167944
09-09-2026,P1005,Running Shoes,Clothing,2999,0,5651,0,92,60,179940
10-09-2026,P1005,Running Shoes,Clothing,2999,0,5231,0,37,55,164945
11-09-2026,P1005,Running Shoes,Clothing,2999,0,5580,0,480,65,194935
12-09-2026,P1005,Running Shoes,Clothing,2999,0,3492,0,411,69,206931
13-09-2026,P1005,Running Shoes,Clothing,2099,30,16260,0,305,106,222494
14-09-2026,P1005,Running Shoes,Clothing,2999,0,4488,0,248,57,170943
15-09-2026,P1005,Running Shoes,Clothing,2999,0,4126,0,188,60,179940
16-09-2026,P1005,Running Shoes,Clothing,2099,30,8854,0,100,88,184712
17-09-2026,P1005,Running Shoes,Clothing,2999,0,9560,0,42,58,173942
18-09-2026,P1005,Running Shoes,Clothing,2999,0,2491,0,480,58,173942
19-09-2026,P1005,Running Shoes,Clothing,2849,5,18938,0,394,86,245014
20-09-2026,P1005,Running Shoes,Clothing,2999,0,10597,0,317,77,230923
21-09-2026,P1005,Running Shoes,Clothing,2999,0,11176,0,273,44,131956
22-09-2026,P1005,Running Shoes,Clothing,2699,10,10347,0,200,73,197027
23-09-2026,P1005,Running Shoes,Clothing,2999,0,7498,0,137,63,188937
24-09-2026,P1005,Running Shoes,Clothing,2699,10,8489,0,58,79,213221
25-09-2026,P1005,Running Shoes,Clothing,2999,0,10803,0,480,60,179940
26-09-2026,P1005,Running Shoes,Clothing,2999,0,18742,0,405,75,224925
27-09-2026,P1005,Running Shoes,Clothing,2999,0,2380,0,329,76,227924
01-01-2024,P1006,Air Fryer,Home Appliances,6499,0,6508,0,239,25,162475
02-01-2024,P1006,Air Fryer,Home Appliances,6499,0,6446,0,211,28,181972
03-01-2024,P1006,Air Fryer,Home Appliances,4549,30,16645,0,171,40,181960
04-01-2024,P1006,Air Fryer,Home Appliances,6499,0,7325,0,152,19,123481
05-01-2024,P1006,Air Fryer,Home Appliances,5849,10,10550,0,132,20,116980
06-01-2024,P1006,Air Fryer,Home Appliances,6499,0,4138,0,104,28,181972
07-01-2024,P1006,Air Fryer,Home Appliances,5849,10,10463,0,65,39,228111
08-01-2024,P1006,Air Fryer,Home Appliances,4549,30,16677,0,25,40,181960
09-01-2024,P1006,Air Fryer,Home Appliances,5524,15,7500,0,264,26,143624
10-01-2024,P1006,Air Fryer,Home Appliances,6499,0,3951,0,248,16,103984
11-01-2024,P1006,Air Fryer,Home Appliances,6174,5,18971,0,217,31,191394
12-01-2024,P1006,Air Fryer,Home Appliances,5849,10,12375,0,181,36,210564
13-01-2024,P1006,Air Fryer,Home Appliances,5524,15,3398,0,137,44,243056
14-01-2024,P1006,Air Fryer,Home Appliances,6499,0,16710,0,108,29,188471
15-01-2024,P1006,Air Fryer,Home Appliances,5849,10,16190,0,81,27,157923
16-01-2024,P1006,Air Fryer,Home Appliances,6499,0,7725,0,57,24,155976
17-01-2024,P1006,Air Fryer,Home Appliances,6499,0,18775,0,28,29,188471
18-01-2024,P1006,Air Fryer,Home Appliances,6499,0,17966,0,264,30,194970
19-01-2024,P1006,Air Fryer,Home Appliances,6499,0,5435,0,251,13,84487
20-01-2024,P1006,Air Fryer,Home Appliances,6174,5,16298,0,210,41,253134
21-01-2024,P1006,Air Fryer,Home Appliances,6499,0,4758,0,189,21,136479
22-01-2024,P1006,Air Fryer,Home Appliances,4549,30,4296,0,151,38,172862
23-01-2024,P1006,Air Fryer,Home Appliances,6499,0,17708,0,118,33,214467
24-01-2024,P1006,Air Fryer,Home Appliances,5199,20,6536,1,66,52,270348
25-01-2024,P1006,Air Fryer,Home Appliances,6499,0,15064,1,35,31,201469
26-01-2024,P1006,Air Fryer,Home Appliances,6499,0,6207,1,11,24,155976
27-01-2024,P1006,Air Fryer,Home Appliances,6499,0,12536,1,264,34,220966
28-01-2024,P1006,Air Fryer,Home Appliances,6499,0,7556,1,209,55,357445
29-01-2024,P1006,Air Fryer,Home Appliances,5199,20,2501,0,195,14,72786
30-01-2024,P1006,Air Fryer,Home Appliances,5524,15,4483,0,173,22,121528
31-01-2024,P1006,Air Fryer,Home Appliances,4549,30,12208,0,132,41,186509
01-02-2024,P1006,Air Fryer,Home Appliances,5199,20,3005,0,106,26,135174
02-02-2024,P1006,Air Fryer,Home Appliances,6499,0,13947,0,80,26,168974
03-02-2024,P1006,Air Fryer,Home Appliances,6499,0,3337,0,51,29,188471
04-02-2024,P1006,Air Fryer,Home Appliances,6499,0,16716,0,27,24,155976
05-02-2024,P1006,Air Fryer,Home Appliances,6499,0,16321,0,4,23,149477
06-02-2024,P1006,Air Fryer,Home Appliances,6499,0,16002,0,264,20,129980
07-02-2024,P1006,Air Fryer,Home Appliances,6499,0,16221,0,246,18,116982
08-02-2024,P1006,Air Fryer,Home Appliances,5849,10,8952,0,223,23,134527
09-02-2024,P1006,Air Fryer,Home Appliances,6499,0,13395,0,211,12,77988
10-02-2024,P1006,Air Fryer,Home Appliances,6499,0,6985,0,188,23,149477
11-02-2024,P1006,Air Fryer,Home Appliances,6499,0,18636,0,152,36,233964
12-02-2024,P1006,Air Fryer,Home Appliances,5524,15,13126,0,119,33,182292
13-02-2024,P1006,Air Fryer,Home Appliances,6174,5,4514,0,94,25,154350
14-02-2024,P1006,Air Fryer,Home Appliances,6499,0,13092,0,76,18,116982
15-02-2024,P1006,Air Fryer,Home Appliances,5524,15,6602,0,55,21,116004
16-02-2024,P1006,Air Fryer,Home Appliances,5199,20,14488,0,19,36,187164
17-02-2024,P1006,Air Fryer,Home Appliances,6174,5,16600,0,264,38,234612
18-02-2024,P1006,Air Fryer,Home Appliances,6174,5,6767,0,246,18,111132
19-02-2024,P1006,Air Fryer,Home Appliances,6499,0,19491,0,216,30,194970
20-02-2024,P1006,Air Fryer,Home Appliances,6174,5,18262,0,184,32,197568
21-02-2024,P1006,Air Fryer,Home Appliances,6499,0,9278,0,166,18,116982
22-02-2024,P1006,Air Fryer,Home Appliances,6499,0,5125,0,147,19,123481
23-02-2024,P1006,Air Fryer,Home Appliances,6499,0,16895,0,121,26,168974
24-02-2024,P1006,Air Fryer,Home Appliances,6499,0,9776,0,86,35,227465
25-02-2024,P1006,Air Fryer,Home Appliances,6499,0,17748,0,62,24,155976
26-02-2024,P1006,Air Fryer,Home Appliances,6499,0,8591,0,41,21,136479
27-02-2024,P1006,Air Fryer,Home Appliances,5524,15,17759,0,12,29,160196
28-02-2024,P1006,Air Fryer,Home Appliances,5524,15,3613,0,264,22,121528
29-02-2024,P1006,Air Fryer,Home Appliances,5849,10,8047,0,224,40,233960
01-03-2024,P1006,Air Fryer,Home Appliances,6174,5,18806,0,192,32,197568
02-03-2024,P1006,Air Fryer,Home Appliances,6499,0,6104,0,156,36,233964
03-03-2024,P1006,Air Fryer,Home Appliances,6499,0,13218,0,118,38,246962
04-03-2024,P1006,Air Fryer,Home Appliances,5849,10,3302,0,87,31,181319
05-03-2024,P1006,Air Fryer,Home Appliances,6174,5,7781,0,59,28,172872
06-03-2024,P1006,Air Fryer,Home Appliances,6499,0,9415,0,36,23,149477
07-03-2024,P1006,Air Fryer,Home Appliances,6499,0,9893,0,15,21,136479
08-03-2024,P1006,Air Fryer,Home Appliances,5849,10,18577,0,264,40,233960
09-03-2024,P1006,Air Fryer,Home Appliances,6499,0,11882,0,234,30,194970
10-03-2024,P1006,Air Fryer,Home Appliances,5524,15,7652,0,190,44,243056
11-03-2024,P1006,Air Fryer,Home Appliances,6174,5,13049,0,161,29,179046
12-03-2024,P1006,Air Fryer,Home Appliances,6499,0,16354,0,131,30,194970
13-03-2024,P1006,Air Fryer,Home Appliances,6499,0,3242,0,114,17,110483
14-03-2024,P1006,Air Fryer,Home Appliances,6499,0,7062,0,92,22,142978
15-03-2024,P1006,Air Fryer,Home Appliances,6499,0,17203,0,66,26,168974
16-03-2024,P1006,Air Fryer,Home Appliances,6499,0,6608,0,35,31,201469
17-03-2024,P1006,Air Fryer,Home Appliances,4549,30,2759,0,264,49,222901
18-03-2024,P1006,Air Fryer,Home Appliances,6499,0,16925,0,240,24,155976
19-03-2024,P1006,Air Fryer,Home Appliances,6499,0,4737,0,211,29,188471
20-03-2024,P1006,Air Fryer,Home Appliances,5849,10,16547,0,176,35,204715
21-03-2024,P1006,Air Fryer,Home Appliances,6499,0,11504,0,147,29,188471
22-03-2024,P1006,Air Fryer,Home Appliances,6499,0,15646,0,115,32,207968
23-03-2024,P1006,Air Fryer,Home Appliances,6499,0,10449,1,67,48,311952
24-03-2024,P1006,Air Fryer,Home Appliances,5524,15,17589,1,5,62,342488
25-03-2024,P1006,Air Fryer,Home Appliances,5524,15,4996,1,264,31,171244
26-03-2024,P1006,Air Fryer,Home Appliances,6174,5,9589,1,227,37,228438
27-03-2024,P1006,Air Fryer,Home Appliances,5849,10,17404,1,174,53,309997
28-03-2024,P1006,Air Fryer,Home Appliances,6499,0,17344,0,137,37,240463
29-03-2024,P1006,Air Fryer,Home Appliances,6499,0,7070,0,114,23,149477
30-03-2024,P1006,Air Fryer,Home Appliances,6499,0,9459,0,78,36,233964
31-03-2024,P1006,Air Fryer,Home Appliances,6499,0,6031,0,49,29,188471
01-04-2024,P1006,Air Fryer,Home Appliances,6499,0,14568,0,26,23,149477
02-04-2024,P1006,Air Fryer,Home Appliances,6499,0,10623,0,7,19,123481
03-04-2024,P1006,Air Fryer,Home Appliances,6499,0,19871,0,264,32,207968
04-04-2024,P1006,Air Fryer,Home Appliances,6499,0,17624,0,229,35,227465
05-04-2024,P1006,Air Fryer,Home Appliances,6499,0,11848,0,210,19,123481
06-04-2024,P1006,Air Fryer,Home Appliances,6499,0,4829,0,174,36,233964
07-04-2024,P1006,Air Fryer,Home Appliances,6174,5,10537,0,138,36,222264
08-04-2024,P1006,Air Fryer,Home Appliances,5199,20,9128,0,97,41,213159
09-04-2024,P1006,Air Fryer,Home Appliances,6174,5,6069,0,75,22,135828
10-04-2024,P1006,Air Fryer,Home Appliances,5849,10,15837,0,37,38,222262
11-04-2024,P1006,Air Fryer,Home Appliances,5849,10,12883,0,4,33,193017
12-04-2024,P1006,Air Fryer,Home Appliances,6174,5,8073,0,264,30,185220
13-04-2024,P1006,Air Fryer,Home Appliances,6499,0,15194,0,230,34,220966
14-04-2024,P1006,Air Fryer,Home Appliances,6499,0,16576,0,189,41,266459
15-04-2024,P1006,Air Fryer,Home Appliances,6499,0,19301,0,160,29,188471
16-04-2024,P1006,Air Fryer,Home Appliances,6499,0,6231,0,131,29,188471
17-04-2024,P1006,Air Fryer,Home Appliances,6499,0,8885,0,101,30,194970
18-04-2024,P1006,Air Fryer,Home Appliances,5849,10,12833,0,62,39,228111
19-04-2024,P1006,Air Fryer,Home Appliances,6499,0,5658,0,31,31,201469
20-04-2024,P1006,Air Fryer,Home Appliances,5849,10,2273,0,264,45,263205
21-04-2024,P1006,Air Fryer,Home Appliances,6174,5,6897,0,231,33,203742
22-04-2024,P1006,Air Fryer,Home Appliances,6174,5,6915,0,204,27,166698
23-04-2024,P1006,Air Fryer,Home Appliances,6499,0,2860,0,171,33,214467
24-04-2024,P1006,Air Fryer,Home Appliances,5849,10,12858,0,136,35,204715
25-04-2024,P1006,Air Fryer,Home Appliances,6499,0,7613,0,104,32,207968
26-04-2024,P1006,Air Fryer,Home Appliances,6499,0,4329,0,75,29,188471
27-04-2024,P1006,Air Fryer,Home Appliances,6499,0,6278,0,26,49,318451
28-04-2024,P1006,Air Fryer,Home Appliances,6499,0,8758,0,264,28,181972
29-04-2024,P1006,Air Fryer,Home Appliances,5849,10,13181,0,230,34,198866
30-04-2024,P1006,Air Fryer,Home Appliances,6499,0,16878,0,188,42,272958
01-05-2024,P1006,Air Fryer,Home Appliances,6499,0,11471,0,153,35,227465
02-05-2024,P1006,Air Fryer,Home Appliances,6499,0,10472,0,133,20,129980
03-05-2024,P1006,Air Fryer,Home Appliances,6499,0,13594,0,105,28,181972
04-05-2024,P1006,Air Fryer,Home Appliances,6499,0,18598,0,65,40,259960
05-05-2024,P1006,Air Fryer,Home Appliances,5849,10,13278,0,22,43,251507
06-05-2024,P1006,Air Fryer,Home Appliances,6499,0,12104,0,264,30,194970
07-05-2024,P1006,Air Fryer,Home Appliances,6174,5,3625,0,235,29,179046
08-05-2024,P1006,Air Fryer,Home Appliances,5849,10,14661,0,199,36,210564
09-05-2024,P1006,Air Fryer,Home Appliances,6499,0,12800,0,168,31,201469
10-05-2024,P1006,Air Fryer,Home Appliances,6499,0,2223,0,145,23,149477
11-05-2024,P1006,Air Fryer,Home Appliances,6499,0,10575,0,110,35,227465
12-05-2024,P1006,Air Fryer,Home Appliances,6499,0,16653,0,75,35,227465
13-05-2024,P1006,Air Fryer,Home Appliances,6499,0,6207,0,50,25,162475
14-05-2024,P1006,Air Fryer,Home Appliances,6499,0,16728,0,12,38,246962
15-05-2024,P1006,Air Fryer,Home Appliances,6499,0,19224,0,264,36,233964
16-05-2024,P1006,Air Fryer,Home Appliances,6499,0,4863,0,231,33,214467
17-05-2024,P1006,Air Fryer,Home Appliances,6174,5,11722,0,192,39,240786
18-05-2024,P1006,Air Fryer,Home Appliances,6499,0,8091,0,156,36,233964
19-05-2024,P1006,Air Fryer,Home Appliances,5849,10,11889,0,105,51,298299
20-05-2024,P1006,Air Fryer,Home Appliances,6499,0,17669,0,73,32,207968
21-05-2024,P1006,Air Fryer,Home Appliances,6499,0,12593,0,46,27,175473
22-05-2024,P1006,Air Fryer,Home Appliances,6499,0,15348,0,19,27,175473
23-05-2024,P1006,Air Fryer,Home Appliances,6499,0,9778,0,264,30,194970
24-05-2024,P1006,Air Fryer,Home Appliances,6174,5,9626,0,232,32,197568
25-05-2024,P1006,Air Fryer,Home Appliances,6499,0,17787,0,193,39,253461
26-05-2024,P1006,Air Fryer,Home Appliances,6499,0,15264,0,151,42,272958
27-05-2024,P1006,Air Fryer,Home Appliances,6174,5,2401,0,117,34,209916
28-05-2024,P1006,Air Fryer,Home Appliances,6499,0,2915,0,92,25,162475
29-05-2024,P1006,Air Fryer,Home Appliances,6499,0,13379,0,61,31,201469
30-05-2024,P1006,Air Fryer,Home Appliances,6499,0,6789,0,42,19,123481
31-05-2024,P1006,Air Fryer,Home Appliances,6174,5,12342,0,6,36,222264
01-06-2024,P1006,Air Fryer,Home Appliances,6499,0,10689,0,264,35,227465
02-06-2024,P1006,Air Fryer,Home Appliances,6499,0,10930,0,212,52,337948
03-06-2024,P1006,Air Fryer,Home Appliances,6499,0,18845,0,185,27,175473
04-06-2024,P1006,Air Fryer,Home Appliances,6499,0,17337,0,160,25,162475
05-06-2024,P1006,Air Fryer,Home Appliances,4549,30,12429,0,117,43,195607
06-06-2024,P1006,Air Fryer,Home Appliances,6499,0,6942,0,88,29,188471
07-06-2024,P1006,Air Fryer,Home Appliances,5199,20,15753,0,33,55,285945
08-06-2024,P1006,Air Fryer,Home Appliances,6499,0,12189,0,264,35,227465
09-06-2024,P1006,Air Fryer,Home Appliances,5524,15,14249,0,218,46,254104
10-06-2024,P1006,Air Fryer,Home Appliances,6499,0,12131,0,190,28,181972
11-06-2024,P1006,Air Fryer,Home Appliances,6499,0,9411,0,155,35,227465
12-06-2024,P1006,Air Fryer,Home Appliances,6499,0,13918,0,125,30,194970
13-06-2024,P1006,Air Fryer,Home Appliances,6499,0,3574,0,101,24,155976
14-06-2024,P1006,Air Fryer,Home Appliances,6499,0,8716,0,69,32,207968
15-06-2024,P1006,Air Fryer,Home Appliances,6499,0,14128,0,37,32,207968
16-06-2024,P1006,Air Fryer,Home Appliances,4549,30,2485,0,264,51,231999
17-06-2024,P1006,Air Fryer,Home Appliances,6499,0,8861,0,231,33,214467
18-06-2024,P1006,Air Fryer,Home Appliances,6499,0,17953,0,208,23,149477
19-06-2024,P1006,Air Fryer,Home Appliances,6499,0,2662,0,185,23,149477
20-06-2024,P1006,Air Fryer,Home Appliances,6499,0,14327,0,157,28,181972
21-06-2024,P1006,Air Fryer,Home Appliances,6499,0,8296,0,131,26,168974
22-06-2024,P1006,Air Fryer,Home Appliances,5199,20,14071,0,75,56,291144
23-06-2024,P1006,Air Fryer,Home Appliances,5199,20,11309,0,30,45,233955
24-06-2024,P1006,Air Fryer,Home Appliances,5849,10,10858,0,264,32,187168
25-06-2024,P1006,Air Fryer,Home Appliances,6499,0,19330,0,235,29,188471
26-06-2024,P1006,Air Fryer,Home Appliances,6499,0,3396,0,208,27,175473
27-06-2024,P1006,Air Fryer,Home Appliances,5849,10,15221,0,155,53,309997
28-06-2024,P1006,Air Fryer,Home Appliances,5199,20,4719,0,121,34,176766
29-06-2024,P1006,Air Fryer,Home Appliances,6174,5,14364,0,76,45,277830
30-06-2024,P1006,Air Fryer,Home Appliances,5849,10,14057,0,23,53,309997
01-07-2024,P1006,Air Fryer,Home Appliances,6499,0,10403,0,264,28,181972
02-07-2024,P1006,Air Fryer,Home Appliances,6499,0,8929,0,231,33,214467
03-07-2024,P1006,Air Fryer,Home Appliances,5199,20,19088,0,179,52,270348
04-07-2024,P1006,Air Fryer,Home Appliances,6499,0,10232,0,146,33,214467
05-07-2024,P1006,Air Fryer,Home Appliances,6174,5,15809,0,100,46,284004
06-07-2024,P1006,Air Fryer,Home Appliances,5199,20,16666,0,50,50,259950
07-07-2024,P1006,Air Fryer,Home Appliances,6499,0,4857,0,16,34,220966
08-07-2024,P1006,Air Fryer,Home Appliances,6499,0,6265,0,264,19,123481
09-07-2024,P1006,Air Fryer,Home Appliances,6499,0,3166,0,231,33,214467
10-07-2024,P1006,Air Fryer,Home Appliances,6499,0,3883,0,204,27,175473
11-07-2024,P1006,Air Fryer,Home Appliances,6499,0,8074,0,179,25,162475
12-07-2024,P1006,Air Fryer,Home Appliances,6499,0,10922,0,157,22,142978
13-07-2024,P1006,Air Fryer,Home Appliances,6499,0,16444,0,120,37,240463
14-07-2024,P1006,Air Fryer,Home Appliances,6499,0,9134,0,88,32,207968
15-07-2024,P1006,Air Fryer,Home Appliances,6499,0,8454,0,66,22,142978
16-07-2024,P1006,Air Fryer,Home Appliances,5849,10,3192,0,25,41,239809
17-07-2024,P1006,Air Fryer,Home Appliances,6499,0,5117,0,264,37,240463
18-07-2024,P1006,Air Fryer,Home Appliances,5849,10,13574,0,228,36,210564
19-07-2024,P1006,Air Fryer,Home Appliances,6499,0,14791,0,200,28,181972
20-07-2024,P1006,Air Fryer,Home Appliances,6499,0,15966,0,159,41,266459
21-07-2024,P1006,Air Fryer,Home Appliances,6499,0,8066,0,127,32,207968
22-07-2024,P1006,Air Fryer,Home Appliances,6174,5,2809,0,103,24,148176
23-07-2024,P1006,Air Fryer,Home Appliances,6174,5,9573,0,73,30,185220
24-07-2024,P1006,Air Fryer,Home Appliances,6499,0,17209,0,42,31,201469
25-07-2024,P1006,Air Fryer,Home Appliances,5849,10,5582,0,12,30,175470
26-07-2024,P1006,Air Fryer,Home Appliances,6499,0,2932,0,264,25,162475
27-07-2024,P1006,Air Fryer,Home Appliances,6499,0,11809,0,228,36,233964
28-07-2024,P1006,Air Fryer,Home Appliances,6499,0,10011,0,190,38,246962
29-07-2024,P1006,Air Fryer,Home Appliances,5199,20,13349,0,155,35,181965
30-07-2024,P1006,Air Fryer,Home Appliances,6499,0,2397,0,120,35,227465
31-07-2024,P1006,Air Fryer,Home Appliances,5849,10,13199,0,97,23,134527
01-08-2024,P1006,Air Fryer,Home Appliances,6499,0,8139,0,69,28,181972
02-08-2024,P1006,Air Fryer,Home Appliances,5849,10,2134,0,33,36,210564
03-08-2024,P1006,Air Fryer,Home Appliances,6499,0,17247,0,264,36,233964
04-08-2024,P1006,Air Fryer,Home Appliances,5524,15,2617,0,226,38,209912
05-08-2024,P1006,Air Fryer,Home Appliances,6499,0,19021,0,190,36,233964
06-08-2024,P1006,Air Fryer,Home Appliances,6174,5,18550,0,162,28,172872
07-08-2024,P1006,Air Fryer,Home Appliances,5524,15,15008,0,131,31,171244
08-08-2024,P1006,Air Fryer,Home Appliances,6499,0,12847,0,100,31,201469
09-08-2024,P1006,Air Fryer,Home Appliances,5849,10,10524,0,63,37,216413
10-08-2024,P1006,Air Fryer,Home Appliances,6499,0,7268,0,35,28,181972
11-08-2024,P1006,Air Fryer,Home Appliances,6174,5,7056,0,6,29,179046
12-08-2024,P1006,Air Fryer,Home Appliances,6499,0,3842,0,264,16,103984
13-08-2024,P1006,Air Fryer,Home Appliances,6499,0,10828,1,228,36,233964
14-08-2024,P1006,Air Fryer,Home Appliances,5849,10,18318,1,182,46,269054
15-08-2024,P1006,Air Fryer,Home Appliances,5524,15,8729,1,131,51,281724
16-08-2024,P1006,Air Fryer,Home Appliances,6499,0,10105,1,92,39,253461
17-08-2024,P1006,Air Fryer,Home Appliances,5524,15,15922,1,30,62,342488
18-08-2024,P1006,Air Fryer,Home Appliances,6499,0,6682,0,264,30,194970
19-08-2024,P1006,Air Fryer,Home Appliances,6499,0,19723,0,235,29,188471
20-08-2024,P1006,Air Fryer,Home Appliances,6499,0,8697,0,211,24,155976
21-08-2024,P1006,Air Fryer,Home Appliances,6499,0,8818,0,175,36,233964
22-08-2024,P1006,Air Fryer,Home Appliances,5849,10,6217,0,140,35,204715
23-08-2024,P1006,Air Fryer,Home Appliances,6499,0,9106,0,120,20,129980
24-08-2024,P1006,Air Fryer,Home Appliances,5524,15,7174,0,75,45,248580
25-08-2024,P1006,Air Fryer,Home Appliances,6499,0,13689,0,36,39,253461
26-08-2024,P1006,Air Fryer,Home Appliances,6499,0,11226,0,18,18,116982
27-08-2024,P1006,Air Fryer,Home Appliances,6499,0,8438,0,264,29,188471
28-08-2024,P1006,Air Fryer,Home Appliances,6499,0,19043,0,228,36,233964
29-08-2024,P1006,Air Fryer,Home Appliances,6499,0,5025,0,190,38,246962
30-08-2024,P1006,Air Fryer,Home Appliances,6499,0,15083,0,159,31,201469
31-08-2024,P1006,Air Fryer,Home Appliances,6499,0,9470,0,130,29,188471
01-09-2024,P1006,Air Fryer,Home Appliances,5524,15,15533,0,81,49,270676
02-09-2024,P1006,Air Fryer,Home Appliances,6499,0,8316,0,52,29,188471
03-09-2024,P1006,Air Fryer,Home Appliances,6499,0,4272,0,24,28,181972
04-09-2024,P1006,Air Fryer,Home Appliances,6499,0,10572,0,264,32,207968
05-09-2024,P1006,Air Fryer,Home Appliances,6499,0,15682,0,234,30,194970
06-09-2024,P1006,Air Fryer,Home Appliances,6499,0,19035,0,207,27,175473
07-09-2024,P1006,Air Fryer,Home Appliances,5849,10,17507,0,170,37,216413
08-09-2024,P1006,Air Fryer,Home Appliances,6499,0,9007,0,139,31,201469
09-09-2024,P1006,Air Fryer,Home Appliances,6499,0,6909,0,116,23,149477
10-09-2024,P1006,Air Fryer,Home Appliances,6499,0,15444,0,91,25,162475
11-09-2024,P1006,Air Fryer,Home Appliances,5849,10,11195,0,50,41,239809
12-09-2024,P1006,Air Fryer,Home Appliances,6174,5,6127,0,25,25,154350
13-09-2024,P1006,Air Fryer,Home Appliances,6174,5,7141,0,4,21,129654
14-09-2024,P1006,Air Fryer,Home Appliances,6499,0,19341,0,264,33,214467
15-09-2024,P1006,Air Fryer,Home Appliances,6499,0,10673,0,235,29,188471
16-09-2024,P1006,Air Fryer,Home Appliances,6499,0,5939,0,205,30,194970
17-09-2024,P1006,Air Fryer,Home Appliances,6499,0,14109,0,185,20,129980
18-09-2024,P1006,Air Fryer,Home Appliances,5524,15,12513,0,152,33,182292
19-09-2024,P1006,Air Fryer,Home Appliances,5199,20,16777,0,116,36,187164
20-09-2024,P1006,Air Fryer,Home Appliances,6499,0,7459,0,92,24,155976
21-09-2024,P1006,Air Fryer,Home Appliances,6499,0,18012,0,65,27,175473
22-09-2024,P1006,Air Fryer,Home Appliances,6499,0,6240,0,39,26,168974
23-09-2024,P1006,Air Fryer,Home Appliances,5199,20,5155,0,12,27,140373
24-09-2024,P1006,Air Fryer,Home Appliances,4549,30,9007,0,264,45,204705
25-09-2024,P1006,Air Fryer,Home Appliances,5524,15,15021,0,221,43,237532
26-09-2024,P1006,Air Fryer,Home Appliances,5199,20,9017,0,182,39,202761
27-09-2024,P1006,Air Fryer,Home Appliances,6499,0,18570,0,157,25,162475
28-09-2024,P1006,Air Fryer,Home Appliances,6499,0,19359,0,132,25,162475
29-09-2024,P1006,Air Fryer,Home Appliances,6499,0,17671,0,91,41,266459
30-09-2024,P1006,Air Fryer,Home Appliances,5524,15,14260,0,59,32,176768
01-10-2024,P1006,Air Fryer,Home Appliances,6499,0,3137,0,36,23,149477
02-10-2024,P1006,Air Fryer,Home Appliances,6499,0,19110,0,9,27,175473
03-10-2024,P1006,Air Fryer,Home Appliances,5524,15,15402,0,264,40,220960
04-10-2024,P1006,Air Fryer,Home Appliances,6499,0,9487,0,238,26,168974
05-10-2024,P1006,Air Fryer,Home Appliances,6499,0,5132,0,222,16,103984
06-10-2024,P1006,Air Fryer,Home Appliances,6499,0,3305,0,196,26,168974
07-10-2024,P1006,Air Fryer,Home Appliances,5849,10,8224,0,176,20,116980
08-10-2024,P1006,Air Fryer,Home Appliances,6499,0,6525,0,154,22,142978
09-10-2024,P1006,Air Fryer,Home Appliances,6499,0,3899,0,137,17,110483
10-10-2024,P1006,Air Fryer,Home Appliances,6499,0,12474,0,119,18,116982
11-10-2024,P1006,Air Fryer,Home Appliances,6499,0,12467,0,88,31,201469
12-10-2024,P1006,Air Fryer,Home Appliances,6499,0,12359,0,65,23,149477
13-10-2024,P1006,Air Fryer,Home Appliances,6499,0,6574,0,37,28,181972
14-10-2024,P1006,Air Fryer,Home Appliances,4549,30,4012,0,264,40,181960
15-10-2024,P1006,Air Fryer,Home Appliances,6499,0,8470,0,235,29,188471
16-10-2024,P1006,Air Fryer,Home Appliances,5849,10,16900,0,201,34,198866
17-10-2024,P1006,Air Fryer,Home Appliances,5849,10,15016,0,181,20,116980
18-10-2024,P1006,Air Fryer,Home Appliances,6174,5,4470,0,161,20,123480
19-10-2024,P1006,Air Fryer,Home Appliances,5524,15,2677,0,122,39,215436
20-10-2024,P1006,Air Fryer,Home Appliances,6499,0,8752,0,89,33,214467
21-10-2024,P1006,Air Fryer,Home Appliances,4549,30,10165,0,41,48,218352
22-10-2024,P1006,Air Fryer,Home Appliances,6499,0,10826,0,18,23,149477
23-10-2024,P1006,Air Fryer,Home Appliances,6499,0,11690,0,264,31,201469
24-10-2024,P1006,Air Fryer,Home Appliances,6499,0,14634,0,237,27,175473
25-10-2024,P1006,Air Fryer,Home Appliances,6499,0,2115,0,205,32,207968
26-10-2024,P1006,Air Fryer,Home Appliances,6174,5,7792,0,174,31,191394
27-10-2024,P1006,Air Fryer,Home Appliances,6499,0,4598,0,142,32,207968
28-10-2024,P1006,Air Fryer,Home Appliances,6499,0,11685,0,119,23,149477
29-10-2024,P1006,Air Fryer,Home Appliances,6499,0,9030,0,98,21,136479
30-10-2024,P1006,Air Fryer,Home Appliances,6499,0,18913,1,62,36,233964
31-10-2024,P1006,Air Fryer,Home Appliances,5849,10,8988,1,18,44,257356
01-11-2024,P1006,Air Fryer,Home Appliances,5524,15,11276,1,264,51,281724
02-11-2024,P1006,Air Fryer,Home Appliances,5849,10,5063,1,230,34,198866
03-11-2024,P1006,Air Fryer,Home Appliances,6499,0,15117,1,194,36,233964
04-11-2024,P1006,Air Fryer,Home Appliances,6174,5,11014,0,156,38,234612
05-11-2024,P1006,Air Fryer,Home Appliances,6499,0,2415,0,135,21,136479
06-11-2024,P1006,Air Fryer,Home Appliances,5849,10,3295,0,100,35,204715
07-11-2024,P1006,Air Fryer,Home Appliances,6174,5,4356,0,84,16,98784
08-11-2024,P1006,Air Fryer,Home Appliances,6499,0,12359,0,63,21,136479
09-11-2024,P1006,Air Fryer,Home Appliances,4549,30,6907,0,26,37,168313
10-11-2024,P1006,Air Fryer,Home Appliances,6499,0,9591,0,264,31,201469
11-11-2024,P1006,Air Fryer,Home Appliances,6174,5,4820,0,244,20,123480
12-11-2024,P1006,Air Fryer,Home Appliances,6499,0,14893,0,225,19,123481
13-11-2024,P1006,Air Fryer,Home Appliances,6499,0,19687,0,203,22,142978
14-11-2024,P1006,Air Fryer,Home Appliances,6499,0,17058,0,179,24,155976
15-11-2024,P1006,Air Fryer,Home Appliances,5849,10,12548,0,155,24,140376
16-11-2024,P1006,Air Fryer,Home Appliances,4549,30,18656,0,114,41,186509
17-11-2024,P1006,Air Fryer,Home Appliances,6499,0,5624,0,90,24,155976
18-11-2024,P1006,Air Fryer,Home Appliances,6499,0,17878,0,66,24,155976
19-11-2024,P1006,Air Fryer,Home Appliances,6499,0,15168,0,41,25,162475
20-11-2024,P1006,Air Fryer,Home Appliances,5199,20,7439,0,18,23,119577
21-11-2024,P1006,Air Fryer,Home Appliances,6499,0,7746,0,264,22,142978
22-11-2024,P1006,Air Fryer,Home Appliances,6499,0,12068,0,230,34,220966
23-11-2024,P1006,Air Fryer,Home Appliances,5849,10,7481,0,196,34,198866
24-11-2024,P1006,Air Fryer,Home Appliances,5199,20,14789,0,154,42,218358
25-11-2024,P1006,Air Fryer,Home Appliances,6499,0,2005,0,134,20,129980
26-11-2024,P1006,Air Fryer,Home Appliances,6499,0,12755,0,109,25,162475
27-11-2024,P1006,Air Fryer,Home Appliances,6499,0,11345,0,79,30,194970
28-11-2024,P1006,Air Fryer,Home Appliances,6174,5,10673,0,54,25,154350
29-11-2024,P1006,Air Fryer,Home Appliances,5199,20,16211,0,40,14,72786
30-11-2024,P1006,Air Fryer,Home Appliances,5199,20,15127,0,264,59,306741
01-12-2024,P1006,Air Fryer,Home Appliances,5849,10,16427,0,219,45,263205
02-12-2024,P1006,Air Fryer,Home Appliances,6499,0,14256,0,193,26,168974
03-12-2024,P1006,Air Fryer,Home Appliances,6499,0,17931,0,174,19,123481
04-12-2024,P1006,Air Fryer,Home Appliances,6174,5,19492,0,143,31,191394
05-12-2024,P1006,Air Fryer,Home Appliances,6499,0,7718,0,123,20,129980
06-12-2024,P1006,Air Fryer,Home Appliances,6499,0,3772,0,95,28,181972
07-12-2024,P1006,Air Fryer,Home Appliances,6499,0,10545,0,76,19,123481
08-12-2024,P1006,Air Fryer,Home Appliances,4549,30,17198,0,20,56,254744
09-12-2024,P1006,Air Fryer,Home Appliances,6499,0,17046,0,264,24,155976
10-12-2024,P1006,Air Fryer,Home Appliances,6499,0,11035,0,243,21,136479
11-12-2024,P1006,Air Fryer,Home Appliances,6499,0,12177,0,224,19,123481
12-12-2024,P1006,Air Fryer,Home Appliances,6499,0,9248,0,199,25,162475
13-12-2024,P1006,Air Fryer,Home Appliances,6499,0,11631,0,170,29,188471
14-12-2024,P1006,Air Fryer,Home Appliances,6499,0,10057,0,134,36,233964
15-12-2024,P1006,Air Fryer,Home Appliances,5199,20,13743,0,90,44,228756
16-12-2024,P1006,Air Fryer,Home Appliances,6499,0,4362,0,69,21,136479
17-12-2024,P1006,Air Fryer,Home Appliances,6174,5,15751,0,32,37,228438
18-12-2024,P1006,Air Fryer,Home Appliances,5199,20,17227,0,264,43,223557
19-12-2024,P1006,Air Fryer,Home Appliances,6499,0,17801,0,237,27,175473
20-12-2024,P1006,Air Fryer,Home Appliances,6499,0,4833,0,218,19,123481
21-12-2024,P1006,Air Fryer,Home Appliances,6499,0,17976,0,189,29,188471
22-12-2024,P1006,Air Fryer,Home Appliances,6499,0,14916,0,162,27,175473
23-12-2024,P1006,Air Fryer,Home Appliances,6499,0,14667,1,123,39,253461
24-12-2024,P1006,Air Fryer,Home Appliances,6499,0,19635,1,67,56,363944
25-12-2024,P1006,Air Fryer,Home Appliances,6499,0,9225,1,38,29,188471
26-12-2024,P1006,Air Fryer,Home Appliances,6499,0,12444,1,264,44,285956
27-12-2024,P1006,Air Fryer,Home Appliances,6174,5,3193,1,223,41,253134
28-12-2024,P1006,Air Fryer,Home Appliances,6499,0,12530,0,189,34,220966
29-12-2024,P1006,Air Fryer,Home Appliances,6499,0,11696,0,156,33,214467
30-12-2024,P1006,Air Fryer,Home Appliances,6174,5,7406,0,135,21,129654
31-12-2024,P1006,Air Fryer,Home Appliances,5849,10,19474,0,103,32,187168
01-01-2025,P1006,Air Fryer,Home Appliances,6174,5,4905,0,83,20,123480
02-01-2025,P1006,Air Fryer,Home Appliances,5199,20,2280,0,51,32,166368
03-01-2025,P1006,Air Fryer,Home Appliances,6174,5,5968,0,12,39,240786
04-01-2025,P1006,Air Fryer,Home Appliances,5199,20,12605,0,264,42,218358
05-01-2025,P1006,Air Fryer,Home Appliances,6499,0,4494,0,232,32,207968
06-01-2025,P1006,Air Fryer,Home Appliances,6499,0,15286,0,204,28,181972
07-01-2025,P1006,Air Fryer,Home Appliances,6499,0,6514,0,179,25,162475
08-01-2025,P1006,Air Fryer,Home Appliances,6499,0,16088,0,158,21,136479
09-01-2025,P1006,Air Fryer,Home Appliances,5524,15,14638,0,120,38,209912
10-01-2025,P1006,Air Fryer,Home Appliances,6174,5,18779,0,94,26,160524
11-01-2025,P1006,Air Fryer,Home Appliances,6499,0,18154,0,65,29,188471
12-01-2025,P1006,Air Fryer,Home Appliances,6499,0,19280,0,35,30,194970
13-01-2025,P1006,Air Fryer,Home Appliances,4549,30,5624,0,264,40,181960
14-01-2025,P1006,Air Fryer,Home Appliances,6499,0,3245,0,243,21,136479
15-01-2025,P1006,Air Fryer,Home Appliances,5849,10,10341,0,215,28,163772
16-01-2025,P1006,Air Fryer,Home Appliances,5199,20,7427,0,192,23,119577
17-01-2025,P1006,Air Fryer,Home Appliances,5524,15,17225,0,158,34,187816
18-01-2025,P1006,Air Fryer,Home Appliances,6499,0,14031,0,128,30,194970
19-01-2025,P1006,Air Fryer,Home Appliances,6499,0,14430,0,86,42,272958
20-01-2025,P1006,Air Fryer,Home Appliances,6174,5,17546,0,55,31,191394
21-01-2025,P1006,Air Fryer,Home Appliances,6499,0,16452,0,27,28,181972
22-01-2025,P1006,Air Fryer,Home Appliances,6499,0,6834,0,6,21,136479
23-01-2025,P1006,Air Fryer,Home Appliances,6499,0,6931,0,264,23,149477
24-01-2025,P1006,Air Fryer,Home Appliances,6499,0,5334,1,230,34,220966
25-01-2025,P1006,Air Fryer,Home Appliances,6499,0,2197,1,194,36,233964
26-01-2025,P1006,Air Fryer,Home Appliances,6499,0,8800,1,142,52,337948
27-01-2025,P1006,Air Fryer,Home Appliances,6499,0,19925,1,98,44,285956
28-01-2025,P1006,Air Fryer,Home Appliances,6499,0,19386,1,64,34,220966
29-01-2025,P1006,Air Fryer,Home Appliances,5524,15,2073,0,32,32,176768
30-01-2025,P1006,Air Fryer,Home Appliances,6499,0,13715,0,5,27,175473
31-01-2025,P1006,Air Fryer,Home Appliances,6499,0,7305,0,264,29,188471
01-02-2025,P1006,Air Fryer,Home Appliances,6499,0,11307,0,234,30,194970
02-02-2025,P1006,Air Fryer,Home Appliances,5849,10,8875,0,203,31,181319
03-02-2025,P1006,Air Fryer,Home Appliances,6499,0,8559,0,177,26,168974
04-02-2025,P1006,Air Fryer,Home Appliances,5849,10,6690,0,146,31,181319
05-02-2025,P1006,Air Fryer,Home Appliances,6499,0,10201,0,122,24,155976
06-02-2025,P1006,Air Fryer,Home Appliances,5199,20,12654,0,82,40,207960
07-02-2025,P1006,Air Fryer,Home Appliances,6499,0,2839,0,63,19,123481
08-02-2025,P1006,Air Fryer,Home Appliances,6499,0,2799,0,31,32,207968
09-02-2025,P1006,Air Fryer,Home Appliances,6499,0,16116,0,264,37,240463
10-02-2025,P1006,Air Fryer,Home Appliances,5849,10,10686,0,231,33,193017
11-02-2025,P1006,Air Fryer,Home Appliances,6499,0,12789,0,207,24,155976
12-02-2025,P1006,Air Fryer,Home Appliances,6499,0,7105,0,184,23,149477
13-02-2025,P1006,Air Fryer,Home Appliances,6499,0,9232,0,158,26,168974
14-02-2025,P1006,Air Fryer,Home Appliances,5849,10,19843,0,115,43,251507
15-02-2025,P1006,Air Fryer,Home Appliances,4549,30,14841,0,53,62,282038
16-02-2025,P1006,Air Fryer,Home Appliances,6499,0,12508,0,18,35,227465
17-02-2025,P1006,Air Fryer,Home Appliances,4549,30,5722,0,264,41,186509
18-02-2025,P1006,Air Fryer,Home Appliances,5524,15,16709,0,229,35,193340
19-02-2025,P1006,Air Fryer,Home Appliances,6499,0,9842,0,196,33,214467
20-02-2025,P1006,Air Fryer,Home Appliances,6174,5,8444,0,163,33,203742
21-02-2025,P1006,Air Fryer,Home Appliances,6499,0,5332,0,137,26,168974
22-02-2025,P1006,Air Fryer,Home Appliances,6174,5,11171,0,102,35,216090
23-02-2025,P1006,Air Fryer,Home Appliances,6499,0,5563,0,58,44,285956
24-02-2025,P1006,Air Fryer,Home Appliances,5849,10,17043,0,25,33,193017
25-02-2025,P1006,Air Fryer,Home Appliances,4549,30,19420,0,264,54,245646
26-02-2025,P1006,Air Fryer,Home Appliances,6499,0,19871,0,237,27,175473
27-02-2025,P1006,Air Fryer,Home Appliances,6499,0,10930,0,216,21,136479
28-02-2025,P1006,Air Fryer,Home Appliances,6499,0,9551,0,190,26,168974
01-03-2025,P1006,Air Fryer,Home Appliances,5849,10,18246,0,137,53,309997
02-03-2025,P1006,Air Fryer,Home Appliances,5524,15,11515,0,87,50,276200
03-03-2025,P1006,Air Fryer,Home Appliances,6499,0,10748,0,55,32,207968
04-03-2025,P1006,Air Fryer,Home Appliances,5849,10,8373,0,20,35,204715
05-03-2025,P1006,Air Fryer,Home Appliances,6499,0,6326,0,264,29,188471
06-03-2025,P1006,Air Fryer,Home Appliances,6499,0,15483,0,249,15,97485
07-03-2025,P1006,Air Fryer,Home Appliances,6499,0,19365,0,217,32,207968
08-03-2025,P1006,Air Fryer,Home Appliances,6499,0,12237,0,178,39,253461
09-03-2025,P1006,Air Fryer,Home Appliances,6499,0,10915,0,139,39,253461
10-03-2025,P1006,Air Fryer,Home Appliances,6499,0,14463,0,109,30,194970
11-03-2025,P1006,Air Fryer,Home Appliances,6174,5,6253,0,67,42,259308
12-03-2025,P1006,Air Fryer,Home Appliances,6174,5,12097,1,9,58,358092
13-03-2025,P1006,Air Fryer,Home Appliances,5199,20,4466,1,264,49,254751
14-03-2025,P1006,Air Fryer,Home Appliances,6499,0,13012,1,219,45,292455
15-03-2025,P1006,Air Fryer,Home Appliances,5849,10,8029,1,146,73,426977
16-03-2025,P1006,Air Fryer,Home Appliances,6174,5,15528,1,77,69,426006
17-03-2025,P1006,Air Fryer,Home Appliances,5524,15,12011,0,26,51,281724
18-03-2025,P1006,Air Fryer,Home Appliances,6499,0,16093,0,264,28,181972
19-03-2025,P1006,Air Fryer,Home Appliances,5849,10,11694,0,234,30,175470
20-03-2025,P1006,Air Fryer,Home Appliances,6499,0,7454,0,209,25,162475
21-03-2025,P1006,Air Fryer,Home Appliances,4549,30,7975,0,141,68,309332
22-03-2025,P1006,Air Fryer,Home Appliances,6174,5,19841,0,89,52,321048
23-03-2025,P1006,Air Fryer,Home Appliances,6499,0,6723,0,40,49,318451
24-03-2025,P1006,Air Fryer,Home Appliances,6499,0,8298,0,13,27,175473
25-03-2025,P1006,Air Fryer,Home Appliances,6499,0,12798,0,264,30,194970
26-03-2025,P1006,Air Fryer,Home Appliances,6499,0,8411,0,230,34,220966
27-03-2025,P1006,Air Fryer,Home Appliances,6499,0,5777,0,194,36,233964
28-03-2025,P1006,Air Fryer,Home Appliances,6499,0,8444,0,161,33,214467
29-03-2025,P1006,Air Fryer,Home Appliances,4549,30,3113,0,78,83,377567
30-03-2025,P1006,Air Fryer,Home Appliances,6499,0,6512,0,42,36,233964
31-03-2025,P1006,Air Fryer,Home Appliances,4549,30,6367,0,7,35,159215
01-04-2025,P1006,Air Fryer,Home Appliances,6499,0,18529,0,264,29,188471
02-04-2025,P1006,Air Fryer,Home Appliances,5849,10,15461,0,224,40,233960
03-04-2025,P1006,Air Fryer,Home Appliances,6499,0,15271,0,190,34,220966
04-04-2025,P1006,Air Fryer,Home Appliances,6499,0,15714,0,168,22,142978
05-04-2025,P1006,Air Fryer,Home Appliances,6174,5,6018,0,127,41,253134
06-04-2025,P1006,Air Fryer,Home Appliances,6499,0,18221,0,84,43,279457
07-04-2025,P1006,Air Fryer,Home Appliances,6499,0,13309,0,55,29,188471
08-04-2025,P1006,Air Fryer,Home Appliances,6499,0,4574,0,30,25,162475
09-04-2025,P1006,Air Fryer,Home Appliances,6174,5,11360,0,264,43,265482
10-04-2025,P1006,Air Fryer,Home Appliances,5849,10,18444,0,227,37,216413
11-04-2025,P1006,Air Fryer,Home Appliances,6499,0,9350,0,191,36,233964
12-04-2025,P1006,Air Fryer,Home Appliances,6499,0,8414,0,149,42,272958
13-04-2025,P1006,Air Fryer,Home Appliances,6499,0,2289,0,106,43,279457
14-04-2025,P1006,Air Fryer,Home Appliances,6499,0,16158,0,82,24,155976
15-04-2025,P1006,Air Fryer,Home Appliances,6499,0,16790,0,54,28,181972
16-04-2025,P1006,Air Fryer,Home Appliances,6499,0,18778,0,13,41,266459
17-04-2025,P1006,Air Fryer,Home Appliances,6499,0,4823,0,264,25,162475
18-04-2025,P1006,Air Fryer,Home Appliances,5199,20,2359,0,214,50,259950
19-04-2025,P1006,Air Fryer,Home Appliances,5524,15,9663,0,175,39,215436
20-04-2025,P1006,Air Fryer,Home Appliances,6499,0,17804,0,125,50,324950
21-04-2025,P1006,Air Fryer,Home Appliances,6499,0,14539,0,95,30,194970
22-04-2025,P1006,Air Fryer,Home Appliances,6499,0,13933,0,64,31,201469
23-04-2025,P1006,Air Fryer,Home Appliances,4549,30,17190,0,14,50,227450
24-04-2025,P1006,Air Fryer,Home Appliances,5849,10,5972,0,264,39,228111
25-04-2025,P1006,Air Fryer,Home Appliances,6499,0,7123,0,244,20,129980
26-04-2025,P1006,Air Fryer,Home Appliances,6499,0,4804,0,191,53,344447
27-04-2025,P1006,Air Fryer,Home Appliances,6499,0,11551,0,152,39,253461
28-04-2025,P1006,Air Fryer,Home Appliances,6499,0,3946,0,126,26,168974
29-04-2025,P1006,Air Fryer,Home Appliances,6499,0,13793,0,96,30,194970
30-04-2025,P1006,Air Fryer,Home Appliances,6499,0,3843,0,53,43,279457
01-05-2025,P1006,Air Fryer,Home Appliances,5199,20,4391,0,4,49,254751
02-05-2025,P1006,Air Fryer,Home Appliances,6499,0,18181,0,264,34,220966
03-05-2025,P1006,Air Fryer,Home Appliances,5199,20,17675,0,189,75,389925
04-05-2025,P1006,Air Fryer,Home Appliances,6499,0,3174,0,151,38,246962
05-05-2025,P1006,Air Fryer,Home Appliances,6499,0,6267,0,118,33,214467
06-05-2025,P1006,Air Fryer,Home Appliances,6499,0,7918,0,85,33,214467
07-05-2025,P1006,Air Fryer,Home Appliances,6499,0,12013,0,48,37,240463
08-05-2025,P1006,Air Fryer,Home Appliances,6499,0,9643,0,25,23,149477
09-05-2025,P1006,Air Fryer,Home Appliances,6499,0,9441,0,264,33,214467
10-05-2025,P1006,Air Fryer,Home Appliances,6499,0,9970,0,221,43,279457
11-05-2025,P1006,Air Fryer,Home Appliances,6174,5,6579,0,169,52,321048
12-05-2025,P1006,Air Fryer,Home Appliances,6499,0,3946,0,139,30,194970
13-05-2025,P1006,Air Fryer,Home Appliances,6499,0,16602,0,103,36,233964
14-05-2025,P1006,Air Fryer,Home Appliances,6499,0,15238,0,68,35,227465
15-05-2025,P1006,Air Fryer,Home Appliances,6499,0,11865,0,38,30,194970
16-05-2025,P1006,Air Fryer,Home Appliances,6499,0,2590,0,3,35,227465
17-05-2025,P1006,Air Fryer,Home Appliances,6174,5,10441,0,264,44,271656
18-05-2025,P1006,Air Fryer,Home Appliances,6499,0,11995,0,203,61,396439
19-05-2025,P1006,Air Fryer,Home Appliances,6499,0,9623,0,170,33,214467
20-05-2025,P1006,Air Fryer,Home Appliances,4549,30,14396,0,122,48,218352
21-05-2025,P1006,Air Fryer,Home Appliances,5849,10,5357,0,90,32,187168
22-05-2025,P1006,Air Fryer,Home Appliances,6499,0,13636,0,47,43,279457
23-05-2025,P1006,Air Fryer,Home Appliances,6499,0,3591,0,21,26,168974
24-05-2025,P1006,Air Fryer,Home Appliances,6499,0,11987,0,264,45,292455
25-05-2025,P1006,Air Fryer,Home Appliances,6499,0,15380,0,217,47,305453
26-05-2025,P1006,Air Fryer,Home Appliances,6499,0,2498,0,195,22,142978
27-05-2025,P1006,Air Fryer,Home Appliances,6499,0,18203,0,150,45,292455
28-05-2025,P1006,Air Fryer,Home Appliances,5849,10,19992,0,108,42,245658
29-05-2025,P1006,Air Fryer,Home Appliances,6174,5,18570,0,62,46,284004
30-05-2025,P1006,Air Fryer,Home Appliances,5849,10,6534,0,28,34,198866
31-05-2025,P1006,Air Fryer,Home Appliances,6174,5,4866,0,264,40,246960
01-06-2025,P1006,Air Fryer,Home Appliances,6499,0,17294,0,220,44,285956
02-06-2025,P1006,Air Fryer,Home Appliances,6499,0,19181,0,174,46,298954
03-06-2025,P1006,Air Fryer,Home Appliances,6174,5,16276,0,144,30,185220
04-06-2025,P1006,Air Fryer,Home Appliances,5524,15,11120,0,88,56,309344
05-06-2025,P1006,Air Fryer,Home Appliances,5199,20,19589,0,45,43,223557
06-06-2025,P1006,Air Fryer,Home Appliances,6174,5,18078,0,13,32,197568
07-06-2025,P1006,Air Fryer,Home Appliances,5849,10,9380,0,264,52,304148
08-06-2025,P1006,Air Fryer,Home Appliances,4549,30,4547,0,183,81,368469
09-06-2025,P1006,Air Fryer,Home Appliances,5199,20,4122,0,136,47,244353
10-06-2025,P1006,Air Fryer,Home Appliances,5849,10,2178,0,99,37,216413
11-06-2025,P1006,Air Fryer,Home Appliances,6499,0,14713,0,50,49,318451
12-06-2025,P1006,Air Fryer,Home Appliances,6499,0,6391,0,20,30,194970
13-06-2025,P1006,Air Fryer,Home Appliances,5524,15,5501,0,264,33,182292
14-06-2025,P1006,Air Fryer,Home Appliances,6499,0,9385,0,222,42,272958
15-06-2025,P1006,Air Fryer,Home Appliances,6499,0,10642,0,177,45,292455
16-06-2025,P1006,Air Fryer,Home Appliances,6499,0,13873,0,158,19,123481
17-06-2025,P1006,Air Fryer,Home Appliances,6499,0,3914,0,127,31,201469
18-06-2025,P1006,Air Fryer,Home Appliances,6499,0,2138,0,91,36,233964
19-06-2025,P1006,Air Fryer,Home Appliances,4549,30,2379,0,50,41,186509
20-06-2025,P1006,Air Fryer,Home Appliances,6499,0,3147,0,22,28,181972
21-06-2025,P1006,Air Fryer,Home Appliances,5524,15,17784,0,264,61,336964
22-06-2025,P1006,Air Fryer,Home Appliances,5849,10,13368,0,206,58,339242
23-06-2025,P1006,Air Fryer,Home Appliances,4549,30,7220,0,152,54,245646
24-06-2025,P1006,Air Fryer,Home Appliances,5199,20,19041,0,104,48,249552
25-06-2025,P1006,Air Fryer,Home Appliances,6499,0,13688,0,76,28,181972
26-06-2025,P1006,Air Fryer,Home Appliances,5199,20,16596,0,27,49,254751
27-06-2025,P1006,Air Fryer,Home Appliances,6499,0,4496,0,264,32,207968
28-06-2025,P1006,Air Fryer,Home Appliances,5849,10,3335,0,219,45,263205
29-06-2025,P1006,Air Fryer,Home Appliances,6499,0,11603,0,172,47,305453
30-06-2025,P1006,Air Fryer,Home Appliances,5524,15,18512,0,113,59,325916
01-07-2025,P1006,Air Fryer,Home Appliances,6499,0,5137,0,75,38,246962
02-07-2025,P1006,Air Fryer,Home Appliances,5524,15,14728,0,27,48,265152
03-07-2025,P1006,Air Fryer,Home Appliances,6499,0,2609,0,5,22,142978
04-07-2025,P1006,Air Fryer,Home Appliances,6499,0,18437,0,264,35,227465
05-07-2025,P1006,Air Fryer,Home Appliances,6499,0,17256,0,220,44,285956
06-07-2025,P1006,Air Fryer,Home Appliances,6174,5,11718,0,173,47,290178
07-07-2025,P1006,Air Fryer,Home Appliances,5524,15,7510,0,120,53,292772
08-07-2025,P1006,Air Fryer,Home Appliances,6499,0,7605,0,90,30,194970
09-07-2025,P1006,Air Fryer,Home Appliances,5524,15,12100,0,27,63,348012
10-07-2025,P1006,Air Fryer,Home Appliances,6174,5,3728,0,264,33,203742
11-07-2025,P1006,Air Fryer,Home Appliances,6174,5,15418,0,231,33,203742
12-07-2025,P1006,Air Fryer,Home Appliances,6499,0,6355,0,188,43,279457
13-07-2025,P1006,Air Fryer,Home Appliances,5524,15,19662,0,133,55,303820
14-07-2025,P1006,Air Fryer,Home Appliances,5849,10,4684,0,89,44,257356
15-07-2025,P1006,Air Fryer,Home Appliances,5849,10,14647,0,39,50,292450
16-07-2025,P1006,Air Fryer,Home Appliances,5524,15,7776,0,264,47,259628
17-07-2025,P1006,Air Fryer,Home Appliances,6499,0,8055,0,227,37,240463
18-07-2025,P1006,Air Fryer,Home Appliances,6499,0,11450,0,196,31,201469
19-07-2025,P1006,Air Fryer,Home Appliances,6499,0,9057,0,156,40,259960
20-07-2025,P1006,Air Fryer,Home Appliances,6174,5,6121,0,113,43,265482
21-07-2025,P1006,Air Fryer,Home Appliances,6499,0,15253,0,83,30,194970
22-07-2025,P1006,Air Fryer,Home Appliances,6499,0,10403,0,49,34,220966
23-07-2025,P1006,Air Fryer,Home Appliances,6499,0,7189,0,31,18,116982
24-07-2025,P1006,Air Fryer,Home Appliances,5199,20,4662,0,264,34,176766
25-07-2025,P1006,Air Fryer,Home Appliances,4549,30,6586,0,213,51,231999
26-07-2025,P1006,Air Fryer,Home Appliances,6174,5,17120,0,163,50,308700
27-07-2025,P1006,Air Fryer,Home Appliances,6499,0,13898,0,128,35,227465
28-07-2025,P1006,Air Fryer,Home Appliances,6174,5,2171,0,82,46,284004
29-07-2025,P1006,Air Fryer,Home Appliances,6499,0,3551,0,54,28,181972
30-07-2025,P1006,Air Fryer,Home Appliances,6499,0,16277,0,18,36,233964
31-07-2025,P1006,Air Fryer,Home Appliances,5849,10,15022,0,264,36,210564
01-08-2025,P1006,Air Fryer,Home Appliances,6499,0,7769,0,233,31,201469
02-08-2025,P1006,Air Fryer,Home Appliances,6499,0,18215,0,184,49,318451
03-08-2025,P1006,Air Fryer,Home Appliances,6174,5,15145,0,138,46,284004
04-08-2025,P1006,Air Fryer,Home Appliances,6499,0,3793,0,107,31,201469
05-08-2025,P1006,Air Fryer,Home Appliances,6499,0,6828,0,71,36,233964
06-08-2025,P1006,Air Fryer,Home Appliances,6499,0,4903,0,47,24,155976
07-08-2025,P1006,Air Fryer,Home Appliances,6499,0,7130,0,15,32,207968
08-08-2025,P1006,Air Fryer,Home Appliances,6499,0,8648,0,264,29,188471
09-08-2025,P1006,Air Fryer,Home Appliances,6499,0,12941,0,233,31,201469
10-08-2025,P1006,Air Fryer,Home Appliances,6499,0,10088,0,192,41,266459
11-08-2025,P1006,Air Fryer,Home Appliances,5849,10,17298,0,151,41,239809
12-08-2025,P1006,Air Fryer,Home Appliances,6499,0,3420,0,124,27,175473
13-08-2025,P1006,Air Fryer,Home Appliances,5524,15,8024,1,69,55,303820
14-08-2025,P1006,Air Fryer,Home Appliances,6499,0,13564,1,24,45,292455
15-08-2025,P1006,Air Fryer,Home Appliances,6499,0,15030,1,264,38,246962
16-08-2025,P1006,Air Fryer,Home Appliances,5524,15,13492,1,174,90,497160
17-08-2025,P1006,Air Fryer,Home Appliances,6499,0,5511,1,122,52,337948
18-08-2025,P1006,Air Fryer,Home Appliances,6499,0,2789,0,89,33,214467
19-08-2025,P1006,Air Fryer,Home Appliances,6499,0,10321,0,58,31,201469
20-08-2025,P1006,Air Fryer,Home Appliances,5849,10,17288,0,23,35,204715
21-08-2025,P1006,Air Fryer,Home Appliances,6499,0,14987,0,264,26,168974
22-08-2025,P1006,Air Fryer,Home Appliances,6499,0,16474,0,233,31,201469
23-08-2025,P1006,Air Fryer,Home Appliances,6499,0,11697,0,189,44,285956
24-08-2025,P1006,Air Fryer,Home Appliances,5199,20,14893,0,128,61,317139
25-08-2025,P1006,Air Fryer,Home Appliances,6499,0,3311,0,97,31,201469
26-08-2025,P1006,Air Fryer,Home Appliances,4549,30,19298,0,50,47,213803
27-08-2025,P1006,Air Fryer,Home Appliances,6499,0,16949,0,9,41,266459
28-08-2025,P1006,Air Fryer,Home Appliances,6499,0,10076,0,264,31,201469
29-08-2025,P1006,Air Fryer,Home Appliances,5524,15,18811,0,224,40,220960
30-08-2025,P1006,Air Fryer,Home Appliances,6174,5,12651,0,175,49,302526
31-08-2025,P1006,Air Fryer,Home Appliances,6499,0,6943,0,135,40,259960
01-09-2025,P1006,Air Fryer,Home Appliances,6499,0,10638,0,107,28,181972
02-09-2025,P1006,Air Fryer,Home Appliances,6499,0,17496,0,74,33,214467
03-09-2025,P1006,Air Fryer,Home Appliances,5524,15,16852,0,42,32,176768
04-09-2025,P1006,Air Fryer,Home Appliances,6499,0,11735,0,8,34,220966
05-09-2025,P1006,Air Fryer,Home Appliances,6499,0,7251,0,264,29,188471
06-09-2025,P1006,Air Fryer,Home Appliances,5524,15,11786,0,222,42,232008
07-09-2025,P1006,Air Fryer,Home Appliances,6499,0,12670,0,184,38,246962
08-09-2025,P1006,Air Fryer,Home Appliances,6499,0,3388,0,153,31,201469
09-09-2025,P1006,Air Fryer,Home Appliances,6499,0,3965,0,118,35,227465
10-09-2025,P1006,Air Fryer,Home Appliances,6499,0,14317,0,90,28,181972
11-09-2025,P1006,Air Fryer,Home Appliances,6499,0,19511,0,58,32,207968
12-09-2025,P1006,Air Fryer,Home Appliances,5199,20,4584,0,32,26,135174
13-09-2025,P1006,Air Fryer,Home Appliances,5524,15,4754,0,264,47,259628
14-09-2025,P1006,Air Fryer,Home Appliances,6499,0,6375,0,229,35,227465
15-09-2025,P1006,Air Fryer,Home Appliances,6174,5,15658,0,198,31,191394
16-09-2025,P1006,Air Fryer,Home Appliances,6499,0,15646,0,163,35,227465
17-09-2025,P1006,Air Fryer,Home Appliances,4549,30,16846,0,120,43,195607
18-09-2025,P1006,Air Fryer,Home Appliances,6499,0,3535,0,96,24,155976
19-09-2025,P1006,Air Fryer,Home Appliances,5849,10,8535,0,60,36,210564
20-09-2025,P1006,Air Fryer,Home Appliances,6499,0,4234,0,17,43,279457
21-09-2025,P1006,Air Fryer,Home Appliances,5199,20,6757,0,264,55,285945
22-09-2025,P1006,Air Fryer,Home Appliances,6499,0,8645,0,232,32,207968
23-09-2025,P1006,Air Fryer,Home Appliances,5849,10,4332,0,189,43,251507
24-09-2025,P1006,Air Fryer,Home Appliances,6499,0,6910,0,165,24,155976
25-09-2025,P1006,Air Fryer,Home Appliances,5524,15,5838,0,139,26,143624
26-09-2025,P1006,Air Fryer,Home Appliances,6499,0,16983,0,108,31,201469
27-09-2025,P1006,Air Fryer,Home Appliances,6499,0,6723,0,73,35,227465
28-09-2025,P1006,Air Fryer,Home Appliances,5849,10,10389,0,25,48,280752
29-09-2025,P1006,Air Fryer,Home Appliances,5199,20,5339,0,264,45,233955
30-09-2025,P1006,Air Fryer,Home Appliances,6499,0,8476,0,233,31,201469
01-10-2025,P1006,Air Fryer,Home Appliances,6499,0,6178,0,204,29,188471
02-10-2025,P1006,Air Fryer,Home Appliances,5524,15,14680,0,168,36,198864
03-10-2025,P1006,Air Fryer,Home Appliances,6499,0,4801,0,146,22,142978
04-10-2025,P1006,Air Fryer,Home Appliances,6499,0,14210,0,105,41,266459
05-10-2025,P1006,Air Fryer,Home Appliances,4549,30,18038,0,58,47,213803
06-10-2025,P1006,Air Fryer,Home Appliances,5199,20,5964,0,23,35,181965
07-10-2025,P1006,Air Fryer,Home Appliances,5849,10,16981,0,264,43,251507
08-10-2025,P1006,Air Fryer,Home Appliances,6174,5,16450,0,237,27,166698
09-10-2025,P1006,Air Fryer,Home Appliances,6499,0,15345,0,211,26,168974
10-10-2025,P1006,Air Fryer,Home Appliances,6499,0,18831,0,180,31,201469
11-10-2025,P1006,Air Fryer,Home Appliances,6499,0,3475,0,152,28,181972
12-10-2025,P1006,Air Fryer,Home Appliances,6499,0,2901,0,119,33,214467
13-10-2025,P1006,Air Fryer,Home Appliances,6499,0,12828,0,94,25,162475
14-10-2025,P1006,Air Fryer,Home Appliances,6174,5,3611,0,68,26,160524
15-10-2025,P1006,Air Fryer,Home Appliances,6499,0,2922,0,41,27,175473
16-10-2025,P1006,Air Fryer,Home Appliances,5524,15,15669,0,264,48,265152
17-10-2025,P1006,Air Fryer,Home Appliances,5849,10,16042,0,225,39,228111
18-10-2025,P1006,Air Fryer,Home Appliances,5524,15,11491,1,164,61,336964
19-10-2025,P1006,Air Fryer,Home Appliances,6499,0,3486,1,130,34,220966
20-10-2025,P1006,Air Fryer,Home Appliances,5199,20,3899,1,81,49,254751
21-10-2025,P1006,Air Fryer,Home Appliances,6499,0,15658,1,38,43,279457
22-10-2025,P1006,Air Fryer,Home Appliances,6499,0,8341,1,264,42,272958
23-10-2025,P1006,Air Fryer,Home Appliances,6499,0,8956,0,235,29,188471
24-10-2025,P1006,Air Fryer,Home Appliances,5849,10,15083,0,195,40,233960
25-10-2025,P1006,Air Fryer,Home Appliances,6499,0,7546,0,153,42,272958
26-10-2025,P1006,Air Fryer,Home Appliances,6499,0,18414,0,115,38,246962
27-10-2025,P1006,Air Fryer,Home Appliances,6174,5,16300,0,87,28,172872
28-10-2025,P1006,Air Fryer,Home Appliances,6174,5,11187,0,55,32,197568
29-10-2025,P1006,Air Fryer,Home Appliances,6499,0,2790,0,32,23,149477
30-10-2025,P1006,Air Fryer,Home Appliances,6499,0,2175,0,9,23,149477
31-10-2025,P1006,Air Fryer,Home Appliances,6499,0,13517,0,264,33,214467
01-11-2025,P1006,Air Fryer,Home Appliances,6499,0,11059,0,237,27,175473
02-11-2025,P1006,Air Fryer,Home Appliances,6174,5,13482,0,205,32,197568
03-11-2025,P1006,Air Fryer,Home Appliances,5524,15,5229,0,182,23,127052
04-11-2025,P1006,Air Fryer,Home Appliances,5849,10,4153,0,157,25,146225
05-11-2025,P1006,Air Fryer,Home Appliances,5199,20,10576,0,114,43,223557
06-11-2025,P1006,Air Fryer,Home Appliances,5849,10,12029,0,75,39,228111
07-11-2025,P1006,Air Fryer,Home Appliances,6499,0,4690,0,45,30,194970
08-11-2025,P1006,Air Fryer,Home Appliances,6174,5,10566,0,19,26,160524
09-11-2025,P1006,Air Fryer,Home Appliances,6499,0,17481,0,264,30,194970
10-11-2025,P1006,Air Fryer,Home Appliances,6499,0,6852,0,236,28,181972
11-11-2025,P1006,Air Fryer,Home Appliances,6499,0,19668,0,215,21,136479
12-11-2025,P1006,Air Fryer,Home Appliances,5524,15,13747,0,180,35,193340
13-11-2025,P1006,Air Fryer,Home Appliances,6499,0,18938,0,155,25,162475
14-11-2025,P1006,Air Fryer,Home Appliances,6499,0,4644,0,141,14,90986
15-11-2025,P1006,Air Fryer,Home Appliances,5849,10,11531,0,103,38,222262
16-11-2025,P1006,Air Fryer,Home Appliances,5199,20,5100,0,64,39,202761
17-11-2025,P1006,Air Fryer,Home Appliances,6499,0,11652,0,40,24,155976
18-11-2025,P1006,Air Fryer,Home Appliances,6499,0,4095,0,8,32,207968
19-11-2025,P1006,Air Fryer,Home Appliances,6499,0,2294,0,264,26,168974
20-11-2025,P1006,Air Fryer,Home Appliances,6174,5,16178,0,239,25,154350
21-11-2025,P1006,Air Fryer,Home Appliances,6499,0,2093,0,216,23,149477
22-11-2025,P1006,Air Fryer,Home Appliances,5849,10,15639,0,172,44,257356
23-11-2025,P1006,Air Fryer,Home Appliances,6499,0,16894,0,137,35,227465
24-11-2025,P1006,Air Fryer,Home Appliances,6499,0,5930,0,114,23,149477
25-11-2025,P1006,Air Fryer,Home Appliances,5524,15,19871,0,78,36,198864
26-11-2025,P1006,Air Fryer,Home Appliances,5849,10,7782,0,46,32,187168
27-11-2025,P1006,Air Fryer,Home Appliances,6499,0,7032,0,23,23,149477
28-11-2025,P1006,Air Fryer,Home Appliances,6499,0,5747,0,4,19,123481
29-11-2025,P1006,Air Fryer,Home Appliances,5199,20,18284,0,264,57,296343
30-11-2025,P1006,Air Fryer,Home Appliances,6499,0,10984,0,231,33,214467
01-12-2025,P1006,Air Fryer,Home Appliances,6499,0,18757,0,206,25,162475
02-12-2025,P1006,Air Fryer,Home Appliances,5524,15,11422,0,167,39,215436
03-12-2025,P1006,Air Fryer,Home Appliances,5849,10,16598,0,135,32,187168
04-12-2025,P1006,Air Fryer,Home Appliances,5524,15,12434,0,98,37,204388
05-12-2025,P1006,Air Fryer,Home Appliances,6499,0,10224,0,56,42,272958
06-12-2025,P1006,Air Fryer,Home Appliances,6499,0,4354,0,25,31,201469
07-12-2025,P1006,Air Fryer,Home Appliances,6174,5,4432,0,264,30,185220
08-12-2025,P1006,Air Fryer,Home Appliances,6499,0,16654,0,228,36,233964
09-12-2025,P1006,Air Fryer,Home Appliances,5524,15,3558,0,187,41,226484
10-12-2025,P1006,Air Fryer,Home Appliances,5849,10,13083,0,157,30,175470
11-12-2025,P1006,Air Fryer,Home Appliances,6499,0,9427,0,130,27,175473
12-12-2025,P1006,Air Fryer,Home Appliances,6499,0,9612,0,104,26,168974
13-12-2025,P1006,Air Fryer,Home Appliances,6499,0,7289,0,78,26,168974
14-12-2025,P1006,Air Fryer,Home Appliances,5199,20,5097,0,42,36,187164
15-12-2025,P1006,Air Fryer,Home Appliances,6499,0,16651,0,8,34,220966
16-12-2025,P1006,Air Fryer,Home Appliances,6499,0,16522,0,264,23,149477
17-12-2025,P1006,Air Fryer,Home Appliances,6499,0,17323,0,232,32,207968
18-12-2025,P1006,Air Fryer,Home Appliances,5849,10,4582,0,204,28,163772
19-12-2025,P1006,Air Fryer,Home Appliances,5199,20,11235,0,168,36,187164
20-12-2025,P1006,Air Fryer,Home Appliances,6499,0,2227,0,135,33,214467
21-12-2025,P1006,Air Fryer,Home Appliances,6499,0,4915,0,103,32,207968
22-12-2025,P1006,Air Fryer,Home Appliances,6499,0,5928,0,79,24,155976
23-12-2025,P1006,Air Fryer,Home Appliances,5524,15,2484,1,19,60,331440
24-12-2025,P1006,Air Fryer,Home Appliances,6499,0,11717,1,264,36,233964
25-12-2025,P1006,Air Fryer,Home Appliances,5849,10,3724,1,209,55,321695
26-12-2025,P1006,Air Fryer,Home Appliances,6499,0,8250,1,177,32,207968
27-12-2025,P1006,Air Fryer,Home Appliances,5849,10,18386,1,100,77,450373
28-12-2025,P1006,Air Fryer,Home Appliances,6499,0,4778,0,84,16,103984
29-12-2025,P1006,Air Fryer,Home Appliances,6174,5,8058,0,66,18,111132
30-12-2025,P1006,Air Fryer,Home Appliances,6174,5,18896,0,35,31,191394
31-12-2025,P1006,Air Fryer,Home Appliances,4549,30,14749,0,264,50,227450
01-01-2026,P1006,Air Fryer,Home Appliances,4549,30,7396,0,216,48,218352
02-01-2026,P1006,Air Fryer,Home Appliances,6499,0,15308,0,178,38,246962
03-01-2026,P1006,Air Fryer,Home Appliances,6499,0,18896,0,147,31,201469
04-01-2026,P1006,Air Fryer,Home Appliances,6499,0,12479,0,109,38,246962
05-01-2026,P1006,Air Fryer,Home Appliances,6499,0,16436,0,82,27,175473
06-01-2026,P1006,Air Fryer,Home Appliances,5849,10,11295,0,55,27,157923
07-01-2026,P1006,Air Fryer,Home Appliances,6499,0,10908,0,25,30,194970
08-01-2026,P1006,Air Fryer,Home Appliances,5849,10,2701,0,1,24,140376
09-01-2026,P1006,Air Fryer,Home Appliances,5849,10,14641,0,264,47,274903
10-01-2026,P1006,Air Fryer,Home Appliances,6499,0,2253,0,230,34,220966
11-01-2026,P1006,Air Fryer,Home Appliances,6499,0,5874,0,185,45,292455
12-01-2026,P1006,Air Fryer,Home Appliances,5849,10,18236,0,146,39,228111
13-01-2026,P1006,Air Fryer,Home Appliances,5524,15,13759,0,113,33,182292
14-01-2026,P1006,Air Fryer,Home Appliances,6499,0,14737,0,75,38,246962
15-01-2026,P1006,Air Fryer,Home Appliances,4549,30,9885,0,22,53,241097
16-01-2026,P1006,Air Fryer,Home Appliances,6499,0,18427,0,264,39,253461
17-01-2026,P1006,Air Fryer,Home Appliances,5849,10,6043,0,224,40,233960
18-01-2026,P1006,Air Fryer,Home Appliances,6499,0,19107,0,186,38,246962
19-01-2026,P1006,Air Fryer,Home Appliances,6499,0,3593,0,155,31,201469
20-01-2026,P1006,Air Fryer,Home Appliances,6499,0,19858,0,127,28,181972
21-01-2026,P1006,Air Fryer,Home Appliances,6174,5,3603,0,94,33,203742
22-01-2026,P1006,Air Fryer,Home Appliances,6499,0,9749,0,66,28,181972
23-01-2026,P1006,Air Fryer,Home Appliances,5199,20,15771,0,26,40,207960
24-01-2026,P1006,Air Fryer,Home Appliances,5849,10,2503,1,264,49,286601
25-01-2026,P1006,Air Fryer,Home Appliances,6499,0,10737,1,213,51,331449
26-01-2026,P1006,Air Fryer,Home Appliances,6499,0,5818,1,183,30,194970
27-01-2026,P1006,Air Fryer,Home Appliances,6174,5,10906,1,132,51,314874
28-01-2026,P1006,Air Fryer,Home Appliances,6174,5,17512,1,75,57,351918
29-01-2026,P1006,Air Fryer,Home Appliances,6499,0,10690,0,47,28,181972
30-01-2026,P1006,Air Fryer,Home Appliances,6499,0,13167,0,19,28,181972
31-01-2026,P1006,Air Fryer,Home Appliances,6499,0,18231,0,264,37,240463
01-02-2026,P1006,Air Fryer,Home Appliances,6174,5,8939,0,225,39,240786
02-02-2026,P1006,Air Fryer,Home Appliances,5524,15,15722,0,178,47,259628
03-02-2026,P1006,Air Fryer,Home Appliances,6499,0,11943,0,149,29,188471
04-02-2026,P1006,Air Fryer,Home Appliances,6499,0,15313,0,118,31,201469
05-02-2026,P1006,Air Fryer,Home Appliances,6499,0,6599,0,87,31,201469
06-02-2026,P1006,Air Fryer,Home Appliances,6499,0,7935,0,60,27,175473
07-02-2026,P1006,Air Fryer,Home Appliances,6499,0,14688,0,30,30,194970
08-02-2026,P1006,Air Fryer,Home Appliances,6499,0,13039,0,264,40,259960
09-02-2026,P1006,Air Fryer,Home Appliances,6499,0,13524,0,227,37,240463
10-02-2026,P1006,Air Fryer,Home Appliances,6499,0,11698,0,207,20,129980
11-02-2026,P1006,Air Fryer,Home Appliances,6499,0,5925,0,172,35,227465
12-02-2026,P1006,Air Fryer,Home Appliances,6499,0,19711,0,143,29,188471
13-02-2026,P1006,Air Fryer,Home Appliances,6499,0,18777,0,116,27,175473
14-02-2026,P1006,Air Fryer,Home Appliances,5199,20,10770,0,71,45,233955
15-02-2026,P1006,Air Fryer,Home Appliances,5199,20,4899,0,24,47,244353
16-02-2026,P1006,Air Fryer,Home Appliances,6499,0,11396,0,264,29,188471
17-02-2026,P1006,Air Fryer,Home Appliances,6499,0,2677,0,231,33,214467
18-02-2026,P1006,Air Fryer,Home Appliances,6499,0,12166,0,195,36,233964
19-02-2026,P1006,Air Fryer,Home Appliances,4549,30,6961,0,146,49,222901
20-02-2026,P1006,Air Fryer,Home Appliances,4549,30,17196,0,95,51,231999
21-02-2026,P1006,Air Fryer,Home Appliances,6499,0,4051,0,57,38,246962
22-02-2026,P1006,Air Fryer,Home Appliances,5849,10,9234,0,2,55,321695
23-02-2026,P1006,Air Fryer,Home Appliances,6174,5,7996,0,264,28,172872
24-02-2026,P1006,Air Fryer,Home Appliances,5524,15,19815,0,225,39,215436
25-02-2026,P1006,Air Fryer,Home Appliances,6499,0,15568,0,192,33,214467
26-02-2026,P1006,Air Fryer,Home Appliances,6499,0,3459,0,153,39,253461
27-02-2026,P1006,Air Fryer,Home Appliances,6499,0,5734,0,127,26,168974
28-02-2026,P1006,Air Fryer,Home Appliances,6499,0,14959,0,90,37,240463
01-03-2026,P1006,Air Fryer,Home Appliances,6499,0,7761,0,51,39,253461
02-03-2026,P1006,Air Fryer,Home Appliances,6499,0,16242,1,6,45,292455
03-03-2026,P1006,Air Fryer,Home Appliances,6499,0,14315,1,264,48,311952
04-03-2026,P1006,Air Fryer,Home Appliances,6499,0,12860,1,212,52,337948
05-03-2026,P1006,Air Fryer,Home Appliances,6499,0,12109,1,158,54,350946
06-03-2026,P1006,Air Fryer,Home Appliances,6499,0,3353,1,115,43,279457
07-03-2026,P1006,Air Fryer,Home Appliances,6499,0,8164,0,77,38,246962
08-03-2026,P1006,Air Fryer,Home Appliances,6499,0,7364,0,42,35,227465
09-03-2026,P1006,Air Fryer,Home Appliances,5849,10,6523,0,6,36,210564
10-03-2026,P1006,Air Fryer,Home Appliances,5849,10,13829,0,264,44,257356
11-03-2026,P1006,Air Fryer,Home Appliances,6499,0,4138,0,232,32,207968
12-03-2026,P1006,Air Fryer,Home Appliances,6499,0,17768,0,196,36,233964
13-03-2026,P1006,Air Fryer,Home Appliances,5524,15,11664,0,154,42,232008
14-03-2026,P1006,Air Fryer,Home Appliances,6499,0,4029,0,112,42,272958
15-03-2026,P1006,Air Fryer,Home Appliances,6174,5,17134,0,55,57,351918
16-03-2026,P1006,Air Fryer,Home Appliances,5849,10,15897,0,16,39,228111
17-03-2026,P1006,Air Fryer,Home Appliances,5849,10,19757,0,264,50,292450
18-03-2026,P1006,Air Fryer,Home Appliances,5524,15,13695,0,215,49,270676
19-03-2026,P1006,Air Fryer,Home Appliances,6499,0,14309,0,186,29,188471
20-03-2026,P1006,Air Fryer,Home Appliances,6499,0,2556,0,156,30,194970
21-03-2026,P1006,Air Fryer,Home Appliances,6499,0,13230,0,120,36,233964
22-03-2026,P1006,Air Fryer,Home Appliances,6499,0,16618,0,71,49,318451
23-03-2026,P1006,Air Fryer,Home Appliances,6499,0,10750,0,37,34,220966
24-03-2026,P1006,Air Fryer,Home Appliances,6499,0,11719,0,3,34,220966
25-03-2026,P1006,Air Fryer,Home Appliances,6174,5,8505,0,264,37,228438
26-03-2026,P1006,Air Fryer,Home Appliances,5849,10,16335,0,225,39,228111
27-03-2026,P1006,Air Fryer,Home Appliances,6174,5,15932,0,189,36,222264
28-03-2026,P1006,Air Fryer,Home Appliances,6499,0,16008,0,141,48,311952
29-03-2026,P1006,Air Fryer,Home Appliances,4549,30,10577,0,67,74,336626
30-03-2026,P1006,Air Fryer,Home Appliances,5524,15,11326,0,27,40,220960
31-03-2026,P1006,Air Fryer,Home Appliances,4549,30,14179,0,264,59,268391
01-04-2026,P1006,Air Fryer,Home Appliances,6499,0,2589,0,230,34,220966
02-04-2026,P1006,Air Fryer,Home Appliances,6499,0,8915,0,184,46,298954
03-04-2026,P1006,Air Fryer,Home Appliances,6499,0,19639,0,147,37,240463
04-04-2026,P1006,Air Fryer,Home Appliances,6499,0,17743,0,105,42,272958
05-04-2026,P1006,Air Fryer,Home Appliances,4549,30,15216,0,25,80,363920
06-04-2026,P1006,Air Fryer,Home Appliances,6174,5,3642,0,264,41,253134
07-04-2026,P1006,Air Fryer,Home Appliances,6499,0,19694,0,246,18,116982
08-04-2026,P1006,Air Fryer,Home Appliances,6499,0,17195,0,211,35,227465
09-04-2026,P1006,Air Fryer,Home Appliances,6174,5,6200,0,177,34,209916
10-04-2026,P1006,Air Fryer,Home Appliances,6499,0,15648,0,144,33,214467
11-04-2026,P1006,Air Fryer,Home Appliances,6174,5,13617,0,88,56,345744
12-04-2026,P1006,Air Fryer,Home Appliances,6499,0,11391,0,46,42,272958
13-04-2026,P1006,Air Fryer,Home Appliances,6499,0,3483,0,17,29,188471
14-04-2026,P1006,Air Fryer,Home Appliances,6499,0,10664,0,264,40,259960
15-04-2026,P1006,Air Fryer,Home Appliances,6499,0,3792,0,238,26,168974
16-04-2026,P1006,Air Fryer,Home Appliances,6499,0,16143,0,206,32,207968
17-04-2026,P1006,Air Fryer,Home Appliances,6499,0,6318,0,169,37,240463
18-04-2026,P1006,Air Fryer,Home Appliances,6174,5,17106,0,114,55,339570
19-04-2026,P1006,Air Fryer,Home Appliances,6499,0,6647,0,64,50,324950
20-04-2026,P1006,Air Fryer,Home Appliances,5524,15,7622,0,14,50,276200
21-04-2026,P1006,Air Fryer,Home Appliances,6499,0,3363,0,264,35,227465
22-04-2026,P1006,Air Fryer,Home Appliances,5524,15,6909,0,212,52,287248
23-04-2026,P1006,Air Fryer,Home Appliances,6499,0,19959,0,168,44,285956
24-04-2026,P1006,Air Fryer,Home Appliances,5199,20,2713,0,115,53,275547
25-04-2026,P1006,Air Fryer,Home Appliances,5524,15,16002,0,53,62,342488
26-04-2026,P1006,Air Fryer,Home Appliances,5199,20,15743,0,264,62,322338
27-04-2026,P1006,Air Fryer,Home Appliances,4549,30,14025,0,203,61,277489
28-04-2026,P1006,Air Fryer,Home Appliances,5524,15,11033,0,154,49,270676
29-04-2026,P1006,Air Fryer,Home Appliances,6499,0,2825,0,118,36,233964
30-04-2026,P1006,Air Fryer,Home Appliances,6499,0,5427,0,85,33,214467
01-05-2026,P1006,Air Fryer,Home Appliances,6499,0,12083,0,44,41,266459
02-05-2026,P1006,Air Fryer,Home Appliances,6174,5,17902,0,264,47,290178
03-05-2026,P1006,Air Fryer,Home Appliances,6499,0,15071,0,205,59,383441
04-05-2026,P1006,Air Fryer,Home Appliances,4549,30,14745,0,149,56,254744
05-05-2026,P1006,Air Fryer,Home Appliances,6174,5,14164,0,107,42,259308
06-05-2026,P1006,Air Fryer,Home Appliances,6499,0,8298,0,68,39,253461
07-05-2026,P1006,Air Fryer,Home Appliances,5524,15,7541,0,13,55,303820
08-05-2026,P1006,Air Fryer,Home Appliances,6499,0,16508,0,264,30,194970
09-05-2026,P1006,Air Fryer,Home Appliances,5849,10,16512,0,205,59,345091
10-05-2026,P1006,Air Fryer,Home Appliances,6499,0,2560,0,166,39,253461
11-05-2026,P1006,Air Fryer,Home Appliances,6499,0,14824,0,125,41,266459
12-05-2026,P1006,Air Fryer,Home Appliances,6499,0,18463,0,84,41,266459
13-05-2026,P1006,Air Fryer,Home Appliances,6499,0,12703,0,31,53,344447
14-05-2026,P1006,Air Fryer,Home Appliances,6499,0,18500,0,264,39,253461
15-05-2026,P1006,Air Fryer,Home Appliances,4549,30,3839,0,205,59,268391
16-05-2026,P1006,Air Fryer,Home Appliances,5849,10,9953,0,142,63,368487
17-05-2026,P1006,Air Fryer,Home Appliances,6499,0,11226,0,83,59,383441
18-05-2026,P1006,Air Fryer,Home Appliances,5199,20,16415,0,32,51,265149
19-05-2026,P1006,Air Fryer,Home Appliances,6499,0,10604,0,264,38,246962
20-05-2026,P1006,Air Fryer,Home Appliances,5849,10,10553,0,220,44,257356
21-05-2026,P1006,Air Fryer,Home Appliances,6499,0,5600,0,179,41,266459
22-05-2026,P1006,Air Fryer,Home Appliances,6174,5,13699,0,141,38,234612
23-05-2026,P1006,Air Fryer,Home Appliances,6499,0,6734,0,87,54,350946
24-05-2026,P1006,Air Fryer,Home Appliances,6499,0,9561,0,42,45,292455
25-05-2026,P1006,Air Fryer,Home Appliances,6174,5,4325,0,12,30,185220
26-05-2026,P1006,Air Fryer,Home Appliances,6499,0,4317,0,264,34,220966
27-05-2026,P1006,Air Fryer,Home Appliances,5199,20,6970,0,215,49,254751
28-05-2026,P1006,Air Fryer,Home Appliances,5524,15,8284,0,164,51,281724
29-05-2026,P1006,Air Fryer,Home Appliances,6499,0,4135,0,125,39,253461
30-05-2026,P1006,Air Fryer,Home Appliances,6499,0,12302,0,85,40,259960
31-05-2026,P1006,Air Fryer,Home Appliances,6499,0,17812,0,29,56,363944
01-06-2026,P1006,Air Fryer,Home Appliances,6499,0,19772,0,264,44,285956
02-06-2026,P1006,Air Fryer,Home Appliances,6499,0,3889,0,232,32,207968
03-06-2026,P1006,Air Fryer,Home Appliances,5199,20,5438,0,177,55,285945
04-06-2026,P1006,Air Fryer,Home Appliances,5524,15,10258,0,133,44,243056
05-06-2026,P1006,Air Fryer,Home Appliances,6499,0,11585,0,104,29,188471
06-06-2026,P1006,Air Fryer,Home Appliances,5199,20,11089,0,30,74,384726
07-06-2026,P1006,Air Fryer,Home Appliances,5199,20,11989,0,264,67,348333
08-06-2026,P1006,Air Fryer,Home Appliances,6499,0,8043,0,222,42,272958
09-06-2026,P1006,Air Fryer,Home Appliances,6499,0,17814,0,181,41,266459
10-06-2026,P1006,Air Fryer,Home Appliances,6174,5,3136,0,143,38,234612
11-06-2026,P1006,Air Fryer,Home Appliances,6499,0,19636,0,111,32,207968
12-06-2026,P1006,Air Fryer,Home Appliances,6174,5,5510,0,59,52,321048
13-06-2026,P1006,Air Fryer,Home Appliances,6499,0,16229,0,3,56,363944
14-06-2026,P1006,Air Fryer,Home Appliances,5524,15,19317,0,264,66,364584
15-06-2026,P1006,Air Fryer,Home Appliances,6499,0,8373,0,228,36,233964
16-06-2026,P1006,Air Fryer,Home Appliances,6174,5,4980,0,200,28,172872
17-06-2026,P1006,Air Fryer,Home Appliances,6499,0,4470,0,169,31,201469
18-06-2026,P1006,Air Fryer,Home Appliances,6499,0,7271,0,128,41,266459
19-06-2026,P1006,Air Fryer,Home Appliances,6499,0,2391,0,96,32,207968
20-06-2026,P1006,Air Fryer,Home Appliances,6499,0,19161,0,53,43,279457
21-06-2026,P1006,Air Fryer,Home Appliances,5524,15,18652,0,264,65,359060
22-06-2026,P1006,Air Fryer,Home Appliances,6499,0,16544,0,223,41,266459
23-06-2026,P1006,Air Fryer,Home Appliances,6499,0,9987,0,181,42,272958
24-06-2026,P1006,Air Fryer,Home Appliances,6499,0,2623,0,141,40,259960
25-06-2026,P1006,Air Fryer,Home Appliances,5199,20,10569,0,89,52,270348
26-06-2026,P1006,Air Fryer,Home Appliances,6499,0,8084,0,55,34,220966
27-06-2026,P1006,Air Fryer,Home Appliances,6499,0,16610,0,11,44,285956
28-06-2026,P1006,Air Fryer,Home Appliances,5524,15,13994,0,264,72,397728
29-06-2026,P1006,Air Fryer,Home Appliances,6499,0,7784,0,229,35,227465
30-06-2026,P1006,Air Fryer,Home Appliances,6499,0,13644,0,191,38,246962
01-07-2026,P1006,Air Fryer,Home Appliances,5199,20,7319,0,150,41,213159
02-07-2026,P1006,Air Fryer,Home Appliances,6499,0,11406,0,104,46,298954
03-07-2026,P1006,Air Fryer,Home Appliances,5849,10,12794,0,50,54,315846
04-07-2026,P1006,Air Fryer,Home Appliances,6174,5,3308,0,6,44,271656
05-07-2026,P1006,Air Fryer,Home Appliances,6499,0,17782,0,264,47,305453
06-07-2026,P1006,Air Fryer,Home Appliances,6174,5,5698,0,229,35,216090
07-07-2026,P1006,Air Fryer,Home Appliances,4549,30,15586,0,177,52,236548
08-07-2026,P1006,Air Fryer,Home Appliances,5849,10,6952,0,129,48,280752
09-07-2026,P1006,Air Fryer,Home Appliances,5199,20,8464,0,64,65,337935
10-07-2026,P1006,Air Fryer,Home Appliances,5849,10,5513,0,21,43,251507
11-07-2026,P1006,Air Fryer,Home Appliances,6499,0,9870,0,264,53,344447
12-07-2026,P1006,Air Fryer,Home Appliances,6499,0,6663,0,223,41,266459
13-07-2026,P1006,Air Fryer,Home Appliances,6499,0,16602,0,190,33,214467
14-07-2026,P1006,Air Fryer,Home Appliances,6499,0,10296,0,162,28,181972
15-07-2026,P1006,Air Fryer,Home Appliances,5849,10,19990,0,121,41,239809
16-07-2026,P1006,Air Fryer,Home Appliances,6499,0,16131,0,82,39,253461
17-07-2026,P1006,Air Fryer,Home Appliances,6499,0,18872,0,60,22,142978
18-07-2026,P1006,Air Fryer,Home Appliances,6499,0,10784,0,264,60,389940
19-07-2026,P1006,Air Fryer,Home Appliances,5524,15,15261,0,205,59,325916
20-07-2026,P1006,Air Fryer,Home Appliances,4549,30,15752,0,139,66,300234
21-07-2026,P1006,Air Fryer,Home Appliances,5524,15,9013,0,90,49,270676
22-07-2026,P1006,Air Fryer,Home Appliances,6499,0,4980,0,52,38,246962
23-07-2026,P1006,Air Fryer,Home Appliances,6499,0,4282,0,16,36,233964
24-07-2026,P1006,Air Fryer,Home Appliances,6499,0,18011,0,264,38,246962
25-07-2026,P1006,Air Fryer,Home Appliances,6499,0,5219,0,215,49,318451
26-07-2026,P1006,Air Fryer,Home Appliances,4549,30,6718,0,136,79,359371
27-07-2026,P1006,Air Fryer,Home Appliances,5524,15,5294,0,89,47,259628
28-07-2026,P1006,Air Fryer,Home Appliances,5524,15,6241,0,45,44,243056
29-07-2026,P1006,Air Fryer,Home Appliances,6499,0,16020,0,4,41,266459
30-07-2026,P1006,Air Fryer,Home Appliances,5849,10,9622,0,264,45,263205
31-07-2026,P1006,Air Fryer,Home Appliances,6499,0,16708,0,222,42,272958
01-08-2026,P1006,Air Fryer,Home Appliances,6499,0,5475,0,175,47,305453
02-08-2026,P1006,Air Fryer,Home Appliances,4549,30,5501,0,115,60,272940
03-08-2026,P1006,Air Fryer,Home Appliances,6499,0,19446,0,81,34,220966
04-08-2026,P1006,Air Fryer,Home Appliances,6499,0,12043,0,48,33,214467
05-08-2026,P1006,Air Fryer,Home Appliances,6499,0,18720,0,7,41,266459
06-08-2026,P1006,Air Fryer,Home Appliances,6499,0,7456,0,264,31,201469
07-08-2026,P1006,Air Fryer,Home Appliances,6499,0,4383,0,233,31,201469
08-08-2026,P1006,Air Fryer,Home Appliances,6499,0,11630,0,182,51,331449
09-08-2026,P1006,Air Fryer,Home Appliances,5849,10,2279,0,133,49,286601
10-08-2026,P1006,Air Fryer,Home Appliances,6499,0,9344,0,100,33,214467
11-08-2026,P1006,Air Fryer,Home Appliances,5524,15,11043,0,46,54,298296
12-08-2026,P1006,Air Fryer,Home Appliances,6499,0,10103,0,14,32,207968
13-08-2026,P1006,Air Fryer,Home Appliances,5524,15,18327,1,264,77,425348
14-08-2026,P1006,Air Fryer,Home Appliances,5849,10,3954,1,195,69,403581
15-08-2026,P1006,Air Fryer,Home Appliances,5524,15,14670,1,122,73,403252
16-08-2026,P1006,Air Fryer,Home Appliances,6499,0,7397,1,48,74,480926
17-08-2026,P1006,Air Fryer,Home Appliances,6499,0,6688,1,7,41,266459
18-08-2026,P1006,Air Fryer,Home Appliances,5524,15,14879,0,264,58,320392
19-08-2026,P1006,Air Fryer,Home Appliances,6499,0,2473,0,232,32,207968
20-08-2026,P1006,Air Fryer,Home Appliances,6499,0,12884,0,203,29,188471
21-08-2026,P1006,Air Fryer,Home Appliances,6499,0,15029,0,169,34,220966
22-08-2026,P1006,Air Fryer,Home Appliances,6499,0,3760,0,132,37,240463
23-08-2026,P1006,Air Fryer,Home Appliances,6499,0,15325,0,81,51,331449
24-08-2026,P1006,Air Fryer,Home Appliances,6499,0,5337,0,50,31,201469
25-08-2026,P1006,Air Fryer,Home Appliances,5849,10,10072,0,20,30,175470
26-08-2026,P1006,Air Fryer,Home Appliances,5849,10,10514,0,264,41,239809
27-08-2026,P1006,Air Fryer,Home Appliances,5524,15,8628,0,215,49,270676
28-08-2026,P1006,Air Fryer,Home Appliances,6499,0,11371,0,184,31,201469
29-08-2026,P1006,Air Fryer,Home Appliances,6174,5,17974,0,135,49,302526
30-08-2026,P1006,Air Fryer,Home Appliances,6499,0,2922,0,105,30,194970
31-08-2026,P1006,Air Fryer,Home Appliances,6499,0,17679,0,72,33,214467
01-09-2026,P1006,Air Fryer,Home Appliances,5849,10,7424,0,29,43,251507
02-09-2026,P1006,Air Fryer,Home Appliances,6499,0,10600,0,264,30,194970
03-09-2026,P1006,Air Fryer,Home Appliances,6499,0,8293,0,232,32,207968
04-09-2026,P1006,Air Fryer,Home Appliances,6499,0,4945,0,200,32,207968
05-09-2026,P1006,Air Fryer,Home Appliances,5849,10,18298,0,141,59,345091
06-09-2026,P1006,Air Fryer,Home Appliances,6499,0,13712,0,98,43,279457
07-09-2026,P1006,Air Fryer,Home Appliances,6499,0,18603,0,60,38,246962
08-09-2026,P1006,Air Fryer,Home Appliances,5849,10,19377,0,17,43,251507
09-09-2026,P1006,Air Fryer,Home Appliances,5199,20,17175,0,264,63,327537
10-09-2026,P1006,Air Fryer,Home Appliances,5849,10,11996,0,218,46,269054
11-09-2026,P1006,Air Fryer,Home Appliances,5849,10,9712,0,176,42,245658
12-09-2026,P1006,Air Fryer,Home Appliances,5524,15,16012,0,121,55,303820
13-09-2026,P1006,Air Fryer,Home Appliances,6174,5,14389,0,78,43,265482
14-09-2026,P1006,Air Fryer,Home Appliances,5199,20,18866,0,31,47,244353
15-09-2026,P1006,Air Fryer,Home Appliances,6499,0,5009,0,264,35,227465
16-09-2026,P1006,Air Fryer,Home Appliances,6499,0,18938,0,229,35,227465
17-09-2026,P1006,Air Fryer,Home Appliances,6499,0,12407,0,194,35,227465
18-09-2026,P1006,Air Fryer,Home Appliances,6499,0,11895,0,163,31,201469
19-09-2026,P1006,Air Fryer,Home Appliances,4549,30,8102,0,88,75,341175
20-09-2026,P1006,Air Fryer,Home Appliances,6499,0,14170,0,40,48,311952
21-09-2026,P1006,Air Fryer,Home Appliances,6499,0,6297,0,10,30,194970
22-09-2026,P1006,Air Fryer,Home Appliances,6499,0,18404,0,264,29,188471
23-09-2026,P1006,Air Fryer,Home Appliances,6499,0,5676,0,227,37,240463
24-09-2026,P1006,Air Fryer,Home Appliances,6499,0,15924,0,193,34,220966
25-09-2026,P1006,Air Fryer,Home Appliances,6499,0,19913,0,156,37,240463
26-09-2026,P1006,Air Fryer,Home Appliances,5849,10,11052,0,114,42,245658
27-09-2026,P1006,Air Fryer,Home Appliances,6499,0,11047,0,71,43,279457
01-01-2024,P1007,Mixer Grinder,Home Appliances,3599,10,18345,0,270,30,107970
02-01-2024,P1007,Mixer Grinder,Home Appliances,3399,15,7081,0,244,26,88374
03-01-2024,P1007,Mixer Grinder,Home Appliances,3599,10,14376,0,218,26,93574
04-01-2024,P1007,Mixer Grinder,Home Appliances,3999,0,10781,0,199,19,75981
05-01-2024,P1007,Mixer Grinder,Home Appliances,2799,30,15983,0,153,46,128754
06-01-2024,P1007,Mixer Grinder,Home Appliances,3399,15,12149,0,114,39,132561
07-01-2024,P1007,Mixer Grinder,Home Appliances,3799,5,18155,0,75,39,148161
08-01-2024,P1007,Mixer Grinder,Home Appliances,3799,5,16633,0,42,33,125367
09-01-2024,P1007,Mixer Grinder,Home Appliances,3999,0,9143,0,10,32,127968
10-01-2024,P1007,Mixer Grinder,Home Appliances,3399,15,5515,0,300,34,115566
11-01-2024,P1007,Mixer Grinder,Home Appliances,3599,10,16209,0,283,17,61183
12-01-2024,P1007,Mixer Grinder,Home Appliances,3999,0,14574,0,255,28,111972
13-01-2024,P1007,Mixer Grinder,Home Appliances,3599,10,7609,0,222,33,118767
14-01-2024,P1007,Mixer Grinder,Home Appliances,3599,10,2212,0,178,44,158356
15-01-2024,P1007,Mixer Grinder,Home Appliances,3999,0,6271,0,154,24,95976
16-01-2024,P1007,Mixer Grinder,Home Appliances,3999,0,9492,0,132,22,87978
17-01-2024,P1007,Mixer Grinder,Home Appliances,3999,0,16781,0,106,26,103974
18-01-2024,P1007,Mixer Grinder,Home Appliances,3199,20,10028,0,78,28,89572
19-01-2024,P1007,Mixer Grinder,Home Appliances,3999,0,16086,0,45,33,131967
20-01-2024,P1007,Mixer Grinder,Home Appliances,2799,30,6845,0,2,43,120357
21-01-2024,P1007,Mixer Grinder,Home Appliances,3799,5,6185,0,300,30,113970
22-01-2024,P1007,Mixer Grinder,Home Appliances,3999,0,4851,0,278,22,87978
23-01-2024,P1007,Mixer Grinder,Home Appliances,3999,0,15261,0,248,30,119970
24-01-2024,P1007,Mixer Grinder,Home Appliances,3199,20,10975,1,205,43,137557
25-01-2024,P1007,Mixer Grinder,Home Appliances,3999,0,16925,1,163,42,167958
26-01-2024,P1007,Mixer Grinder,Home Appliances,3999,0,18047,1,122,41,163959
27-01-2024,P1007,Mixer Grinder,Home Appliances,3199,20,14973,1,53,69,220731
28-01-2024,P1007,Mixer Grinder,Home Appliances,3799,5,8089,1,300,55,208945
29-01-2024,P1007,Mixer Grinder,Home Appliances,2799,30,2194,0,268,32,89568
30-01-2024,P1007,Mixer Grinder,Home Appliances,3999,0,7736,0,247,21,83979
31-01-2024,P1007,Mixer Grinder,Home Appliances,3999,0,4856,0,223,24,95976
01-02-2024,P1007,Mixer Grinder,Home Appliances,3799,5,19855,0,188,35,132965
02-02-2024,P1007,Mixer Grinder,Home Appliances,3999,0,19783,0,164,24,95976
03-02-2024,P1007,Mixer Grinder,Home Appliances,3999,0,6656,0,138,26,103974
04-02-2024,P1007,Mixer Grinder,Home Appliances,3199,20,19246,0,95,43,137557
05-02-2024,P1007,Mixer Grinder,Home Appliances,3399,15,19464,0,55,40,135960
06-02-2024,P1007,Mixer Grinder,Home Appliances,3799,5,16045,0,32,23,87377
07-02-2024,P1007,Mixer Grinder,Home Appliances,3399,15,14697,0,3,29,98571
08-02-2024,P1007,Mixer Grinder,Home Appliances,3799,5,6763,0,300,26,98774
09-02-2024,P1007,Mixer Grinder,Home Appliances,2799,30,5306,0,252,48,134352
10-02-2024,P1007,Mixer Grinder,Home Appliances,3199,20,19673,0,203,49,156751
11-02-2024,P1007,Mixer Grinder,Home Appliances,3999,0,13756,0,171,32,127968
12-02-2024,P1007,Mixer Grinder,Home Appliances,3999,0,15878,0,151,20,79980
13-02-2024,P1007,Mixer Grinder,Home Appliances,3999,0,11561,0,116,35,139965
14-02-2024,P1007,Mixer Grinder,Home Appliances,3599,10,7462,0,92,24,86376
15-02-2024,P1007,Mixer Grinder,Home Appliances,3999,0,17014,0,52,40,159960
16-02-2024,P1007,Mixer Grinder,Home Appliances,3599,10,9872,0,23,29,104371
17-02-2024,P1007,Mixer Grinder,Home Appliances,3799,5,19785,0,300,37,140563
18-02-2024,P1007,Mixer Grinder,Home Appliances,3999,0,6525,0,265,35,139965
19-02-2024,P1007,Mixer Grinder,Home Appliances,3599,10,18966,0,238,27,97173
20-02-2024,P1007,Mixer Grinder,Home Appliances,3999,0,16705,0,220,18,71982
21-02-2024,P1007,Mixer Grinder,Home Appliances,3599,10,8383,0,188,32,115168
22-02-2024,P1007,Mixer Grinder,Home Appliances,2799,30,15435,0,148,40,111960
23-02-2024,P1007,Mixer Grinder,Home Appliances,3999,0,16172,0,117,31,123969
24-02-2024,P1007,Mixer Grinder,Home Appliances,3399,15,2036,0,66,51,173349
25-02-2024,P1007,Mixer Grinder,Home Appliances,2799,30,2639,0,15,51,142749
26-02-2024,P1007,Mixer Grinder,Home Appliances,3999,0,8476,0,300,29,115971
27-02-2024,P1007,Mixer Grinder,Home Appliances,2799,30,6999,0,258,42,117558
28-02-2024,P1007,Mixer Grinder,Home Appliances,3999,0,15028,0,225,33,131967
29-02-2024,P1007,Mixer Grinder,Home Appliances,3799,5,16714,0,192,33,125367
01-03-2024,P1007,Mixer Grinder,Home Appliances,3999,0,11812,0,161,31,123969
02-03-2024,P1007,Mixer Grinder,Home Appliances,3999,0,16210,0,135,26,103974
03-03-2024,P1007,Mixer Grinder,Home Appliances,3399,15,16565,0,84,51,173349
04-03-2024,P1007,Mixer Grinder,Home Appliances,3999,0,16605,0,58,26,103974
05-03-2024,P1007,Mixer Grinder,Home Appliances,3599,10,3456,0,24,34,122366
06-03-2024,P1007,Mixer Grinder,Home Appliances,3399,15,13040,0,300,31,105369
07-03-2024,P1007,Mixer Grinder,Home Appliances,3799,5,12597,0,272,28,106372
08-03-2024,P1007,Mixer Grinder,Home Appliances,3999,0,7348,0,248,24,95976
09-03-2024,P1007,Mixer Grinder,Home Appliances,3999,0,6155,0,213,35,139965
10-03-2024,P1007,Mixer Grinder,Home Appliances,3999,0,4153,0,181,32,127968
11-03-2024,P1007,Mixer Grinder,Home Appliances,3999,0,15047,0,151,30,119970
12-03-2024,P1007,Mixer Grinder,Home Appliances,3999,0,9858,0,131,20,79980
13-03-2024,P1007,Mixer Grinder,Home Appliances,3799,5,16341,0,96,35,132965
14-03-2024,P1007,Mixer Grinder,Home Appliances,3999,0,19233,0,70,26,103974
15-03-2024,P1007,Mixer Grinder,Home Appliances,3999,0,19955,0,29,41,163959
16-03-2024,P1007,Mixer Grinder,Home Appliances,3999,0,15809,0,300,35,139965
17-03-2024,P1007,Mixer Grinder,Home Appliances,3999,0,9634,0,266,34,135966
18-03-2024,P1007,Mixer Grinder,Home Appliances,3599,10,12065,0,221,45,161955
19-03-2024,P1007,Mixer Grinder,Home Appliances,3999,0,3863,0,198,23,91977
20-03-2024,P1007,Mixer Grinder,Home Appliances,3999,0,13863,0,169,29,115971
21-03-2024,P1007,Mixer Grinder,Home Appliances,3799,5,6571,0,145,24,91176
22-03-2024,P1007,Mixer Grinder,Home Appliances,3799,5,14054,0,128,17,64583
23-03-2024,P1007,Mixer Grinder,Home Appliances,3999,0,3444,1,78,50,199950
24-03-2024,P1007,Mixer Grinder,Home Appliances,3999,0,9071,1,27,51,203949
25-03-2024,P1007,Mixer Grinder,Home Appliances,3599,10,16956,1,300,56,201544
26-03-2024,P1007,Mixer Grinder,Home Appliances,3999,0,19560,1,255,45,179955
27-03-2024,P1007,Mixer Grinder,Home Appliances,3999,0,3447,1,224,31,123969
28-03-2024,P1007,Mixer Grinder,Home Appliances,3999,0,6231,0,182,42,167958
29-03-2024,P1007,Mixer Grinder,Home Appliances,3199,20,17436,0,134,48,153552
30-03-2024,P1007,Mixer Grinder,Home Appliances,3999,0,14411,0,90,44,175956
31-03-2024,P1007,Mixer Grinder,Home Appliances,3999,0,14156,0,58,32,127968
01-04-2024,P1007,Mixer Grinder,Home Appliances,3999,0,11624,0,27,31,123969
02-04-2024,P1007,Mixer Grinder,Home Appliances,3599,10,7932,0,300,34,122366
03-04-2024,P1007,Mixer Grinder,Home Appliances,3999,0,6721,0,274,26,103974
04-04-2024,P1007,Mixer Grinder,Home Appliances,3999,0,16364,0,242,32,127968
05-04-2024,P1007,Mixer Grinder,Home Appliances,3999,0,3270,0,217,25,99975
06-04-2024,P1007,Mixer Grinder,Home Appliances,3199,20,13309,0,155,62,198338
07-04-2024,P1007,Mixer Grinder,Home Appliances,3599,10,17039,0,107,48,172752
08-04-2024,P1007,Mixer Grinder,Home Appliances,3999,0,5143,0,72,35,139965
09-04-2024,P1007,Mixer Grinder,Home Appliances,3199,20,17111,0,16,56,179144
10-04-2024,P1007,Mixer Grinder,Home Appliances,2799,30,9973,0,300,42,117558
11-04-2024,P1007,Mixer Grinder,Home Appliances,3799,5,19776,0,263,37,140563
12-04-2024,P1007,Mixer Grinder,Home Appliances,3999,0,17218,0,238,25,99975
13-04-2024,P1007,Mixer Grinder,Home Appliances,3999,0,2020,0,202,36,143964
14-04-2024,P1007,Mixer Grinder,Home Appliances,3399,15,4100,0,165,37,125763
15-04-2024,P1007,Mixer Grinder,Home Appliances,3999,0,14229,0,131,34,135966
16-04-2024,P1007,Mixer Grinder,Home Appliances,3999,0,5881,0,105,26,103974
17-04-2024,P1007,Mixer Grinder,Home Appliances,3599,10,16965,0,66,39,140361
18-04-2024,P1007,Mixer Grinder,Home Appliances,3999,0,10563,0,23,43,171957
19-04-2024,P1007,Mixer Grinder,Home Appliances,3599,10,2759,0,300,33,118767
20-04-2024,P1007,Mixer Grinder,Home Appliances,3599,10,12659,0,242,58,208742
21-04-2024,P1007,Mixer Grinder,Home Appliances,3799,5,8266,0,201,41,155759
22-04-2024,P1007,Mixer Grinder,Home Appliances,3799,5,9102,0,168,33,125367
23-04-2024,P1007,Mixer Grinder,Home Appliances,3999,0,10306,0,141,27,107973
24-04-2024,P1007,Mixer Grinder,Home Appliances,3399,15,13537,0,98,43,146157
25-04-2024,P1007,Mixer Grinder,Home Appliances,3999,0,6772,0,73,25,99975
26-04-2024,P1007,Mixer Grinder,Home Appliances,3199,20,5383,0,21,52,166348
27-04-2024,P1007,Mixer Grinder,Home Appliances,3999,0,9749,0,300,43,171957
28-04-2024,P1007,Mixer Grinder,Home Appliances,3999,0,18240,0,253,47,187953
29-04-2024,P1007,Mixer Grinder,Home Appliances,3999,0,18530,0,218,35,139965
30-04-2024,P1007,Mixer Grinder,Home Appliances,3999,0,7274,0,193,25,99975
01-05-2024,P1007,Mixer Grinder,Home Appliances,3999,0,10939,0,157,36,143964
02-05-2024,P1007,Mixer Grinder,Home Appliances,3999,0,4089,0,127,30,119970
03-05-2024,P1007,Mixer Grinder,Home Appliances,3599,10,7841,0,77,50,179950
04-05-2024,P1007,Mixer Grinder,Home Appliances,3399,15,13997,0,24,53,180147
05-05-2024,P1007,Mixer Grinder,Home Appliances,3199,20,16912,0,300,67,214333
06-05-2024,P1007,Mixer Grinder,Home Appliances,3999,0,13087,0,261,39,155961
07-05-2024,P1007,Mixer Grinder,Home Appliances,3999,0,19920,0,226,35,139965
08-05-2024,P1007,Mixer Grinder,Home Appliances,3599,10,8525,0,192,34,122366
09-05-2024,P1007,Mixer Grinder,Home Appliances,2799,30,7630,0,143,49,137151
10-05-2024,P1007,Mixer Grinder,Home Appliances,3799,5,9127,0,108,35,132965
11-05-2024,P1007,Mixer Grinder,Home Appliances,2799,30,7697,0,41,67,187533
12-05-2024,P1007,Mixer Grinder,Home Appliances,3999,0,16729,0,300,41,163959
13-05-2024,P1007,Mixer Grinder,Home Appliances,3999,0,2595,0,264,36,143964
14-05-2024,P1007,Mixer Grinder,Home Appliances,3599,10,15553,0,225,39,140361
15-05-2024,P1007,Mixer Grinder,Home Appliances,3399,15,8270,0,177,48,163152
16-05-2024,P1007,Mixer Grinder,Home Appliances,3999,0,4167,0,142,35,139965
17-05-2024,P1007,Mixer Grinder,Home Appliances,3199,20,5649,0,92,50,159950
18-05-2024,P1007,Mixer Grinder,Home Appliances,3999,0,8472,0,54,38,151962
19-05-2024,P1007,Mixer Grinder,Home Appliances,3999,0,13652,0,1,53,211947
20-05-2024,P1007,Mixer Grinder,Home Appliances,3999,0,12663,0,300,38,151962
21-05-2024,P1007,Mixer Grinder,Home Appliances,2799,30,6119,0,249,51,142749
22-05-2024,P1007,Mixer Grinder,Home Appliances,3799,5,12388,0,200,49,186151
23-05-2024,P1007,Mixer Grinder,Home Appliances,3999,0,4326,0,173,27,107973
24-05-2024,P1007,Mixer Grinder,Home Appliances,3999,0,4502,0,135,38,151962
25-05-2024,P1007,Mixer Grinder,Home Appliances,3399,15,15681,0,83,52,176748
26-05-2024,P1007,Mixer Grinder,Home Appliances,3599,10,7602,0,39,44,158356
27-05-2024,P1007,Mixer Grinder,Home Appliances,3799,5,15312,0,4,35,132965
28-05-2024,P1007,Mixer Grinder,Home Appliances,3599,10,7998,0,300,35,125965
29-05-2024,P1007,Mixer Grinder,Home Appliances,3599,10,5484,0,253,47,169153
30-05-2024,P1007,Mixer Grinder,Home Appliances,3399,15,4804,0,207,46,156354
31-05-2024,P1007,Mixer Grinder,Home Appliances,3799,5,19534,0,181,26,98774
01-06-2024,P1007,Mixer Grinder,Home Appliances,3999,0,11353,0,132,49,195951
02-06-2024,P1007,Mixer Grinder,Home Appliances,3599,10,9795,0,67,65,233935
03-06-2024,P1007,Mixer Grinder,Home Appliances,2799,30,12017,0,16,51,142749
04-06-2024,P1007,Mixer Grinder,Home Appliances,3999,0,7558,0,300,32,127968
05-06-2024,P1007,Mixer Grinder,Home Appliances,3599,10,5127,0,254,46,165554
06-06-2024,P1007,Mixer Grinder,Home Appliances,3999,0,4649,0,233,21,83979
07-06-2024,P1007,Mixer Grinder,Home Appliances,3999,0,3734,0,204,29,115971
08-06-2024,P1007,Mixer Grinder,Home Appliances,3799,5,10752,0,153,51,193749
09-06-2024,P1007,Mixer Grinder,Home Appliances,3199,20,5199,0,112,41,131159
10-06-2024,P1007,Mixer Grinder,Home Appliances,3599,10,9285,0,79,33,118767
11-06-2024,P1007,Mixer Grinder,Home Appliances,3599,10,12145,0,43,36,129564
12-06-2024,P1007,Mixer Grinder,Home Appliances,3999,0,14918,0,4,39,155961
13-06-2024,P1007,Mixer Grinder,Home Appliances,3999,0,18220,0,300,36,143964
14-06-2024,P1007,Mixer Grinder,Home Appliances,2799,30,5726,0,246,54,151146
15-06-2024,P1007,Mixer Grinder,Home Appliances,3999,0,7558,0,195,51,203949
16-06-2024,P1007,Mixer Grinder,Home Appliances,3999,0,9397,0,147,48,191952
17-06-2024,P1007,Mixer Grinder,Home Appliances,3999,0,9565,0,115,32,127968
18-06-2024,P1007,Mixer Grinder,Home Appliances,3399,15,7782,0,68,47,159753
19-06-2024,P1007,Mixer Grinder,Home Appliances,3599,10,12354,0,25,43,154757
20-06-2024,P1007,Mixer Grinder,Home Appliances,3999,0,3761,0,300,26,103974
21-06-2024,P1007,Mixer Grinder,Home Appliances,3999,0,6401,0,278,22,87978
22-06-2024,P1007,Mixer Grinder,Home Appliances,2799,30,11204,0,214,64,179136
23-06-2024,P1007,Mixer Grinder,Home Appliances,3999,0,2530,0,174,40,159960
24-06-2024,P1007,Mixer Grinder,Home Appliances,3999,0,5117,0,142,32,127968
25-06-2024,P1007,Mixer Grinder,Home Appliances,3999,0,14368,0,112,30,119970
26-06-2024,P1007,Mixer Grinder,Home Appliances,3999,0,14368,0,77,35,139965
27-06-2024,P1007,Mixer Grinder,Home Appliances,3999,0,19895,0,46,31,123969
28-06-2024,P1007,Mixer Grinder,Home Appliances,3999,0,8767,0,8,38,151962
29-06-2024,P1007,Mixer Grinder,Home Appliances,3999,0,5908,0,300,42,167958
30-06-2024,P1007,Mixer Grinder,Home Appliances,3999,0,2379,0,250,50,199950
01-07-2024,P1007,Mixer Grinder,Home Appliances,3999,0,5428,0,218,32,127968
02-07-2024,P1007,Mixer Grinder,Home Appliances,3599,10,6046,0,186,32,115168
03-07-2024,P1007,Mixer Grinder,Home Appliances,3999,0,13552,0,157,29,115971
04-07-2024,P1007,Mixer Grinder,Home Appliances,3999,0,5546,0,130,27,107973
05-07-2024,P1007,Mixer Grinder,Home Appliances,3999,0,11247,0,91,39,155961
06-07-2024,P1007,Mixer Grinder,Home Appliances,3999,0,9477,0,55,36,143964
07-07-2024,P1007,Mixer Grinder,Home Appliances,3999,0,12529,0,9,46,183954
08-07-2024,P1007,Mixer Grinder,Home Appliances,3999,0,15637,0,300,34,135966
09-07-2024,P1007,Mixer Grinder,Home Appliances,3999,0,10364,0,277,23,91977
10-07-2024,P1007,Mixer Grinder,Home Appliances,3999,0,2102,0,252,25,99975
11-07-2024,P1007,Mixer Grinder,Home Appliances,3999,0,2272,0,222,30,119970
12-07-2024,P1007,Mixer Grinder,Home Appliances,3799,5,7377,0,180,42,159558
13-07-2024,P1007,Mixer Grinder,Home Appliances,3599,10,19449,0,135,45,161955
14-07-2024,P1007,Mixer Grinder,Home Appliances,3799,5,12298,0,91,44,167156
15-07-2024,P1007,Mixer Grinder,Home Appliances,3999,0,19004,0,49,42,167958
16-07-2024,P1007,Mixer Grinder,Home Appliances,3999,0,12188,0,15,34,135966
17-07-2024,P1007,Mixer Grinder,Home Appliances,3599,10,15162,0,300,41,147559
18-07-2024,P1007,Mixer Grinder,Home Appliances,2799,30,16632,0,231,69,193131
19-07-2024,P1007,Mixer Grinder,Home Appliances,3199,20,18830,0,179,52,166348
20-07-2024,P1007,Mixer Grinder,Home Appliances,3999,0,10501,0,133,46,183954
21-07-2024,P1007,Mixer Grinder,Home Appliances,3599,10,15856,0,89,44,158356
22-07-2024,P1007,Mixer Grinder,Home Appliances,3599,10,7766,0,52,37,133163
23-07-2024,P1007,Mixer Grinder,Home Appliances,3399,15,17684,0,7,45,152955
24-07-2024,P1007,Mixer Grinder,Home Appliances,3999,0,15986,0,300,33,131967
25-07-2024,P1007,Mixer Grinder,Home Appliances,3199,20,14886,0,259,41,131159
26-07-2024,P1007,Mixer Grinder,Home Appliances,3799,5,18112,0,214,45,170955
27-07-2024,P1007,Mixer Grinder,Home Appliances,2799,30,10177,0,142,72,201528
28-07-2024,P1007,Mixer Grinder,Home Appliances,3999,0,19892,0,102,40,159960
29-07-2024,P1007,Mixer Grinder,Home Appliances,3399,15,9776,0,61,41,139359
30-07-2024,P1007,Mixer Grinder,Home Appliances,3799,5,14790,0,30,31,117769
31-07-2024,P1007,Mixer Grinder,Home Appliances,3999,0,2898,0,3,27,107973
01-08-2024,P1007,Mixer Grinder,Home Appliances,3999,0,6015,0,300,42,167958
02-08-2024,P1007,Mixer Grinder,Home Appliances,3199,20,17844,0,253,47,150353
03-08-2024,P1007,Mixer Grinder,Home Appliances,3999,0,5431,0,220,33,131967
04-08-2024,P1007,Mixer Grinder,Home Appliances,3999,0,16406,0,182,38,151962
05-08-2024,P1007,Mixer Grinder,Home Appliances,3999,0,6881,0,146,36,143964
06-08-2024,P1007,Mixer Grinder,Home Appliances,3999,0,12394,0,114,32,127968
07-08-2024,P1007,Mixer Grinder,Home Appliances,3999,0,14998,0,86,28,111972
08-08-2024,P1007,Mixer Grinder,Home Appliances,3999,0,3883,0,55,31,123969
09-08-2024,P1007,Mixer Grinder,Home Appliances,3999,0,19975,0,21,34,135966
10-08-2024,P1007,Mixer Grinder,Home Appliances,3999,0,14589,0,300,46,183954
11-08-2024,P1007,Mixer Grinder,Home Appliances,3999,0,5106,0,265,35,139965
12-08-2024,P1007,Mixer Grinder,Home Appliances,3799,5,11485,0,228,37,140563
13-08-2024,P1007,Mixer Grinder,Home Appliances,3999,0,15080,1,194,34,135966
14-08-2024,P1007,Mixer Grinder,Home Appliances,3999,0,13837,1,154,40,159960
15-08-2024,P1007,Mixer Grinder,Home Appliances,3599,10,4630,1,102,52,187148
16-08-2024,P1007,Mixer Grinder,Home Appliances,3999,0,9969,1,65,37,147963
17-08-2024,P1007,Mixer Grinder,Home Appliances,3199,20,14350,1,300,79,252721
18-08-2024,P1007,Mixer Grinder,Home Appliances,3599,10,13114,0,245,55,197945
19-08-2024,P1007,Mixer Grinder,Home Appliances,3999,0,9710,0,213,32,127968
20-08-2024,P1007,Mixer Grinder,Home Appliances,3999,0,14005,0,178,35,139965
21-08-2024,P1007,Mixer Grinder,Home Appliances,3999,0,2912,0,150,28,111972
22-08-2024,P1007,Mixer Grinder,Home Appliances,3999,0,18572,0,113,37,147963
23-08-2024,P1007,Mixer Grinder,Home Appliances,3999,0,5122,0,75,38,151962
24-08-2024,P1007,Mixer Grinder,Home Appliances,3199,20,13115,0,21,54,172746
25-08-2024,P1007,Mixer Grinder,Home Appliances,3999,0,12755,0,300,39,155961
26-08-2024,P1007,Mixer Grinder,Home Appliances,3999,0,8321,0,270,30,119970
27-08-2024,P1007,Mixer Grinder,Home Appliances,3999,0,19237,0,234,36,143964
28-08-2024,P1007,Mixer Grinder,Home Appliances,3599,10,3496,0,197,37,133163
29-08-2024,P1007,Mixer Grinder,Home Appliances,3999,0,13305,0,167,30,119970
30-08-2024,P1007,Mixer Grinder,Home Appliances,3399,15,6790,0,127,40,135960
31-08-2024,P1007,Mixer Grinder,Home Appliances,3999,0,19951,0,87,40,159960
01-09-2024,P1007,Mixer Grinder,Home Appliances,3999,0,12855,0,48,39,155961
02-09-2024,P1007,Mixer Grinder,Home Appliances,3999,0,9270,0,23,25,99975
03-09-2024,P1007,Mixer Grinder,Home Appliances,3799,5,8070,0,300,28,106372
04-09-2024,P1007,Mixer Grinder,Home Appliances,3799,5,12094,0,268,32,121568
05-09-2024,P1007,Mixer Grinder,Home Appliances,3799,5,2235,0,240,28,106372
06-09-2024,P1007,Mixer Grinder,Home Appliances,3399,15,6957,0,206,34,115566
07-09-2024,P1007,Mixer Grinder,Home Appliances,3999,0,16597,0,169,37,147963
08-09-2024,P1007,Mixer Grinder,Home Appliances,3799,5,15109,0,127,42,159558
09-09-2024,P1007,Mixer Grinder,Home Appliances,2799,30,14329,0,86,41,114759
10-09-2024,P1007,Mixer Grinder,Home Appliances,3999,0,5903,0,54,32,127968
11-09-2024,P1007,Mixer Grinder,Home Appliances,3999,0,19815,0,10,44,175956
12-09-2024,P1007,Mixer Grinder,Home Appliances,3999,0,18106,0,300,30,119970
13-09-2024,P1007,Mixer Grinder,Home Appliances,3999,0,15032,0,268,32,127968
14-09-2024,P1007,Mixer Grinder,Home Appliances,3599,10,2435,0,233,35,125965
15-09-2024,P1007,Mixer Grinder,Home Appliances,3999,0,2611,0,202,31,123969
16-09-2024,P1007,Mixer Grinder,Home Appliances,3999,0,4831,0,169,33,131967
17-09-2024,P1007,Mixer Grinder,Home Appliances,3599,10,2971,0,139,30,107970
18-09-2024,P1007,Mixer Grinder,Home Appliances,3599,10,7576,0,111,28,100772
19-09-2024,P1007,Mixer Grinder,Home Appliances,3999,0,16372,0,79,32,127968
20-09-2024,P1007,Mixer Grinder,Home Appliances,3999,0,8671,0,56,23,91977
21-09-2024,P1007,Mixer Grinder,Home Appliances,3999,0,19576,0,17,39,155961
22-09-2024,P1007,Mixer Grinder,Home Appliances,3999,0,17300,0,300,44,175956
23-09-2024,P1007,Mixer Grinder,Home Appliances,3799,5,11326,0,255,45,170955
24-09-2024,P1007,Mixer Grinder,Home Appliances,3999,0,17879,0,222,33,131967
25-09-2024,P1007,Mixer Grinder,Home Appliances,3799,5,8279,0,193,29,110171
26-09-2024,P1007,Mixer Grinder,Home Appliances,3399,15,13980,0,148,45,152955
27-09-2024,P1007,Mixer Grinder,Home Appliances,2799,30,8429,0,106,42,117558
28-09-2024,P1007,Mixer Grinder,Home Appliances,3799,5,18801,0,62,44,167156
29-09-2024,P1007,Mixer Grinder,Home Appliances,3999,0,17460,0,25,37,147963
30-09-2024,P1007,Mixer Grinder,Home Appliances,3999,0,9195,0,300,25,99975
01-10-2024,P1007,Mixer Grinder,Home Appliances,3999,0,4292,0,268,32,127968
02-10-2024,P1007,Mixer Grinder,Home Appliances,3999,0,15961,0,233,35,139965
03-10-2024,P1007,Mixer Grinder,Home Appliances,3199,20,10336,0,198,35,111965
04-10-2024,P1007,Mixer Grinder,Home Appliances,3999,0,19926,0,166,32,127968
05-10-2024,P1007,Mixer Grinder,Home Appliances,3999,0,9004,0,124,42,167958
06-10-2024,P1007,Mixer Grinder,Home Appliances,3399,15,7048,0,78,46,156354
07-10-2024,P1007,Mixer Grinder,Home Appliances,3999,0,11362,0,46,32,127968
08-10-2024,P1007,Mixer Grinder,Home Appliances,3999,0,16534,0,21,25,99975
09-10-2024,P1007,Mixer Grinder,Home Appliances,3199,20,15317,0,300,46,147154
10-10-2024,P1007,Mixer Grinder,Home Appliances,3999,0,4163,0,269,31,123969
11-10-2024,P1007,Mixer Grinder,Home Appliances,2799,30,9469,0,218,51,142749
12-10-2024,P1007,Mixer Grinder,Home Appliances,3399,15,17463,0,173,45,152955
13-10-2024,P1007,Mixer Grinder,Home Appliances,3199,20,15998,0,120,53,169547
14-10-2024,P1007,Mixer Grinder,Home Appliances,3199,20,15449,0,81,39,124761
15-10-2024,P1007,Mixer Grinder,Home Appliances,3999,0,16593,0,46,35,139965
16-10-2024,P1007,Mixer Grinder,Home Appliances,3999,0,6540,0,15,31,123969
17-10-2024,P1007,Mixer Grinder,Home Appliances,3999,0,4509,0,300,29,115971
18-10-2024,P1007,Mixer Grinder,Home Appliances,3999,0,19226,0,269,31,123969
19-10-2024,P1007,Mixer Grinder,Home Appliances,3999,0,7946,0,227,42,167958
20-10-2024,P1007,Mixer Grinder,Home Appliances,3599,10,12573,0,190,37,133163
21-10-2024,P1007,Mixer Grinder,Home Appliances,3999,0,5641,0,164,26,103974
22-10-2024,P1007,Mixer Grinder,Home Appliances,3999,0,4740,0,141,23,91977
23-10-2024,P1007,Mixer Grinder,Home Appliances,3199,20,4971,0,110,31,99169
24-10-2024,P1007,Mixer Grinder,Home Appliances,3999,0,15343,0,91,19,75981
25-10-2024,P1007,Mixer Grinder,Home Appliances,3999,0,15492,0,62,29,115971
26-10-2024,P1007,Mixer Grinder,Home Appliances,3999,0,11258,0,35,27,107973
27-10-2024,P1007,Mixer Grinder,Home Appliances,3999,0,17832,0,300,43,171957
28-10-2024,P1007,Mixer Grinder,Home Appliances,3999,0,14537,0,276,24,95976
29-10-2024,P1007,Mixer Grinder,Home Appliances,3999,0,10677,0,248,28,111972
30-10-2024,P1007,Mixer Grinder,Home Appliances,3599,10,10143,1,195,53,190747
31-10-2024,P1007,Mixer Grinder,Home Appliances,3799,5,6735,1,151,44,167156
01-11-2024,P1007,Mixer Grinder,Home Appliances,3999,0,3121,1,113,38,151962
02-11-2024,P1007,Mixer Grinder,Home Appliances,3999,0,8671,1,48,65,259935
03-11-2024,P1007,Mixer Grinder,Home Appliances,3999,0,7345,1,12,36,143964
04-11-2024,P1007,Mixer Grinder,Home Appliances,3199,20,12889,0,300,47,150353
05-11-2024,P1007,Mixer Grinder,Home Appliances,3999,0,4697,0,277,23,91977
06-11-2024,P1007,Mixer Grinder,Home Appliances,3599,10,16436,0,245,32,115168
07-11-2024,P1007,Mixer Grinder,Home Appliances,3799,5,15255,0,205,40,151960
08-11-2024,P1007,Mixer Grinder,Home Appliances,3999,0,17610,0,176,29,115971
09-11-2024,P1007,Mixer Grinder,Home Appliances,3799,5,10994,0,139,37,140563
10-11-2024,P1007,Mixer Grinder,Home Appliances,3999,0,5243,0,103,36,143964
11-11-2024,P1007,Mixer Grinder,Home Appliances,3799,5,11753,0,78,25,94975
12-11-2024,P1007,Mixer Grinder,Home Appliances,3999,0,17843,0,39,39,155961
13-11-2024,P1007,Mixer Grinder,Home Appliances,3999,0,12816,0,13,26,103974
14-11-2024,P1007,Mixer Grinder,Home Appliances,3999,0,13782,0,300,24,95976
15-11-2024,P1007,Mixer Grinder,Home Appliances,3999,0,8149,0,265,35,139965
16-11-2024,P1007,Mixer Grinder,Home Appliances,3999,0,4796,0,230,35,139965
17-11-2024,P1007,Mixer Grinder,Home Appliances,3999,0,3475,0,205,25,99975
18-11-2024,P1007,Mixer Grinder,Home Appliances,3999,0,8778,0,179,26,103974
19-11-2024,P1007,Mixer Grinder,Home Appliances,3799,5,13003,0,148,31,117769
20-11-2024,P1007,Mixer Grinder,Home Appliances,3799,5,4852,0,117,31,117769
21-11-2024,P1007,Mixer Grinder,Home Appliances,3999,0,17530,0,91,26,103974
22-11-2024,P1007,Mixer Grinder,Home Appliances,3199,20,8569,0,56,35,111965
23-11-2024,P1007,Mixer Grinder,Home Appliances,3999,0,11377,0,16,40,159960
24-11-2024,P1007,Mixer Grinder,Home Appliances,3999,0,15749,0,300,42,167958
25-11-2024,P1007,Mixer Grinder,Home Appliances,3999,0,2778,0,278,22,87978
26-11-2024,P1007,Mixer Grinder,Home Appliances,3599,10,17908,0,244,34,122366
27-11-2024,P1007,Mixer Grinder,Home Appliances,3999,0,6397,0,220,24,95976
28-11-2024,P1007,Mixer Grinder,Home Appliances,3799,5,4925,0,198,22,83578
29-11-2024,P1007,Mixer Grinder,Home Appliances,3599,10,7437,0,173,25,89975
30-11-2024,P1007,Mixer Grinder,Home Appliances,3999,0,8647,0,134,39,155961
01-12-2024,P1007,Mixer Grinder,Home Appliances,3999,0,6184,0,99,35,139965
02-12-2024,P1007,Mixer Grinder,Home Appliances,3999,0,6573,0,75,24,95976
03-12-2024,P1007,Mixer Grinder,Home Appliances,3399,15,15381,0,43,32,108768
04-12-2024,P1007,Mixer Grinder,Home Appliances,3999,0,5646,0,25,18,71982
05-12-2024,P1007,Mixer Grinder,Home Appliances,3999,0,18209,0,300,26,103974
06-12-2024,P1007,Mixer Grinder,Home Appliances,3999,0,3187,0,280,20,79980
07-12-2024,P1007,Mixer Grinder,Home Appliances,3999,0,5348,0,254,26,103974
08-12-2024,P1007,Mixer Grinder,Home Appliances,3199,20,2224,0,207,47,150353
09-12-2024,P1007,Mixer Grinder,Home Appliances,3999,0,14461,0,179,28,111972
10-12-2024,P1007,Mixer Grinder,Home Appliances,3999,0,10523,0,150,29,115971
11-12-2024,P1007,Mixer Grinder,Home Appliances,3399,15,15210,0,113,37,125763
12-12-2024,P1007,Mixer Grinder,Home Appliances,3999,0,18789,0,78,35,139965
13-12-2024,P1007,Mixer Grinder,Home Appliances,3999,0,7308,0,56,22,87978
14-12-2024,P1007,Mixer Grinder,Home Appliances,3799,5,17770,0,13,43,163357
15-12-2024,P1007,Mixer Grinder,Home Appliances,2799,30,17526,0,300,61,170739
16-12-2024,P1007,Mixer Grinder,Home Appliances,3799,5,9343,0,277,23,87377
17-12-2024,P1007,Mixer Grinder,Home Appliances,3799,5,8287,0,238,39,148161
18-12-2024,P1007,Mixer Grinder,Home Appliances,3999,0,3084,0,208,30,119970
19-12-2024,P1007,Mixer Grinder,Home Appliances,3999,0,4606,0,187,21,83979
20-12-2024,P1007,Mixer Grinder,Home Appliances,3999,0,3839,0,162,25,99975
21-12-2024,P1007,Mixer Grinder,Home Appliances,3999,0,4695,0,129,33,131967
22-12-2024,P1007,Mixer Grinder,Home Appliances,3999,0,4815,0,96,33,131967
23-12-2024,P1007,Mixer Grinder,Home Appliances,3199,20,14829,1,46,50,159950
24-12-2024,P1007,Mixer Grinder,Home Appliances,3799,5,10885,1,6,40,151960
25-12-2024,P1007,Mixer Grinder,Home Appliances,3199,20,2692,1,300,51,163149
26-12-2024,P1007,Mixer Grinder,Home Appliances,3999,0,2645,1,271,29,115971
27-12-2024,P1007,Mixer Grinder,Home Appliances,3599,10,4070,1,231,40,143960
28-12-2024,P1007,Mixer Grinder,Home Appliances,3799,5,4822,0,196,35,132965
29-12-2024,P1007,Mixer Grinder,Home Appliances,3999,0,6027,0,166,30,119970
30-12-2024,P1007,Mixer Grinder,Home Appliances,3799,5,19669,0,134,32,121568
31-12-2024,P1007,Mixer Grinder,Home Appliances,3999,0,9169,0,104,30,119970
01-01-2025,P1007,Mixer Grinder,Home Appliances,3399,15,19408,0,71,33,112167
02-01-2025,P1007,Mixer Grinder,Home Appliances,3399,15,11979,0,23,48,163152
03-01-2025,P1007,Mixer Grinder,Home Appliances,3999,0,10488,0,300,27,107973
04-01-2025,P1007,Mixer Grinder,Home Appliances,3599,10,13119,0,260,40,143960
05-01-2025,P1007,Mixer Grinder,Home Appliances,3999,0,10062,0,225,35,139965
06-01-2025,P1007,Mixer Grinder,Home Appliances,3399,15,18710,0,186,39,132561
07-01-2025,P1007,Mixer Grinder,Home Appliances,3199,20,5454,0,155,31,99169
08-01-2025,P1007,Mixer Grinder,Home Appliances,3999,0,7960,0,127,28,111972
09-01-2025,P1007,Mixer Grinder,Home Appliances,3999,0,9041,0,103,24,95976
10-01-2025,P1007,Mixer Grinder,Home Appliances,3999,0,14860,0,78,25,99975
11-01-2025,P1007,Mixer Grinder,Home Appliances,3399,15,10999,0,41,37,125763
12-01-2025,P1007,Mixer Grinder,Home Appliances,3999,0,16708,0,300,42,167958
13-01-2025,P1007,Mixer Grinder,Home Appliances,3999,0,14771,0,270,30,119970
14-01-2025,P1007,Mixer Grinder,Home Appliances,3599,10,8011,0,241,29,104371
15-01-2025,P1007,Mixer Grinder,Home Appliances,3999,0,16480,0,218,23,91977
16-01-2025,P1007,Mixer Grinder,Home Appliances,3799,5,2602,0,189,29,110171
17-01-2025,P1007,Mixer Grinder,Home Appliances,3999,0,11572,0,159,30,119970
18-01-2025,P1007,Mixer Grinder,Home Appliances,2799,30,2886,0,107,52,145548
19-01-2025,P1007,Mixer Grinder,Home Appliances,3999,0,18829,0,70,37,147963
20-01-2025,P1007,Mixer Grinder,Home Appliances,3999,0,7887,0,41,29,115971
21-01-2025,P1007,Mixer Grinder,Home Appliances,3999,0,9519,0,17,24,95976
22-01-2025,P1007,Mixer Grinder,Home Appliances,3999,0,8693,0,300,32,127968
23-01-2025,P1007,Mixer Grinder,Home Appliances,3999,0,2360,0,270,30,119970
24-01-2025,P1007,Mixer Grinder,Home Appliances,3999,0,17592,1,220,50,199950
25-01-2025,P1007,Mixer Grinder,Home Appliances,3999,0,19525,1,163,57,227943
26-01-2025,P1007,Mixer Grinder,Home Appliances,3999,0,5699,1,104,59,235941
27-01-2025,P1007,Mixer Grinder,Home Appliances,3399,15,13110,1,41,63,214137
28-01-2025,P1007,Mixer Grinder,Home Appliances,3399,15,4594,1,300,73,248127
29-01-2025,P1007,Mixer Grinder,Home Appliances,3999,0,4102,0,270,30,119970
30-01-2025,P1007,Mixer Grinder,Home Appliances,3999,0,9531,0,244,26,103974
31-01-2025,P1007,Mixer Grinder,Home Appliances,3999,0,7353,0,213,31,123969
01-02-2025,P1007,Mixer Grinder,Home Appliances,3199,20,8732,0,164,49,156751
02-02-2025,P1007,Mixer Grinder,Home Appliances,3999,0,6595,0,125,39,155961
03-02-2025,P1007,Mixer Grinder,Home Appliances,3999,0,10410,0,86,39,155961
04-02-2025,P1007,Mixer Grinder,Home Appliances,3999,0,6967,0,60,26,103974
05-02-2025,P1007,Mixer Grinder,Home Appliances,3399,15,6669,0,8,52,176748
06-02-2025,P1007,Mixer Grinder,Home Appliances,3999,0,4148,0,300,25,99975
07-02-2025,P1007,Mixer Grinder,Home Appliances,3999,0,14582,0,263,37,147963
08-02-2025,P1007,Mixer Grinder,Home Appliances,3199,20,3090,0,219,44,140756
09-02-2025,P1007,Mixer Grinder,Home Appliances,3999,0,5962,0,176,43,171957
10-02-2025,P1007,Mixer Grinder,Home Appliances,3999,0,6233,0,153,23,91977
11-02-2025,P1007,Mixer Grinder,Home Appliances,3999,0,11788,0,132,21,83979
12-02-2025,P1007,Mixer Grinder,Home Appliances,3999,0,18660,0,97,35,139965
13-02-2025,P1007,Mixer Grinder,Home Appliances,3999,0,15025,0,62,35,139965
14-02-2025,P1007,Mixer Grinder,Home Appliances,3799,5,17608,0,26,36,136764
15-02-2025,P1007,Mixer Grinder,Home Appliances,3999,0,5543,0,300,33,131967
16-02-2025,P1007,Mixer Grinder,Home Appliances,3799,5,11462,0,272,28,106372
17-02-2025,P1007,Mixer Grinder,Home Appliances,3799,5,11832,0,238,34,129166
18-02-2025,P1007,Mixer Grinder,Home Appliances,3999,0,12325,0,196,42,167958
19-02-2025,P1007,Mixer Grinder,Home Appliances,3999,0,3259,0,169,27,107973
20-02-2025,P1007,Mixer Grinder,Home Appliances,3999,0,12628,0,124,45,179955
21-02-2025,P1007,Mixer Grinder,Home Appliances,3999,0,16998,0,94,30,119970
22-02-2025,P1007,Mixer Grinder,Home Appliances,3999,0,15684,0,41,53,211947
23-02-2025,P1007,Mixer Grinder,Home Appliances,3999,0,11727,0,5,36,143964
24-02-2025,P1007,Mixer Grinder,Home Appliances,3799,5,7266,0,300,36,136764
25-02-2025,P1007,Mixer Grinder,Home Appliances,2799,30,18171,0,252,48,134352
26-02-2025,P1007,Mixer Grinder,Home Appliances,3199,20,18034,0,199,53,169547
27-02-2025,P1007,Mixer Grinder,Home Appliances,3999,0,14662,0,163,36,143964
28-02-2025,P1007,Mixer Grinder,Home Appliances,3999,0,15412,0,138,25,99975
01-03-2025,P1007,Mixer Grinder,Home Appliances,3999,0,8117,0,101,37,147963
02-03-2025,P1007,Mixer Grinder,Home Appliances,3999,0,9854,0,61,40,159960
03-03-2025,P1007,Mixer Grinder,Home Appliances,3999,0,8312,0,27,34,135966
04-03-2025,P1007,Mixer Grinder,Home Appliances,3999,0,9234,0,300,27,107973
05-03-2025,P1007,Mixer Grinder,Home Appliances,3199,20,12298,0,252,48,153552
06-03-2025,P1007,Mixer Grinder,Home Appliances,3599,10,15460,0,213,39,140361
07-03-2025,P1007,Mixer Grinder,Home Appliances,3999,0,7993,0,178,35,139965
08-03-2025,P1007,Mixer Grinder,Home Appliances,3999,0,9302,0,135,43,171957
09-03-2025,P1007,Mixer Grinder,Home Appliances,3799,5,15069,0,92,43,163357
10-03-2025,P1007,Mixer Grinder,Home Appliances,3999,0,10338,0,56,36,143964
11-03-2025,P1007,Mixer Grinder,Home Appliances,3199,20,9509,0,6,50,159950
12-03-2025,P1007,Mixer Grinder,Home Appliances,3599,10,12517,1,300,65,233935
13-03-2025,P1007,Mixer Grinder,Home Appliances,3799,5,6696,1,241,59,224141
14-03-2025,P1007,Mixer Grinder,Home Appliances,3399,15,6932,1,173,68,231132
15-03-2025,P1007,Mixer Grinder,Home Appliances,3999,0,12077,1,108,65,259935
16-03-2025,P1007,Mixer Grinder,Home Appliances,3799,5,4680,1,40,68,258332
17-03-2025,P1007,Mixer Grinder,Home Appliances,3399,15,6180,0,5,35,118965
18-03-2025,P1007,Mixer Grinder,Home Appliances,3999,0,4903,0,300,34,135966
19-03-2025,P1007,Mixer Grinder,Home Appliances,3599,10,5772,0,266,34,122366
20-03-2025,P1007,Mixer Grinder,Home Appliances,3799,5,19621,0,235,31,117769
21-03-2025,P1007,Mixer Grinder,Home Appliances,2799,30,3996,0,179,56,156744
22-03-2025,P1007,Mixer Grinder,Home Appliances,3399,15,18353,0,128,51,173349
23-03-2025,P1007,Mixer Grinder,Home Appliances,3999,0,6983,0,85,43,171957
24-03-2025,P1007,Mixer Grinder,Home Appliances,3999,0,6867,0,58,27,107973
25-03-2025,P1007,Mixer Grinder,Home Appliances,3999,0,6700,0,19,39,155961
26-03-2025,P1007,Mixer Grinder,Home Appliances,3199,20,6414,0,300,46,147154
27-03-2025,P1007,Mixer Grinder,Home Appliances,3999,0,13259,0,267,33,131967
28-03-2025,P1007,Mixer Grinder,Home Appliances,3999,0,15999,0,232,35,139965
29-03-2025,P1007,Mixer Grinder,Home Appliances,3999,0,12370,0,191,41,163959
30-03-2025,P1007,Mixer Grinder,Home Appliances,3199,20,3951,0,126,65,207935
31-03-2025,P1007,Mixer Grinder,Home Appliances,3999,0,15927,0,88,38,151962
01-04-2025,P1007,Mixer Grinder,Home Appliances,3999,0,7910,0,57,31,123969
02-04-2025,P1007,Mixer Grinder,Home Appliances,3799,5,16757,0,16,41,155759
03-04-2025,P1007,Mixer Grinder,Home Appliances,3999,0,16299,0,300,26,103974
04-04-2025,P1007,Mixer Grinder,Home Appliances,3799,5,15755,0,271,29,110171
05-04-2025,P1007,Mixer Grinder,Home Appliances,3999,0,15630,0,220,51,203949
06-04-2025,P1007,Mixer Grinder,Home Appliances,3999,0,12069,0,180,40,159960
07-04-2025,P1007,Mixer Grinder,Home Appliances,2799,30,3628,0,125,55,153945
08-04-2025,P1007,Mixer Grinder,Home Appliances,3999,0,11376,0,90,35,139965
09-04-2025,P1007,Mixer Grinder,Home Appliances,2799,30,16493,0,10,80,223920
10-04-2025,P1007,Mixer Grinder,Home Appliances,2799,30,7492,0,300,50,139950
11-04-2025,P1007,Mixer Grinder,Home Appliances,3999,0,11864,0,268,32,127968
12-04-2025,P1007,Mixer Grinder,Home Appliances,3399,15,11279,0,213,55,186945
13-04-2025,P1007,Mixer Grinder,Home Appliances,3399,15,9957,0,158,55,186945
14-04-2025,P1007,Mixer Grinder,Home Appliances,3999,0,4229,0,124,34,135966
15-04-2025,P1007,Mixer Grinder,Home Appliances,3399,15,12034,0,84,40,135960
16-04-2025,P1007,Mixer Grinder,Home Appliances,3599,10,14659,0,46,38,136762
17-04-2025,P1007,Mixer Grinder,Home Appliances,3799,5,10898,0,300,49,186151
18-04-2025,P1007,Mixer Grinder,Home Appliances,3999,0,14003,0,260,40,159960
19-04-2025,P1007,Mixer Grinder,Home Appliances,3999,0,9917,0,212,48,191952
20-04-2025,P1007,Mixer Grinder,Home Appliances,3999,0,17985,0,166,46,183954
21-04-2025,P1007,Mixer Grinder,Home Appliances,3999,0,12617,0,129,37,147963
22-04-2025,P1007,Mixer Grinder,Home Appliances,3199,20,9448,0,85,44,140756
23-04-2025,P1007,Mixer Grinder,Home Appliances,3599,10,10554,0,36,49,176351
24-04-2025,P1007,Mixer Grinder,Home Appliances,3999,0,17557,0,300,40,159960
25-04-2025,P1007,Mixer Grinder,Home Appliances,3799,5,15314,0,261,39,148161
26-04-2025,P1007,Mixer Grinder,Home Appliances,3999,0,9037,0,216,45,179955
27-04-2025,P1007,Mixer Grinder,Home Appliances,3999,0,15355,0,166,50,199950
28-04-2025,P1007,Mixer Grinder,Home Appliances,3999,0,12998,0,128,38,151962
29-04-2025,P1007,Mixer Grinder,Home Appliances,3999,0,17203,0,100,28,111972
30-04-2025,P1007,Mixer Grinder,Home Appliances,3999,0,7523,0,70,30,119970
01-05-2025,P1007,Mixer Grinder,Home Appliances,3399,15,5047,0,12,58,197142
02-05-2025,P1007,Mixer Grinder,Home Appliances,3999,0,2809,0,300,35,139965
03-05-2025,P1007,Mixer Grinder,Home Appliances,3999,0,18549,0,255,45,179955
04-05-2025,P1007,Mixer Grinder,Home Appliances,3999,0,12977,0,212,43,171957
05-05-2025,P1007,Mixer Grinder,Home Appliances,3599,10,17852,0,152,60,215940
06-05-2025,P1007,Mixer Grinder,Home Appliances,3999,0,2873,0,113,39,155961
07-05-2025,P1007,Mixer Grinder,Home Appliances,3399,15,19366,0,69,44,149556
08-05-2025,P1007,Mixer Grinder,Home Appliances,3999,0,9749,0,33,36,143964
09-05-2025,P1007,Mixer Grinder,Home Appliances,3199,20,14268,0,300,46,147154
10-05-2025,P1007,Mixer Grinder,Home Appliances,3599,10,2285,0,238,62,223138
11-05-2025,P1007,Mixer Grinder,Home Appliances,3199,20,15893,0,156,82,262318
12-05-2025,P1007,Mixer Grinder,Home Appliances,3999,0,5115,0,116,40,159960
13-05-2025,P1007,Mixer Grinder,Home Appliances,3999,0,12054,0,83,33,131967
14-05-2025,P1007,Mixer Grinder,Home Appliances,3999,0,9375,0,46,37,147963
15-05-2025,P1007,Mixer Grinder,Home Appliances,3999,0,18359,0,300,59,235941
16-05-2025,P1007,Mixer Grinder,Home Appliances,3999,0,7386,0,256,44,175956
17-05-2025,P1007,Mixer Grinder,Home Appliances,3999,0,5870,0,207,49,195951
18-05-2025,P1007,Mixer Grinder,Home Appliances,3999,0,17689,0,153,54,215946
19-05-2025,P1007,Mixer Grinder,Home Appliances,3999,0,3843,0,120,33,131967
20-05-2025,P1007,Mixer Grinder,Home Appliances,3999,0,4284,0,90,30,119970
21-05-2025,P1007,Mixer Grinder,Home Appliances,3999,0,13566,0,56,34,135966
22-05-2025,P1007,Mixer Grinder,Home Appliances,3399,15,9438,0,14,42,142758
23-05-2025,P1007,Mixer Grinder,Home Appliances,3999,0,4669,0,300,38,151962
24-05-2025,P1007,Mixer Grinder,Home Appliances,3599,10,7261,0,251,49,176351
25-05-2025,P1007,Mixer Grinder,Home Appliances,3599,10,9440,0,196,55,197945
26-05-2025,P1007,Mixer Grinder,Home Appliances,3999,0,19303,0,164,32,127968
27-05-2025,P1007,Mixer Grinder,Home Appliances,3999,0,7856,0,122,42,167958
28-05-2025,P1007,Mixer Grinder,Home Appliances,3999,0,10132,0,95,27,107973
29-05-2025,P1007,Mixer Grinder,Home Appliances,3599,10,6648,0,52,43,154757
30-05-2025,P1007,Mixer Grinder,Home Appliances,3399,15,4187,0,4,48,163152
31-05-2025,P1007,Mixer Grinder,Home Appliances,3999,0,5973,0,300,50,199950
01-06-2025,P1007,Mixer Grinder,Home Appliances,3199,20,9698,0,224,76,243124
02-06-2025,P1007,Mixer Grinder,Home Appliances,3999,0,15086,0,186,38,151962
03-06-2025,P1007,Mixer Grinder,Home Appliances,3399,15,13719,0,127,59,200541
04-06-2025,P1007,Mixer Grinder,Home Appliances,3799,5,12821,0,82,45,170955
05-06-2025,P1007,Mixer Grinder,Home Appliances,3599,10,17192,0,39,43,154757
06-06-2025,P1007,Mixer Grinder,Home Appliances,3999,0,4851,0,300,39,155961
07-06-2025,P1007,Mixer Grinder,Home Appliances,3999,0,18379,0,238,62,247938
08-06-2025,P1007,Mixer Grinder,Home Appliances,3999,0,6867,0,192,46,183954
09-06-2025,P1007,Mixer Grinder,Home Appliances,3999,0,15654,0,153,39,155961
10-06-2025,P1007,Mixer Grinder,Home Appliances,3799,5,10058,0,115,38,144362
11-06-2025,P1007,Mixer Grinder,Home Appliances,3999,0,11054,0,79,36,143964
12-06-2025,P1007,Mixer Grinder,Home Appliances,3399,15,16549,0,27,52,176748
13-06-2025,P1007,Mixer Grinder,Home Appliances,3999,0,5040,0,300,37,147963
14-06-2025,P1007,Mixer Grinder,Home Appliances,3999,0,19472,0,251,49,195951
15-06-2025,P1007,Mixer Grinder,Home Appliances,3999,0,17910,0,214,37,147963
16-06-2025,P1007,Mixer Grinder,Home Appliances,3999,0,6498,0,184,30,119970
17-06-2025,P1007,Mixer Grinder,Home Appliances,3999,0,4790,0,146,38,151962
18-06-2025,P1007,Mixer Grinder,Home Appliances,3999,0,14237,0,108,38,151962
19-06-2025,P1007,Mixer Grinder,Home Appliances,2799,30,18958,0,27,81,226719
20-06-2025,P1007,Mixer Grinder,Home Appliances,3799,5,18703,0,300,45,170955
21-06-2025,P1007,Mixer Grinder,Home Appliances,2799,30,17157,0,238,62,173538
22-06-2025,P1007,Mixer Grinder,Home Appliances,3199,20,7419,0,168,70,223930
23-06-2025,P1007,Mixer Grinder,Home Appliances,3999,0,15452,0,144,24,95976
24-06-2025,P1007,Mixer Grinder,Home Appliances,3999,0,18834,0,105,39,155961
25-06-2025,P1007,Mixer Grinder,Home Appliances,3399,15,10114,0,57,48,163152
26-06-2025,P1007,Mixer Grinder,Home Appliances,3999,0,8424,0,16,41,163959
27-06-2025,P1007,Mixer Grinder,Home Appliances,3999,0,11495,0,300,37,147963
28-06-2025,P1007,Mixer Grinder,Home Appliances,3199,20,13112,0,209,91,291109
29-06-2025,P1007,Mixer Grinder,Home Appliances,3999,0,2857,0,157,52,207948
30-06-2025,P1007,Mixer Grinder,Home Appliances,3399,15,10257,0,106,51,173349
01-07-2025,P1007,Mixer Grinder,Home Appliances,3399,15,13592,0,58,48,163152
02-07-2025,P1007,Mixer Grinder,Home Appliances,3999,0,17093,0,22,36,143964
03-07-2025,P1007,Mixer Grinder,Home Appliances,3999,0,3821,0,300,38,151962
04-07-2025,P1007,Mixer Grinder,Home Appliances,3799,5,11718,0,274,26,98774
05-07-2025,P1007,Mixer Grinder,Home Appliances,3599,10,10417,0,218,56,201544
06-07-2025,P1007,Mixer Grinder,Home Appliances,3999,0,14050,0,159,59,235941
07-07-2025,P1007,Mixer Grinder,Home Appliances,3999,0,10465,0,118,41,163959
08-07-2025,P1007,Mixer Grinder,Home Appliances,3999,0,14851,0,84,34,135966
09-07-2025,P1007,Mixer Grinder,Home Appliances,3999,0,2837,0,53,31,123969
10-07-2025,P1007,Mixer Grinder,Home Appliances,3999,0,4656,0,11,42,167958
11-07-2025,P1007,Mixer Grinder,Home Appliances,3999,0,8748,0,300,36,143964
12-07-2025,P1007,Mixer Grinder,Home Appliances,3999,0,8061,0,254,46,183954
13-07-2025,P1007,Mixer Grinder,Home Appliances,3999,0,3331,0,206,48,191952
14-07-2025,P1007,Mixer Grinder,Home Appliances,3199,20,11747,0,166,40,127960
15-07-2025,P1007,Mixer Grinder,Home Appliances,3999,0,13991,0,129,37,147963
16-07-2025,P1007,Mixer Grinder,Home Appliances,3999,0,9067,0,90,39,155961
17-07-2025,P1007,Mixer Grinder,Home Appliances,3999,0,8772,0,50,40,159960
18-07-2025,P1007,Mixer Grinder,Home Appliances,3999,0,6066,0,22,28,111972
19-07-2025,P1007,Mixer Grinder,Home Appliances,3399,15,10931,0,300,55,186945
20-07-2025,P1007,Mixer Grinder,Home Appliances,3799,5,16575,0,242,58,220342
21-07-2025,P1007,Mixer Grinder,Home Appliances,3999,0,13904,0,195,47,187953
22-07-2025,P1007,Mixer Grinder,Home Appliances,3599,10,18923,0,144,51,183549
23-07-2025,P1007,Mixer Grinder,Home Appliances,3999,0,14239,0,98,46,183954
24-07-2025,P1007,Mixer Grinder,Home Appliances,3999,0,6204,0,64,34,135966
25-07-2025,P1007,Mixer Grinder,Home Appliances,3999,0,11329,0,25,39,155961
26-07-2025,P1007,Mixer Grinder,Home Appliances,3799,5,3926,0,300,47,178553
27-07-2025,P1007,Mixer Grinder,Home Appliances,3999,0,13701,0,262,38,151962
28-07-2025,P1007,Mixer Grinder,Home Appliances,3999,0,17472,0,222,40,159960
29-07-2025,P1007,Mixer Grinder,Home Appliances,3599,10,16674,0,179,43,154757
30-07-2025,P1007,Mixer Grinder,Home Appliances,3199,20,17923,0,122,57,182343
31-07-2025,P1007,Mixer Grinder,Home Appliances,3599,10,3982,0,75,47,169153
01-08-2025,P1007,Mixer Grinder,Home Appliances,3999,0,8982,0,46,29,115971
02-08-2025,P1007,Mixer Grinder,Home Appliances,3799,5,16997,0,300,56,212744
03-08-2025,P1007,Mixer Grinder,Home Appliances,3999,0,9806,0,245,55,219945
04-08-2025,P1007,Mixer Grinder,Home Appliances,3999,0,8436,0,212,33,131967
05-08-2025,P1007,Mixer Grinder,Home Appliances,3599,10,10191,0,167,45,161955
06-08-2025,P1007,Mixer Grinder,Home Appliances,3399,15,5217,0,131,36,122364
07-08-2025,P1007,Mixer Grinder,Home Appliances,2799,30,14596,0,69,62,173538
08-08-2025,P1007,Mixer Grinder,Home Appliances,3999,0,19218,0,32,37,147963
09-08-2025,P1007,Mixer Grinder,Home Appliances,3399,15,13835,0,300,54,183546
10-08-2025,P1007,Mixer Grinder,Home Appliances,3999,0,19448,0,244,56,223944
11-08-2025,P1007,Mixer Grinder,Home Appliances,3199,20,4766,0,214,30,95970
12-08-2025,P1007,Mixer Grinder,Home Appliances,3199,20,4888,0,180,34,108766
13-08-2025,P1007,Mixer Grinder,Home Appliances,3999,0,10935,1,132,48,191952
14-08-2025,P1007,Mixer Grinder,Home Appliances,2799,30,7235,1,32,100,279900
15-08-2025,P1007,Mixer Grinder,Home Appliances,3199,20,3074,1,300,79,252721
16-08-2025,P1007,Mixer Grinder,Home Appliances,3999,0,15565,1,237,63,251937
17-08-2025,P1007,Mixer Grinder,Home Appliances,3799,5,10861,1,174,63,239337
18-08-2025,P1007,Mixer Grinder,Home Appliances,3799,5,3252,0,127,47,178553
19-08-2025,P1007,Mixer Grinder,Home Appliances,3999,0,4765,0,89,38,151962
20-08-2025,P1007,Mixer Grinder,Home Appliances,3999,0,9025,0,38,51,203949
21-08-2025,P1007,Mixer Grinder,Home Appliances,3599,10,4591,0,300,42,151158
22-08-2025,P1007,Mixer Grinder,Home Appliances,3199,20,14898,0,259,41,131159
23-08-2025,P1007,Mixer Grinder,Home Appliances,3999,0,6337,0,209,50,199950
24-08-2025,P1007,Mixer Grinder,Home Appliances,3199,20,18009,0,140,69,220731
25-08-2025,P1007,Mixer Grinder,Home Appliances,3399,15,18197,0,98,42,142758
26-08-2025,P1007,Mixer Grinder,Home Appliances,3199,20,5687,0,54,44,140756
27-08-2025,P1007,Mixer Grinder,Home Appliances,3999,0,18002,0,9,45,179955
28-08-2025,P1007,Mixer Grinder,Home Appliances,3999,0,11612,0,300,34,135966
29-08-2025,P1007,Mixer Grinder,Home Appliances,3799,5,6951,0,266,34,129166
30-08-2025,P1007,Mixer Grinder,Home Appliances,3999,0,9993,0,219,47,187953
31-08-2025,P1007,Mixer Grinder,Home Appliances,3799,5,13556,0,172,47,178553
01-09-2025,P1007,Mixer Grinder,Home Appliances,3999,0,11146,0,125,47,187953
02-09-2025,P1007,Mixer Grinder,Home Appliances,3999,0,7425,0,92,33,131967
03-09-2025,P1007,Mixer Grinder,Home Appliances,3999,0,18831,0,57,35,139965
04-09-2025,P1007,Mixer Grinder,Home Appliances,3599,10,11211,0,27,30,107970
05-09-2025,P1007,Mixer Grinder,Home Appliances,3999,0,18126,0,300,37,147963
06-09-2025,P1007,Mixer Grinder,Home Appliances,3999,0,4012,0,251,49,195951
07-09-2025,P1007,Mixer Grinder,Home Appliances,3999,0,11209,0,202,49,195951
08-09-2025,P1007,Mixer Grinder,Home Appliances,3999,0,15373,0,165,37,147963
09-09-2025,P1007,Mixer Grinder,Home Appliances,3999,0,2111,0,138,27,107973
10-09-2025,P1007,Mixer Grinder,Home Appliances,3999,0,2857,0,104,34,135966
11-09-2025,P1007,Mixer Grinder,Home Appliances,3399,15,17759,0,58,46,156354
12-09-2025,P1007,Mixer Grinder,Home Appliances,3999,0,16268,0,21,37,147963
13-09-2025,P1007,Mixer Grinder,Home Appliances,3599,10,4713,0,300,61,219539
14-09-2025,P1007,Mixer Grinder,Home Appliances,3799,5,13255,0,264,36,136764
15-09-2025,P1007,Mixer Grinder,Home Appliances,3999,0,8861,0,240,24,95976
16-09-2025,P1007,Mixer Grinder,Home Appliances,3399,15,4416,0,203,37,125763
17-09-2025,P1007,Mixer Grinder,Home Appliances,3399,15,14792,0,157,46,156354
18-09-2025,P1007,Mixer Grinder,Home Appliances,3799,5,2861,0,131,26,98774
19-09-2025,P1007,Mixer Grinder,Home Appliances,3999,0,17172,0,98,33,131967
20-09-2025,P1007,Mixer Grinder,Home Appliances,3999,0,17670,0,48,50,199950
21-09-2025,P1007,Mixer Grinder,Home Appliances,3599,10,8307,0,300,54,194346
22-09-2025,P1007,Mixer Grinder,Home Appliances,3999,0,10662,0,265,35,139965
23-09-2025,P1007,Mixer Grinder,Home Appliances,3999,0,13859,0,238,27,107973
24-09-2025,P1007,Mixer Grinder,Home Appliances,3199,20,2851,0,207,31,99169
25-09-2025,P1007,Mixer Grinder,Home Appliances,3199,20,13667,0,161,46,147154
26-09-2025,P1007,Mixer Grinder,Home Appliances,3999,0,19851,0,131,30,119970
27-09-2025,P1007,Mixer Grinder,Home Appliances,3999,0,6183,0,93,38,151962
28-09-2025,P1007,Mixer Grinder,Home Appliances,3999,0,8471,0,56,37,147963
29-09-2025,P1007,Mixer Grinder,Home Appliances,3999,0,14889,0,17,39,155961
30-09-2025,P1007,Mixer Grinder,Home Appliances,3999,0,11038,0,300,32,127968
01-10-2025,P1007,Mixer Grinder,Home Appliances,3199,20,3645,0,235,65,207935
02-10-2025,P1007,Mixer Grinder,Home Appliances,3599,10,7176,0,196,39,140361
03-10-2025,P1007,Mixer Grinder,Home Appliances,3999,0,19419,0,159,37,147963
04-10-2025,P1007,Mixer Grinder,Home Appliances,3999,0,4835,0,115,44,175956
05-10-2025,P1007,Mixer Grinder,Home Appliances,3999,0,6284,0,73,42,167958
06-10-2025,P1007,Mixer Grinder,Home Appliances,3399,15,5856,0,39,34,115566
07-10-2025,P1007,Mixer Grinder,Home Appliances,2799,30,9814,0,300,58,162342
08-10-2025,P1007,Mixer Grinder,Home Appliances,3999,0,5218,0,272,28,111972
09-10-2025,P1007,Mixer Grinder,Home Appliances,3999,0,15262,0,238,34,135966
10-10-2025,P1007,Mixer Grinder,Home Appliances,3999,0,9903,0,210,28,111972
11-10-2025,P1007,Mixer Grinder,Home Appliances,3999,0,6922,0,169,41,163959
12-10-2025,P1007,Mixer Grinder,Home Appliances,3999,0,7193,0,135,34,135966
13-10-2025,P1007,Mixer Grinder,Home Appliances,3999,0,5028,0,103,32,127968
14-10-2025,P1007,Mixer Grinder,Home Appliances,3999,0,6359,0,65,38,151962
15-10-2025,P1007,Mixer Grinder,Home Appliances,3599,10,18004,0,22,43,154757
16-10-2025,P1007,Mixer Grinder,Home Appliances,3999,0,18887,0,300,37,147963
17-10-2025,P1007,Mixer Grinder,Home Appliances,3999,0,3703,0,271,29,115971
18-10-2025,P1007,Mixer Grinder,Home Appliances,3799,5,10214,1,206,65,246935
19-10-2025,P1007,Mixer Grinder,Home Appliances,3999,0,7751,1,150,56,223944
20-10-2025,P1007,Mixer Grinder,Home Appliances,3199,20,8334,1,84,66,211134
21-10-2025,P1007,Mixer Grinder,Home Appliances,3599,10,7910,1,32,52,187148
22-10-2025,P1007,Mixer Grinder,Home Appliances,3999,0,6536,1,300,45,179955
23-10-2025,P1007,Mixer Grinder,Home Appliances,3999,0,19847,0,258,42,167958
24-10-2025,P1007,Mixer Grinder,Home Appliances,3999,0,2791,0,224,34,135966
25-10-2025,P1007,Mixer Grinder,Home Appliances,3999,0,13525,0,182,42,167958
26-10-2025,P1007,Mixer Grinder,Home Appliances,3799,5,12790,0,144,38,144362
27-10-2025,P1007,Mixer Grinder,Home Appliances,3999,0,9095,0,114,30,119970
28-10-2025,P1007,Mixer Grinder,Home Appliances,3199,20,2309,0,60,54,172746
29-10-2025,P1007,Mixer Grinder,Home Appliances,3999,0,10981,0,21,39,155961
30-10-2025,P1007,Mixer Grinder,Home Appliances,3999,0,19919,0,300,32,127968
31-10-2025,P1007,Mixer Grinder,Home Appliances,2799,30,8610,0,257,43,120357
01-11-2025,P1007,Mixer Grinder,Home Appliances,3799,5,4928,0,224,33,125367
02-11-2025,P1007,Mixer Grinder,Home Appliances,3999,0,17195,0,183,41,163959
03-11-2025,P1007,Mixer Grinder,Home Appliances,2799,30,15320,0,129,54,151146
04-11-2025,P1007,Mixer Grinder,Home Appliances,3999,0,6824,0,100,29,115971
05-11-2025,P1007,Mixer Grinder,Home Appliances,3999,0,4894,0,66,34,135966
06-11-2025,P1007,Mixer Grinder,Home Appliances,3999,0,9293,0,34,32,127968
07-11-2025,P1007,Mixer Grinder,Home Appliances,3399,15,6321,0,300,55,186945
08-11-2025,P1007,Mixer Grinder,Home Appliances,3999,0,16919,0,261,39,155961
09-11-2025,P1007,Mixer Grinder,Home Appliances,3999,0,2835,0,232,29,115971
10-11-2025,P1007,Mixer Grinder,Home Appliances,3999,0,19867,0,192,40,159960
11-11-2025,P1007,Mixer Grinder,Home Appliances,3999,0,18506,0,161,31,123969
12-11-2025,P1007,Mixer Grinder,Home Appliances,3999,0,3900,0,130,31,123969
13-11-2025,P1007,Mixer Grinder,Home Appliances,3999,0,8414,0,107,23,91977
14-11-2025,P1007,Mixer Grinder,Home Appliances,3599,10,13846,0,68,39,140361
15-11-2025,P1007,Mixer Grinder,Home Appliances,3999,0,13480,0,31,37,147963
16-11-2025,P1007,Mixer Grinder,Home Appliances,3799,5,8813,0,300,34,129166
17-11-2025,P1007,Mixer Grinder,Home Appliances,3999,0,15202,0,269,31,123969
18-11-2025,P1007,Mixer Grinder,Home Appliances,3999,0,19017,0,236,33,131967
19-11-2025,P1007,Mixer Grinder,Home Appliances,3199,20,7765,0,194,42,134358
20-11-2025,P1007,Mixer Grinder,Home Appliances,3399,15,9561,0,141,53,180147
21-11-2025,P1007,Mixer Grinder,Home Appliances,3399,15,3500,0,105,36,122364
22-11-2025,P1007,Mixer Grinder,Home Appliances,3199,20,6229,0,50,55,175945
23-11-2025,P1007,Mixer Grinder,Home Appliances,3999,0,7757,0,8,42,167958
24-11-2025,P1007,Mixer Grinder,Home Appliances,3399,15,16194,0,300,44,149556
25-11-2025,P1007,Mixer Grinder,Home Appliances,3999,0,11237,0,263,37,147963
26-11-2025,P1007,Mixer Grinder,Home Appliances,3999,0,12809,0,226,37,147963
27-11-2025,P1007,Mixer Grinder,Home Appliances,3399,15,8075,0,189,37,125763
28-11-2025,P1007,Mixer Grinder,Home Appliances,3999,0,12790,0,148,41,163959
29-11-2025,P1007,Mixer Grinder,Home Appliances,3999,0,19244,0,99,49,195951
30-11-2025,P1007,Mixer Grinder,Home Appliances,3999,0,10644,0,68,31,123969
01-12-2025,P1007,Mixer Grinder,Home Appliances,3399,15,19798,0,32,36,122364
02-12-2025,P1007,Mixer Grinder,Home Appliances,3199,20,17779,0,300,53,169547
03-12-2025,P1007,Mixer Grinder,Home Appliances,3999,0,7074,0,270,30,119970
04-12-2025,P1007,Mixer Grinder,Home Appliances,3399,15,10359,0,235,35,118965
05-12-2025,P1007,Mixer Grinder,Home Appliances,3399,15,19113,0,200,35,118965
06-12-2025,P1007,Mixer Grinder,Home Appliances,3999,0,7139,0,171,29,115971
07-12-2025,P1007,Mixer Grinder,Home Appliances,3999,0,14022,0,136,35,139965
08-12-2025,P1007,Mixer Grinder,Home Appliances,3599,10,4903,0,106,30,107970
09-12-2025,P1007,Mixer Grinder,Home Appliances,3999,0,10736,0,70,36,143964
10-12-2025,P1007,Mixer Grinder,Home Appliances,3999,0,5306,0,35,35,139965
11-12-2025,P1007,Mixer Grinder,Home Appliances,3999,0,2064,0,10,25,99975
12-12-2025,P1007,Mixer Grinder,Home Appliances,3599,10,3788,0,300,33,118767
13-12-2025,P1007,Mixer Grinder,Home Appliances,3999,0,8834,0,260,40,159960
14-12-2025,P1007,Mixer Grinder,Home Appliances,3999,0,9807,0,224,36,143964
15-12-2025,P1007,Mixer Grinder,Home Appliances,3999,0,6615,0,198,26,103974
16-12-2025,P1007,Mixer Grinder,Home Appliances,3999,0,12539,0,165,33,131967
17-12-2025,P1007,Mixer Grinder,Home Appliances,3999,0,15688,0,133,32,127968
18-12-2025,P1007,Mixer Grinder,Home Appliances,2799,30,6146,0,74,59,165141
19-12-2025,P1007,Mixer Grinder,Home Appliances,3599,10,10502,0,40,34,122366
20-12-2025,P1007,Mixer Grinder,Home Appliances,3999,0,11730,0,13,27,107973
21-12-2025,P1007,Mixer Grinder,Home Appliances,3599,10,15585,0,300,58,208742
22-12-2025,P1007,Mixer Grinder,Home Appliances,3799,5,19012,0,263,37,140563
23-12-2025,P1007,Mixer Grinder,Home Appliances,3399,15,15746,1,194,69,234531
24-12-2025,P1007,Mixer Grinder,Home Appliances,3999,0,13676,1,142,52,207948
25-12-2025,P1007,Mixer Grinder,Home Appliances,3999,0,6471,1,98,44,175956
26-12-2025,P1007,Mixer Grinder,Home Appliances,3999,0,4648,1,62,36,143964
27-12-2025,P1007,Mixer Grinder,Home Appliances,3999,0,16047,1,14,48,191952
28-12-2025,P1007,Mixer Grinder,Home Appliances,3999,0,6416,0,300,44,175956
29-12-2025,P1007,Mixer Grinder,Home Appliances,3999,0,12223,0,266,34,135966
30-12-2025,P1007,Mixer Grinder,Home Appliances,3199,20,8371,0,225,41,131159
31-12-2025,P1007,Mixer Grinder,Home Appliances,3799,5,19392,0,182,43,163357
01-01-2026,P1007,Mixer Grinder,Home Appliances,3799,5,9309,0,156,26,98774
02-01-2026,P1007,Mixer Grinder,Home Appliances,3999,0,14205,0,134,22,87978
03-01-2026,P1007,Mixer Grinder,Home Appliances,3999,0,11493,0,103,31,123969
04-01-2026,P1007,Mixer Grinder,Home Appliances,3799,5,7648,0,58,45,170955
05-01-2026,P1007,Mixer Grinder,Home Appliances,3999,0,18331,0,13,45,179955
06-01-2026,P1007,Mixer Grinder,Home Appliances,3999,0,10173,0,300,34,135966
07-01-2026,P1007,Mixer Grinder,Home Appliances,3799,5,18927,0,265,35,132965
08-01-2026,P1007,Mixer Grinder,Home Appliances,2799,30,4306,0,201,64,179136
09-01-2026,P1007,Mixer Grinder,Home Appliances,3999,0,17087,0,171,30,119970
10-01-2026,P1007,Mixer Grinder,Home Appliances,3999,0,4333,0,145,26,103974
11-01-2026,P1007,Mixer Grinder,Home Appliances,3999,0,3553,0,105,40,159960
12-01-2026,P1007,Mixer Grinder,Home Appliances,3999,0,15612,0,80,25,99975
13-01-2026,P1007,Mixer Grinder,Home Appliances,3399,15,3590,0,45,35,118965
14-01-2026,P1007,Mixer Grinder,Home Appliances,3999,0,10655,0,7,38,151962
15-01-2026,P1007,Mixer Grinder,Home Appliances,3999,0,2328,0,300,33,131967
16-01-2026,P1007,Mixer Grinder,Home Appliances,3399,15,3594,0,255,45,152955
17-01-2026,P1007,Mixer Grinder,Home Appliances,3999,0,9501,0,217,38,151962
18-01-2026,P1007,Mixer Grinder,Home Appliances,3999,0,14555,0,171,46,183954
19-01-2026,P1007,Mixer Grinder,Home Appliances,3999,0,12504,0,139,32,127968
20-01-2026,P1007,Mixer Grinder,Home Appliances,3999,0,14108,0,108,31,123969
21-01-2026,P1007,Mixer Grinder,Home Appliances,3999,0,8530,0,81,27,107973
22-01-2026,P1007,Mixer Grinder,Home Appliances,3799,5,7164,0,42,39,148161
23-01-2026,P1007,Mixer Grinder,Home Appliances,3999,0,16595,0,15,27,107973
24-01-2026,P1007,Mixer Grinder,Home Appliances,3399,15,16425,1,300,88,299112
25-01-2026,P1007,Mixer Grinder,Home Appliances,3999,0,17357,1,229,71,283929
26-01-2026,P1007,Mixer Grinder,Home Appliances,3999,0,18933,1,182,47,187953
27-01-2026,P1007,Mixer Grinder,Home Appliances,3399,15,9311,1,115,67,227733
28-01-2026,P1007,Mixer Grinder,Home Appliances,3399,15,4810,1,66,49,166551
29-01-2026,P1007,Mixer Grinder,Home Appliances,3399,15,18615,0,22,44,149556
30-01-2026,P1007,Mixer Grinder,Home Appliances,3999,0,7739,0,300,26,103974
31-01-2026,P1007,Mixer Grinder,Home Appliances,3999,0,17460,0,262,38,151962
01-02-2026,P1007,Mixer Grinder,Home Appliances,3399,15,10347,0,203,59,200541
02-02-2026,P1007,Mixer Grinder,Home Appliances,3999,0,14773,0,166,37,147963
03-02-2026,P1007,Mixer Grinder,Home Appliances,3199,20,15090,0,118,48,153552
04-02-2026,P1007,Mixer Grinder,Home Appliances,3399,15,19723,0,68,50,169950
05-02-2026,P1007,Mixer Grinder,Home Appliances,3999,0,6259,0,26,42,167958
06-02-2026,P1007,Mixer Grinder,Home Appliances,3999,0,14277,0,300,35,139965
07-02-2026,P1007,Mixer Grinder,Home Appliances,3799,5,2093,0,263,37,140563
08-02-2026,P1007,Mixer Grinder,Home Appliances,3999,0,18349,0,229,34,135966
09-02-2026,P1007,Mixer Grinder,Home Appliances,3599,10,17535,0,181,48,172752
10-02-2026,P1007,Mixer Grinder,Home Appliances,3999,0,7436,0,148,33,131967
11-02-2026,P1007,Mixer Grinder,Home Appliances,3799,5,15894,0,106,42,159558
12-02-2026,P1007,Mixer Grinder,Home Appliances,3999,0,7825,0,71,35,139965
13-02-2026,P1007,Mixer Grinder,Home Appliances,3199,20,6310,0,35,36,115164
14-02-2026,P1007,Mixer Grinder,Home Appliances,3999,0,12114,0,300,39,155961
15-02-2026,P1007,Mixer Grinder,Home Appliances,3599,10,8990,0,247,53,190747
16-02-2026,P1007,Mixer Grinder,Home Appliances,3999,0,9582,0,211,36,143964
17-02-2026,P1007,Mixer Grinder,Home Appliances,3399,15,12280,0,164,47,159753
18-02-2026,P1007,Mixer Grinder,Home Appliances,3999,0,2036,0,126,38,151962
19-02-2026,P1007,Mixer Grinder,Home Appliances,3999,0,14308,0,89,37,147963
20-02-2026,P1007,Mixer Grinder,Home Appliances,3199,20,6492,0,30,59,188741
21-02-2026,P1007,Mixer Grinder,Home Appliances,3799,5,16214,0,300,59,224141
22-02-2026,P1007,Mixer Grinder,Home Appliances,3999,0,19802,0,251,49,195951
23-02-2026,P1007,Mixer Grinder,Home Appliances,3999,0,16593,0,204,47,187953
24-02-2026,P1007,Mixer Grinder,Home Appliances,3999,0,14642,0,172,32,127968
25-02-2026,P1007,Mixer Grinder,Home Appliances,3999,0,3147,0,140,32,127968
26-02-2026,P1007,Mixer Grinder,Home Appliances,3999,0,14023,0,108,32,127968
27-02-2026,P1007,Mixer Grinder,Home Appliances,3999,0,12306,0,78,30,119970
28-02-2026,P1007,Mixer Grinder,Home Appliances,3999,0,3769,0,41,37,147963
01-03-2026,P1007,Mixer Grinder,Home Appliances,3999,0,2139,0,300,41,163959
02-03-2026,P1007,Mixer Grinder,Home Appliances,3999,0,13806,1,241,59,235941
03-03-2026,P1007,Mixer Grinder,Home Appliances,3999,0,8569,1,188,53,211947
04-03-2026,P1007,Mixer Grinder,Home Appliances,3199,20,15251,1,107,81,259119
05-03-2026,P1007,Mixer Grinder,Home Appliances,2799,30,4752,1,28,79,221121
06-03-2026,P1007,Mixer Grinder,Home Appliances,2799,30,3515,1,300,70,195930
07-03-2026,P1007,Mixer Grinder,Home Appliances,3999,0,14326,0,255,45,179955
08-03-2026,P1007,Mixer Grinder,Home Appliances,3599,10,10474,0,191,64,230336
09-03-2026,P1007,Mixer Grinder,Home Appliances,3999,0,12892,0,158,33,131967
10-03-2026,P1007,Mixer Grinder,Home Appliances,3999,0,11246,0,118,40,159960
11-03-2026,P1007,Mixer Grinder,Home Appliances,3999,0,19602,0,73,45,179955
12-03-2026,P1007,Mixer Grinder,Home Appliances,3999,0,17620,0,23,50,199950
13-03-2026,P1007,Mixer Grinder,Home Appliances,3599,10,10876,0,300,43,154757
14-03-2026,P1007,Mixer Grinder,Home Appliances,3599,10,13304,0,256,44,158356
15-03-2026,P1007,Mixer Grinder,Home Appliances,3999,0,19621,0,215,41,163959
16-03-2026,P1007,Mixer Grinder,Home Appliances,3999,0,16971,0,172,43,171957
17-03-2026,P1007,Mixer Grinder,Home Appliances,3599,10,6683,0,115,57,205143
18-03-2026,P1007,Mixer Grinder,Home Appliances,3999,0,7508,0,77,38,151962
19-03-2026,P1007,Mixer Grinder,Home Appliances,3599,10,7436,0,29,48,172752
20-03-2026,P1007,Mixer Grinder,Home Appliances,3999,0,17112,0,300,33,131967
21-03-2026,P1007,Mixer Grinder,Home Appliances,3999,0,2416,0,264,36,143964
22-03-2026,P1007,Mixer Grinder,Home Appliances,3999,0,18200,0,209,55,219945
23-03-2026,P1007,Mixer Grinder,Home Appliances,3999,0,5495,0,167,42,167958
24-03-2026,P1007,Mixer Grinder,Home Appliances,3999,0,2978,0,138,29,115971
25-03-2026,P1007,Mixer Grinder,Home Appliances,3999,0,11656,0,97,41,163959
26-03-2026,P1007,Mixer Grinder,Home Appliances,3999,0,10274,0,59,38,151962
27-03-2026,P1007,Mixer Grinder,Home Appliances,3999,0,9322,0,29,30,119970
28-03-2026,P1007,Mixer Grinder,Home Appliances,3799,5,14905,0,300,59,224141
29-03-2026,P1007,Mixer Grinder,Home Appliances,3399,15,7538,0,238,62,210738
30-03-2026,P1007,Mixer Grinder,Home Appliances,3999,0,12626,0,198,40,159960
31-03-2026,P1007,Mixer Grinder,Home Appliances,3999,0,4762,0,149,49,195951
01-04-2026,P1007,Mixer Grinder,Home Appliances,3999,0,17517,0,107,42,167958
02-04-2026,P1007,Mixer Grinder,Home Appliances,3999,0,7501,0,73,34,135966
03-04-2026,P1007,Mixer Grinder,Home Appliances,3999,0,8468,0,32,41,163959
04-04-2026,P1007,Mixer Grinder,Home Appliances,3999,0,14202,0,300,50,199950
05-04-2026,P1007,Mixer Grinder,Home Appliances,3999,0,19312,0,240,60,239940
06-04-2026,P1007,Mixer Grinder,Home Appliances,3999,0,11929,0,206,34,135966
07-04-2026,P1007,Mixer Grinder,Home Appliances,3999,0,15420,0,173,33,131967
08-04-2026,P1007,Mixer Grinder,Home Appliances,3999,0,3197,0,135,38,151962
09-04-2026,P1007,Mixer Grinder,Home Appliances,3999,0,18546,0,100,35,139965
10-04-2026,P1007,Mixer Grinder,Home Appliances,3999,0,2636,0,59,41,163959
11-04-2026,P1007,Mixer Grinder,Home Appliances,3999,0,18220,0,1,58,231942
12-04-2026,P1007,Mixer Grinder,Home Appliances,3999,0,7266,0,300,57,227943
13-04-2026,P1007,Mixer Grinder,Home Appliances,3999,0,5630,0,265,35,139965
14-04-2026,P1007,Mixer Grinder,Home Appliances,3999,0,19354,0,226,39,155961
15-04-2026,P1007,Mixer Grinder,Home Appliances,3999,0,8705,0,181,45,179955
16-04-2026,P1007,Mixer Grinder,Home Appliances,3199,20,17096,0,128,53,169547
17-04-2026,P1007,Mixer Grinder,Home Appliances,3599,10,16090,0,77,51,183549
18-04-2026,P1007,Mixer Grinder,Home Appliances,3599,10,10593,0,300,84,302316
19-04-2026,P1007,Mixer Grinder,Home Appliances,3999,0,15239,0,245,55,219945
20-04-2026,P1007,Mixer Grinder,Home Appliances,3599,10,15200,0,192,53,190747
21-04-2026,P1007,Mixer Grinder,Home Appliances,3799,5,11814,0,140,52,197548
22-04-2026,P1007,Mixer Grinder,Home Appliances,3999,0,2336,0,109,31,123969
23-04-2026,P1007,Mixer Grinder,Home Appliances,3799,5,16262,0,44,65,246935
24-04-2026,P1007,Mixer Grinder,Home Appliances,3599,10,13185,0,300,49,176351
25-04-2026,P1007,Mixer Grinder,Home Appliances,3999,0,10165,0,237,63,251937
26-04-2026,P1007,Mixer Grinder,Home Appliances,3999,0,11427,0,168,69,275931
27-04-2026,P1007,Mixer Grinder,Home Appliances,2799,30,19777,0,94,74,207126
28-04-2026,P1007,Mixer Grinder,Home Appliances,3999,0,2279,0,58,36,143964
29-04-2026,P1007,Mixer Grinder,Home Appliances,3199,20,4786,0,3,55,175945
30-04-2026,P1007,Mixer Grinder,Home Appliances,3999,0,11719,0,300,54,215946
01-05-2026,P1007,Mixer Grinder,Home Appliances,3999,0,13978,0,244,56,223944
02-05-2026,P1007,Mixer Grinder,Home Appliances,3999,0,16353,0,190,54,215946
03-05-2026,P1007,Mixer Grinder,Home Appliances,2799,30,6149,0,109,81,226719
04-05-2026,P1007,Mixer Grinder,Home Appliances,3999,0,17316,0,60,49,195951
05-05-2026,P1007,Mixer Grinder,Home Appliances,3999,0,17312,0,20,40,159960
06-05-2026,P1007,Mixer Grinder,Home Appliances,3999,0,11373,0,300,44,175956
07-05-2026,P1007,Mixer Grinder,Home Appliances,3999,0,9308,0,254,46,183954
08-05-2026,P1007,Mixer Grinder,Home Appliances,3399,15,2893,0,213,41,139359
09-05-2026,P1007,Mixer Grinder,Home Appliances,3999,0,2288,0,169,44,175956
10-05-2026,P1007,Mixer Grinder,Home Appliances,3599,10,9891,0,85,84,302316
11-05-2026,P1007,Mixer Grinder,Home Appliances,3999,0,6557,0,38,47,187953
12-05-2026,P1007,Mixer Grinder,Home Appliances,2799,30,14898,0,300,72,201528
13-05-2026,P1007,Mixer Grinder,Home Appliances,3999,0,2378,0,250,50,199950
14-05-2026,P1007,Mixer Grinder,Home Appliances,3999,0,4197,0,214,36,143964
15-05-2026,P1007,Mixer Grinder,Home Appliances,3999,0,13775,0,178,36,143964
16-05-2026,P1007,Mixer Grinder,Home Appliances,3199,20,15192,0,100,78,249522
17-05-2026,P1007,Mixer Grinder,Home Appliances,3999,0,3373,0,59,41,163959
18-05-2026,P1007,Mixer Grinder,Home Appliances,3599,10,11583,0,9,50,179950
19-05-2026,P1007,Mixer Grinder,Home Appliances,3999,0,3538,0,300,38,151962
20-05-2026,P1007,Mixer Grinder,Home Appliances,3999,0,19588,0,248,52,207948
21-05-2026,P1007,Mixer Grinder,Home Appliances,3199,20,12617,0,190,58,185542
22-05-2026,P1007,Mixer Grinder,Home Appliances,3399,15,8680,0,138,52,176748
23-05-2026,P1007,Mixer Grinder,Home Appliances,3999,0,10556,0,81,57,227943
24-05-2026,P1007,Mixer Grinder,Home Appliances,3999,0,11667,0,32,49,195951
25-05-2026,P1007,Mixer Grinder,Home Appliances,3999,0,16456,0,300,40,159960
26-05-2026,P1007,Mixer Grinder,Home Appliances,3999,0,14284,0,250,50,199950
27-05-2026,P1007,Mixer Grinder,Home Appliances,3999,0,15419,0,196,54,215946
28-05-2026,P1007,Mixer Grinder,Home Appliances,3799,5,3776,0,153,43,163357
29-05-2026,P1007,Mixer Grinder,Home Appliances,3999,0,7579,0,108,45,179955
30-05-2026,P1007,Mixer Grinder,Home Appliances,3999,0,17668,0,40,68,271932
31-05-2026,P1007,Mixer Grinder,Home Appliances,3199,20,19300,0,300,97,310303
01-06-2026,P1007,Mixer Grinder,Home Appliances,3999,0,3893,0,265,35,139965
02-06-2026,P1007,Mixer Grinder,Home Appliances,3999,0,18962,0,225,40,159960
03-06-2026,P1007,Mixer Grinder,Home Appliances,3999,0,2880,0,192,33,131967
04-06-2026,P1007,Mixer Grinder,Home Appliances,3999,0,16420,0,149,43,171957
05-06-2026,P1007,Mixer Grinder,Home Appliances,3599,10,4444,0,96,53,190747
06-06-2026,P1007,Mixer Grinder,Home Appliances,3799,5,7930,0,54,42,159558
07-06-2026,P1007,Mixer Grinder,Home Appliances,3599,10,9033,0,300,65,233935
08-06-2026,P1007,Mixer Grinder,Home Appliances,3999,0,6306,0,259,41,163959
09-06-2026,P1007,Mixer Grinder,Home Appliances,3599,10,4881,0,223,36,129564
10-06-2026,P1007,Mixer Grinder,Home Appliances,3399,15,11285,0,159,64,217536
11-06-2026,P1007,Mixer Grinder,Home Appliances,3999,0,12705,0,113,46,183954
12-06-2026,P1007,Mixer Grinder,Home Appliances,3999,0,9712,0,69,44,175956
13-06-2026,P1007,Mixer Grinder,Home Appliances,3999,0,15558,0,16,53,211947
14-06-2026,P1007,Mixer Grinder,Home Appliances,3999,0,6471,0,300,54,215946
15-06-2026,P1007,Mixer Grinder,Home Appliances,2799,30,6760,0,223,77,215523
16-06-2026,P1007,Mixer Grinder,Home Appliances,3999,0,6304,0,177,46,183954
17-06-2026,P1007,Mixer Grinder,Home Appliances,3999,0,9380,0,135,42,167958
18-06-2026,P1007,Mixer Grinder,Home Appliances,3799,5,16950,0,90,45,170955
19-06-2026,P1007,Mixer Grinder,Home Appliances,3999,0,18863,0,43,47,187953
20-06-2026,P1007,Mixer Grinder,Home Appliances,3599,10,12566,0,300,62,223138
21-06-2026,P1007,Mixer Grinder,Home Appliances,3599,10,14913,0,239,61,219539
22-06-2026,P1007,Mixer Grinder,Home Appliances,3999,0,14067,0,199,40,159960
23-06-2026,P1007,Mixer Grinder,Home Appliances,3999,0,19643,0,153,46,183954
24-06-2026,P1007,Mixer Grinder,Home Appliances,3999,0,14945,0,109,44,175956
25-06-2026,P1007,Mixer Grinder,Home Appliances,3999,0,16023,0,61,48,191952
26-06-2026,P1007,Mixer Grinder,Home Appliances,3999,0,5704,0,16,45,179955
27-06-2026,P1007,Mixer Grinder,Home Appliances,3999,0,3226,0,300,44,175956
28-06-2026,P1007,Mixer Grinder,Home Appliances,3599,10,14500,0,233,67,241133
29-06-2026,P1007,Mixer Grinder,Home Appliances,3199,20,17913,0,167,66,211134
30-06-2026,P1007,Mixer Grinder,Home Appliances,3599,10,15009,0,120,47,169153
01-07-2026,P1007,Mixer Grinder,Home Appliances,3999,0,16568,0,84,36,143964
02-07-2026,P1007,Mixer Grinder,Home Appliances,3599,10,17612,0,21,63,226737
03-07-2026,P1007,Mixer Grinder,Home Appliances,2799,30,19664,0,300,83,232317
04-07-2026,P1007,Mixer Grinder,Home Appliances,3999,0,3655,0,247,53,211947
05-07-2026,P1007,Mixer Grinder,Home Appliances,3599,10,11906,0,184,63,226737
06-07-2026,P1007,Mixer Grinder,Home Appliances,3999,0,13547,0,134,50,199950
07-07-2026,P1007,Mixer Grinder,Home Appliances,3999,0,12055,0,81,53,211947
08-07-2026,P1007,Mixer Grinder,Home Appliances,3399,15,13108,0,32,49,166551
09-07-2026,P1007,Mixer Grinder,Home Appliances,3999,0,14823,0,300,46,183954
10-07-2026,P1007,Mixer Grinder,Home Appliances,3999,0,9005,0,253,47,187953
11-07-2026,P1007,Mixer Grinder,Home Appliances,3199,20,16744,0,187,66,211134
12-07-2026,P1007,Mixer Grinder,Home Appliances,3999,0,15140,0,132,55,219945
13-07-2026,P1007,Mixer Grinder,Home Appliances,3999,0,10235,0,87,45,179955
14-07-2026,P1007,Mixer Grinder,Home Appliances,3999,0,13159,0,44,43,171957
15-07-2026,P1007,Mixer Grinder,Home Appliances,3999,0,17758,0,300,61,243939
16-07-2026,P1007,Mixer Grinder,Home Appliances,3999,0,3651,0,259,41,163959
17-07-2026,P1007,Mixer Grinder,Home Appliances,3999,0,4750,0,230,29,115971
18-07-2026,P1007,Mixer Grinder,Home Appliances,3399,15,5171,0,151,79,268521
19-07-2026,P1007,Mixer Grinder,Home Appliances,3999,0,14085,0,102,49,195951
20-07-2026,P1007,Mixer Grinder,Home Appliances,3999,0,15380,0,47,55,219945
21-07-2026,P1007,Mixer Grinder,Home Appliances,3999,0,4363,0,300,51,203949
22-07-2026,P1007,Mixer Grinder,Home Appliances,3199,20,5307,0,245,55,175945
23-07-2026,P1007,Mixer Grinder,Home Appliances,3199,20,11811,0,197,48,153552
24-07-2026,P1007,Mixer Grinder,Home Appliances,3999,0,14220,0,153,44,175956
25-07-2026,P1007,Mixer Grinder,Home Appliances,3999,0,9247,0,103,50,199950
26-07-2026,P1007,Mixer Grinder,Home Appliances,3999,0,19779,0,34,69,275931
27-07-2026,P1007,Mixer Grinder,Home Appliances,2799,30,16255,0,300,77,215523
28-07-2026,P1007,Mixer Grinder,Home Appliances,3999,0,15167,0,256,44,175956
29-07-2026,P1007,Mixer Grinder,Home Appliances,3799,5,17091,0,200,56,212744
30-07-2026,P1007,Mixer Grinder,Home Appliances,3999,0,2697,0,160,40,159960
31-07-2026,P1007,Mixer Grinder,Home Appliances,3199,20,13128,0,104,56,179144
01-08-2026,P1007,Mixer Grinder,Home Appliances,3999,0,3645,0,68,36,143964
02-08-2026,P1007,Mixer Grinder,Home Appliances,3199,20,6009,0,300,75,239925
03-08-2026,P1007,Mixer Grinder,Home Appliances,3999,0,13766,0,256,44,175956
04-08-2026,P1007,Mixer Grinder,Home Appliances,3999,0,6961,0,206,50,199950
05-08-2026,P1007,Mixer Grinder,Home Appliances,3999,0,6478,0,176,30,119970
06-08-2026,P1007,Mixer Grinder,Home Appliances,3999,0,18857,0,133,43,171957
07-08-2026,P1007,Mixer Grinder,Home Appliances,3999,0,4716,0,99,34,135966
08-08-2026,P1007,Mixer Grinder,Home Appliances,2799,30,16546,0,18,81,226719
09-08-2026,P1007,Mixer Grinder,Home Appliances,3999,0,12929,0,300,41,163959
10-08-2026,P1007,Mixer Grinder,Home Appliances,3999,0,18543,0,259,41,163959
11-08-2026,P1007,Mixer Grinder,Home Appliances,3199,20,7569,0,217,42,134358
12-08-2026,P1007,Mixer Grinder,Home Appliances,3799,5,10996,0,185,32,121568
13-08-2026,P1007,Mixer Grinder,Home Appliances,3799,5,15257,1,128,57,216543
14-08-2026,P1007,Mixer Grinder,Home Appliances,3999,0,3227,1,76,52,207948
15-08-2026,P1007,Mixer Grinder,Home Appliances,3799,5,10666,1,300,76,288724
16-08-2026,P1007,Mixer Grinder,Home Appliances,3999,0,9020,1,227,73,291927
17-08-2026,P1007,Mixer Grinder,Home Appliances,3999,0,7223,1,180,47,187953
18-08-2026,P1007,Mixer Grinder,Home Appliances,3999,0,14094,0,150,30,119970
19-08-2026,P1007,Mixer Grinder,Home Appliances,3999,0,3657,0,108,42,167958
20-08-2026,P1007,Mixer Grinder,Home Appliances,3999,0,8601,0,73,35,139965
21-08-2026,P1007,Mixer Grinder,Home Appliances,2799,30,9603,0,18,55,153945
22-08-2026,P1007,Mixer Grinder,Home Appliances,3999,0,10388,0,300,40,159960
23-08-2026,P1007,Mixer Grinder,Home Appliances,3999,0,17801,0,254,46,183954
24-08-2026,P1007,Mixer Grinder,Home Appliances,3999,0,2587,0,215,39,155961
25-08-2026,P1007,Mixer Grinder,Home Appliances,3199,20,18801,0,168,47,150353
26-08-2026,P1007,Mixer Grinder,Home Appliances,3999,0,18405,0,138,30,119970
27-08-2026,P1007,Mixer Grinder,Home Appliances,3999,0,12483,0,105,33,131967
28-08-2026,P1007,Mixer Grinder,Home Appliances,3799,5,2380,0,71,34,129166
29-08-2026,P1007,Mixer Grinder,Home Appliances,3999,0,16890,0,23,48,191952
30-08-2026,P1007,Mixer Grinder,Home Appliances,3999,0,17438,0,300,62,247938
31-08-2026,P1007,Mixer Grinder,Home Appliances,2799,30,9390,0,235,65,181935
01-09-2026,P1007,Mixer Grinder,Home Appliances,3999,0,12194,0,195,40,159960
02-09-2026,P1007,Mixer Grinder,Home Appliances,3599,10,15926,0,157,38,136762
03-09-2026,P1007,Mixer Grinder,Home Appliances,3999,0,16174,0,115,42,167958
04-09-2026,P1007,Mixer Grinder,Home Appliances,2799,30,11983,0,46,69,193131
05-09-2026,P1007,Mixer Grinder,Home Appliances,3799,5,10568,0,300,58,220342
06-09-2026,P1007,Mixer Grinder,Home Appliances,3999,0,17532,0,245,55,219945
07-09-2026,P1007,Mixer Grinder,Home Appliances,3999,0,15527,0,209,36,143964
08-09-2026,P1007,Mixer Grinder,Home Appliances,3999,0,18818,0,169,40,159960
09-09-2026,P1007,Mixer Grinder,Home Appliances,3799,5,14456,0,120,49,186151
10-09-2026,P1007,Mixer Grinder,Home Appliances,3999,0,3474,0,80,40,159960
11-09-2026,P1007,Mixer Grinder,Home Appliances,3599,10,6853,0,19,61,219539
12-09-2026,P1007,Mixer Grinder,Home Appliances,3999,0,5264,0,300,50,199950
13-09-2026,P1007,Mixer Grinder,Home Appliances,3599,10,8369,0,235,65,233935
14-09-2026,P1007,Mixer Grinder,Home Appliances,3999,0,15814,0,196,39,155961
15-09-2026,P1007,Mixer Grinder,Home Appliances,3999,0,14792,0,159,37,147963
16-09-2026,P1007,Mixer Grinder,Home Appliances,3999,0,6206,0,127,32,127968
17-09-2026,P1007,Mixer Grinder,Home Appliances,3999,0,14315,0,92,35,139965
18-09-2026,P1007,Mixer Grinder,Home Appliances,3999,0,8783,0,52,40,159960
19-09-2026,P1007,Mixer Grinder,Home Appliances,3599,10,11414,0,300,52,187148
20-09-2026,P1007,Mixer Grinder,Home Appliances,3999,0,17714,0,261,39,155961
21-09-2026,P1007,Mixer Grinder,Home Appliances,3799,5,12349,0,209,52,197548
22-09-2026,P1007,Mixer Grinder,Home Appliances,3399,15,15058,0,154,55,186945
23-09-2026,P1007,Mixer Grinder,Home Appliances,3999,0,2258,0,115,39,155961
24-09-2026,P1007,Mixer Grinder,Home Appliances,3999,0,6978,0,72,43,171957
25-09-2026,P1007,Mixer Grinder,Home Appliances,3999,0,15452,0,25,47,187953
26-09-2026,P1007,Mixer Grinder,Home Appliances,3999,0,2039,0,300,34,135966
27-09-2026,P1007,Mixer Grinder,Home Appliances,3999,0,8519,0,256,44,175956
01-01-2024,P1008,Yoga Mat,Sports,809,10,2940,0,385,35,28315
02-01-2024,P1008,Yoga Mat,Sports,629,30,18844,0,329,56,35224
03-01-2024,P1008,Yoga Mat,Sports,629,30,13767,0,269,60,37740
04-01-2024,P1008,Yoga Mat,Sports,764,15,12034,0,225,44,33616
05-01-2024,P1008,Yoga Mat,Sports,899,0,9729,0,189,36,32364
06-01-2024,P1008,Yoga Mat,Sports,629,30,12131,0,124,65,40885
07-01-2024,P1008,Yoga Mat,Sports,899,0,4152,0,82,42,37758
08-01-2024,P1008,Yoga Mat,Sports,899,0,5464,0,49,33,29667
09-01-2024,P1008,Yoga Mat,Sports,854,5,7139,0,3,46,39284
10-01-2024,P1008,Yoga Mat,Sports,809,10,17321,0,420,38,30742
11-01-2024,P1008,Yoga Mat,Sports,809,10,11677,0,376,44,35596
12-01-2024,P1008,Yoga Mat,Sports,899,0,5029,0,341,35,31465
13-01-2024,P1008,Yoga Mat,Sports,764,15,14488,0,290,51,38964
14-01-2024,P1008,Yoga Mat,Sports,899,0,8682,0,242,48,43152
15-01-2024,P1008,Yoga Mat,Sports,764,15,11076,0,201,41,31324
16-01-2024,P1008,Yoga Mat,Sports,899,0,3089,0,169,32,28768
17-01-2024,P1008,Yoga Mat,Sports,899,0,14982,0,130,39,35061
18-01-2024,P1008,Yoga Mat,Sports,809,10,3490,0,90,40,32360
19-01-2024,P1008,Yoga Mat,Sports,899,0,15453,0,55,35,31465
20-01-2024,P1008,Yoga Mat,Sports,899,0,8160,0,20,35,31465
21-01-2024,P1008,Yoga Mat,Sports,899,0,10465,0,420,46,41354
22-01-2024,P1008,Yoga Mat,Sports,764,15,14026,0,362,58,44312
23-01-2024,P1008,Yoga Mat,Sports,809,10,15866,0,310,52,42068
24-01-2024,P1008,Yoga Mat,Sports,719,20,10511,1,215,95,68305
25-01-2024,P1008,Yoga Mat,Sports,899,0,5278,1,163,52,46748
26-01-2024,P1008,Yoga Mat,Sports,899,0,8733,1,108,55,49445
27-01-2024,P1008,Yoga Mat,Sports,899,0,13936,1,32,76,68324
28-01-2024,P1008,Yoga Mat,Sports,899,0,19952,1,420,86,77314
29-01-2024,P1008,Yoga Mat,Sports,899,0,11516,0,376,44,39556
30-01-2024,P1008,Yoga Mat,Sports,719,20,19451,0,316,60,43140
31-01-2024,P1008,Yoga Mat,Sports,899,0,4725,0,287,29,26071
01-02-2024,P1008,Yoga Mat,Sports,899,0,16109,0,238,49,44051
02-02-2024,P1008,Yoga Mat,Sports,899,0,10628,0,194,44,39556
03-02-2024,P1008,Yoga Mat,Sports,899,0,14118,0,140,54,48546
04-02-2024,P1008,Yoga Mat,Sports,854,5,10891,0,96,44,37576
05-02-2024,P1008,Yoga Mat,Sports,899,0,17128,0,53,43,38657
06-02-2024,P1008,Yoga Mat,Sports,809,10,2468,0,17,36,29124
07-02-2024,P1008,Yoga Mat,Sports,719,20,18476,0,420,50,35950
08-02-2024,P1008,Yoga Mat,Sports,629,30,13987,0,373,47,29563
09-02-2024,P1008,Yoga Mat,Sports,899,0,7515,0,336,37,33263
10-02-2024,P1008,Yoga Mat,Sports,854,5,8327,0,280,56,47824
11-02-2024,P1008,Yoga Mat,Sports,809,10,4050,0,229,51,41259
12-02-2024,P1008,Yoga Mat,Sports,899,0,14564,0,189,40,35960
13-02-2024,P1008,Yoga Mat,Sports,899,0,14679,0,147,42,37758
14-02-2024,P1008,Yoga Mat,Sports,764,15,15309,0,103,44,33616
15-02-2024,P1008,Yoga Mat,Sports,899,0,13987,0,68,35,31465
16-02-2024,P1008,Yoga Mat,Sports,629,30,9684,0,1,67,42143
17-02-2024,P1008,Yoga Mat,Sports,899,0,3137,0,420,51,45849
18-02-2024,P1008,Yoga Mat,Sports,719,20,13947,0,338,82,58958
19-02-2024,P1008,Yoga Mat,Sports,899,0,2496,0,303,35,31465
20-02-2024,P1008,Yoga Mat,Sports,899,0,19662,0,259,44,39556
21-02-2024,P1008,Yoga Mat,Sports,899,0,19761,0,224,35,31465
22-02-2024,P1008,Yoga Mat,Sports,899,0,3010,0,188,36,32364
23-02-2024,P1008,Yoga Mat,Sports,899,0,7285,0,156,32,28768
24-02-2024,P1008,Yoga Mat,Sports,899,0,3749,0,118,38,34162
25-02-2024,P1008,Yoga Mat,Sports,899,0,9146,0,63,55,49445
26-02-2024,P1008,Yoga Mat,Sports,899,0,9708,0,29,34,30566
27-02-2024,P1008,Yoga Mat,Sports,899,0,2338,0,420,35,31465
28-02-2024,P1008,Yoga Mat,Sports,899,0,9873,0,382,38,34162
29-02-2024,P1008,Yoga Mat,Sports,899,0,9061,0,348,34,30566
01-03-2024,P1008,Yoga Mat,Sports,764,15,11589,0,293,55,42020
02-03-2024,P1008,Yoga Mat,Sports,899,0,6665,0,239,54,48546
03-03-2024,P1008,Yoga Mat,Sports,899,0,18774,0,184,55,49445
04-03-2024,P1008,Yoga Mat,Sports,809,10,18561,0,127,57,46113
05-03-2024,P1008,Yoga Mat,Sports,899,0,11806,0,85,42,37758
06-03-2024,P1008,Yoga Mat,Sports,899,0,9370,0,48,37,33263
07-03-2024,P1008,Yoga Mat,Sports,854,5,9988,0,6,42,35868
08-03-2024,P1008,Yoga Mat,Sports,809,10,4198,0,420,57,46113
09-03-2024,P1008,Yoga Mat,Sports,899,0,2183,0,383,37,33263
10-03-2024,P1008,Yoga Mat,Sports,899,0,3850,0,328,55,49445
11-03-2024,P1008,Yoga Mat,Sports,854,5,17857,0,285,43,36722
12-03-2024,P1008,Yoga Mat,Sports,719,20,18853,0,225,60,43140
13-03-2024,P1008,Yoga Mat,Sports,899,0,6641,0,190,35,31465
14-03-2024,P1008,Yoga Mat,Sports,899,0,2539,0,161,29,26071
15-03-2024,P1008,Yoga Mat,Sports,719,20,17714,0,98,63,45297
16-03-2024,P1008,Yoga Mat,Sports,899,0,10325,0,47,51,45849
17-03-2024,P1008,Yoga Mat,Sports,854,5,10081,0,3,44,37576
18-03-2024,P1008,Yoga Mat,Sports,899,0,19854,0,420,46,41354
19-03-2024,P1008,Yoga Mat,Sports,854,5,10156,0,381,39,33306
20-03-2024,P1008,Yoga Mat,Sports,899,0,13476,0,331,50,44950
21-03-2024,P1008,Yoga Mat,Sports,854,5,14752,0,286,45,38430
22-03-2024,P1008,Yoga Mat,Sports,899,0,8712,0,246,40,35960
23-03-2024,P1008,Yoga Mat,Sports,899,0,15540,1,166,80,71920
24-03-2024,P1008,Yoga Mat,Sports,899,0,10091,1,84,82,73718
25-03-2024,P1008,Yoga Mat,Sports,719,20,7837,1,420,84,60396
26-03-2024,P1008,Yoga Mat,Sports,899,0,16173,1,345,75,67425
27-03-2024,P1008,Yoga Mat,Sports,809,10,14921,1,263,82,66338
28-03-2024,P1008,Yoga Mat,Sports,719,20,15287,0,206,57,40983
29-03-2024,P1008,Yoga Mat,Sports,809,10,18517,0,151,55,44495
30-03-2024,P1008,Yoga Mat,Sports,899,0,9112,0,94,57,51243
31-03-2024,P1008,Yoga Mat,Sports,899,0,15111,0,44,50,44950
01-04-2024,P1008,Yoga Mat,Sports,899,0,6047,0,8,36,32364
02-04-2024,P1008,Yoga Mat,Sports,719,20,13603,0,420,67,48173
03-04-2024,P1008,Yoga Mat,Sports,899,0,18176,0,371,49,44051
04-04-2024,P1008,Yoga Mat,Sports,899,0,12389,0,327,44,39556
05-04-2024,P1008,Yoga Mat,Sports,764,15,8007,0,272,55,42020
06-04-2024,P1008,Yoga Mat,Sports,854,5,16240,0,211,61,52094
07-04-2024,P1008,Yoga Mat,Sports,899,0,17715,0,147,64,57536
08-04-2024,P1008,Yoga Mat,Sports,899,0,16929,0,93,54,48546
09-04-2024,P1008,Yoga Mat,Sports,809,10,10331,0,47,46,37214
10-04-2024,P1008,Yoga Mat,Sports,854,5,14045,0,420,54,46116
11-04-2024,P1008,Yoga Mat,Sports,899,0,6356,0,390,30,26970
12-04-2024,P1008,Yoga Mat,Sports,854,5,15825,0,328,62,52948
13-04-2024,P1008,Yoga Mat,Sports,764,15,12753,0,260,68,51952
14-04-2024,P1008,Yoga Mat,Sports,629,30,8829,0,169,91,57239
15-04-2024,P1008,Yoga Mat,Sports,899,0,4684,0,135,34,30566
16-04-2024,P1008,Yoga Mat,Sports,764,15,17238,0,78,57,43548
17-04-2024,P1008,Yoga Mat,Sports,899,0,5263,0,38,40,35960
18-04-2024,P1008,Yoga Mat,Sports,854,5,5929,0,420,41,35014
19-04-2024,P1008,Yoga Mat,Sports,719,20,13564,0,354,66,47454
20-04-2024,P1008,Yoga Mat,Sports,899,0,18146,0,301,53,47647
21-04-2024,P1008,Yoga Mat,Sports,899,0,14704,0,236,65,58435
22-04-2024,P1008,Yoga Mat,Sports,899,0,12926,0,188,48,43152
23-04-2024,P1008,Yoga Mat,Sports,899,0,11131,0,139,49,44051
24-04-2024,P1008,Yoga Mat,Sports,854,5,4668,0,87,52,44408
25-04-2024,P1008,Yoga Mat,Sports,764,15,3591,0,33,54,41256
26-04-2024,P1008,Yoga Mat,Sports,764,15,4254,0,420,55,42020
27-04-2024,P1008,Yoga Mat,Sports,809,10,7076,0,352,68,55012
28-04-2024,P1008,Yoga Mat,Sports,899,0,4046,0,297,55,49445
29-04-2024,P1008,Yoga Mat,Sports,629,30,9493,0,221,76,47804
30-04-2024,P1008,Yoga Mat,Sports,899,0,17230,0,167,54,48546
01-05-2024,P1008,Yoga Mat,Sports,809,10,5155,0,101,66,53394
02-05-2024,P1008,Yoga Mat,Sports,764,15,15249,0,44,57,43548
03-05-2024,P1008,Yoga Mat,Sports,629,30,2667,0,420,67,42143
04-05-2024,P1008,Yoga Mat,Sports,899,0,7722,0,363,57,51243
05-05-2024,P1008,Yoga Mat,Sports,899,0,6094,0,320,43,38657
06-05-2024,P1008,Yoga Mat,Sports,854,5,5608,0,273,47,40138
07-05-2024,P1008,Yoga Mat,Sports,854,5,13327,0,232,41,35014
08-05-2024,P1008,Yoga Mat,Sports,899,0,3747,0,187,45,40455
09-05-2024,P1008,Yoga Mat,Sports,899,0,16713,0,140,47,42253
10-05-2024,P1008,Yoga Mat,Sports,809,10,16477,0,92,48,38832
11-05-2024,P1008,Yoga Mat,Sports,899,0,17190,0,35,57,51243
12-05-2024,P1008,Yoga Mat,Sports,719,20,13996,0,420,90,64710
13-05-2024,P1008,Yoga Mat,Sports,629,30,9339,0,332,88,55352
14-05-2024,P1008,Yoga Mat,Sports,899,0,8176,0,283,49,44051
15-05-2024,P1008,Yoga Mat,Sports,629,30,7940,0,209,74,46546
16-05-2024,P1008,Yoga Mat,Sports,899,0,16355,0,165,44,39556
17-05-2024,P1008,Yoga Mat,Sports,899,0,17060,0,115,50,44950
18-05-2024,P1008,Yoga Mat,Sports,899,0,16547,0,56,59,53041
19-05-2024,P1008,Yoga Mat,Sports,764,15,10629,0,420,70,53480
20-05-2024,P1008,Yoga Mat,Sports,899,0,7241,0,378,42,37758
21-05-2024,P1008,Yoga Mat,Sports,899,0,10389,0,331,47,42253
22-05-2024,P1008,Yoga Mat,Sports,899,0,8610,0,275,56,50344
23-05-2024,P1008,Yoga Mat,Sports,764,15,12032,0,216,59,45076
24-05-2024,P1008,Yoga Mat,Sports,899,0,19454,0,164,52,46748
25-05-2024,P1008,Yoga Mat,Sports,899,0,14825,0,118,46,41354
26-05-2024,P1008,Yoga Mat,Sports,719,20,8411,0,48,70,50330
27-05-2024,P1008,Yoga Mat,Sports,854,5,12046,0,10,38,32452
28-05-2024,P1008,Yoga Mat,Sports,899,0,9687,0,420,37,33263
29-05-2024,P1008,Yoga Mat,Sports,764,15,4945,0,362,58,44312
30-05-2024,P1008,Yoga Mat,Sports,809,10,8421,0,305,57,46113
31-05-2024,P1008,Yoga Mat,Sports,899,0,16939,0,253,52,46748
01-06-2024,P1008,Yoga Mat,Sports,854,5,19583,0,199,54,46116
02-06-2024,P1008,Yoga Mat,Sports,899,0,19225,0,134,65,58435
03-06-2024,P1008,Yoga Mat,Sports,854,5,11007,0,77,57,48678
04-06-2024,P1008,Yoga Mat,Sports,629,30,4866,0,16,61,38369
05-06-2024,P1008,Yoga Mat,Sports,899,0,5333,0,420,43,38657
06-06-2024,P1008,Yoga Mat,Sports,764,15,5542,0,369,51,38964
07-06-2024,P1008,Yoga Mat,Sports,899,0,16820,0,323,46,41354
08-06-2024,P1008,Yoga Mat,Sports,809,10,5212,0,259,64,51776
09-06-2024,P1008,Yoga Mat,Sports,899,0,5634,0,203,56,50344
10-06-2024,P1008,Yoga Mat,Sports,899,0,15115,0,157,46,41354
11-06-2024,P1008,Yoga Mat,Sports,899,0,8114,0,126,31,27869
12-06-2024,P1008,Yoga Mat,Sports,899,0,14893,0,94,32,28768
13-06-2024,P1008,Yoga Mat,Sports,899,0,9891,0,43,51,45849
14-06-2024,P1008,Yoga Mat,Sports,629,30,8329,0,420,80,50320
15-06-2024,P1008,Yoga Mat,Sports,899,0,10579,0,365,55,49445
16-06-2024,P1008,Yoga Mat,Sports,899,0,19268,0,301,64,57536
17-06-2024,P1008,Yoga Mat,Sports,899,0,13104,0,244,57,51243
18-06-2024,P1008,Yoga Mat,Sports,899,0,6441,0,199,45,40455
19-06-2024,P1008,Yoga Mat,Sports,854,5,15580,0,152,47,40138
20-06-2024,P1008,Yoga Mat,Sports,854,5,3247,0,95,57,48678
21-06-2024,P1008,Yoga Mat,Sports,899,0,17007,0,62,33,29667
22-06-2024,P1008,Yoga Mat,Sports,899,0,8149,0,9,53,47647
23-06-2024,P1008,Yoga Mat,Sports,809,10,17930,0,420,81,65529
24-06-2024,P1008,Yoga Mat,Sports,899,0,11536,0,376,44,39556
25-06-2024,P1008,Yoga Mat,Sports,899,0,14833,0,331,45,40455
26-06-2024,P1008,Yoga Mat,Sports,629,30,5880,0,271,60,37740
27-06-2024,P1008,Yoga Mat,Sports,899,0,11652,0,219,52,46748
28-06-2024,P1008,Yoga Mat,Sports,899,0,18703,0,168,51,45849
29-06-2024,P1008,Yoga Mat,Sports,629,30,11117,0,85,83,52207
30-06-2024,P1008,Yoga Mat,Sports,899,0,5378,0,35,50,44950
01-07-2024,P1008,Yoga Mat,Sports,899,0,2734,0,420,41,36859
02-07-2024,P1008,Yoga Mat,Sports,899,0,10272,0,385,35,31465
03-07-2024,P1008,Yoga Mat,Sports,899,0,10725,0,331,54,48546
04-07-2024,P1008,Yoga Mat,Sports,899,0,2018,0,286,45,40455
05-07-2024,P1008,Yoga Mat,Sports,854,5,14422,0,250,36,30744
06-07-2024,P1008,Yoga Mat,Sports,629,30,6952,0,159,91,57239
07-07-2024,P1008,Yoga Mat,Sports,899,0,16026,0,96,63,56637
08-07-2024,P1008,Yoga Mat,Sports,899,0,12815,0,50,46,41354
09-07-2024,P1008,Yoga Mat,Sports,629,30,14280,0,420,70,44030
10-07-2024,P1008,Yoga Mat,Sports,854,5,17295,0,368,52,44408
11-07-2024,P1008,Yoga Mat,Sports,854,5,9855,0,305,63,53802
12-07-2024,P1008,Yoga Mat,Sports,899,0,13346,0,261,44,39556
13-07-2024,P1008,Yoga Mat,Sports,854,5,17931,0,188,73,62342
14-07-2024,P1008,Yoga Mat,Sports,899,0,15501,0,115,73,65627
15-07-2024,P1008,Yoga Mat,Sports,899,0,8825,0,70,45,40455
16-07-2024,P1008,Yoga Mat,Sports,899,0,2393,0,25,45,40455
17-07-2024,P1008,Yoga Mat,Sports,899,0,18069,0,420,42,37758
18-07-2024,P1008,Yoga Mat,Sports,809,10,17124,0,353,67,54203
19-07-2024,P1008,Yoga Mat,Sports,899,0,13230,0,298,55,49445
20-07-2024,P1008,Yoga Mat,Sports,854,5,4871,0,237,61,52094
21-07-2024,P1008,Yoga Mat,Sports,854,5,8782,0,182,55,46970
22-07-2024,P1008,Yoga Mat,Sports,809,10,18344,0,119,63,50967
23-07-2024,P1008,Yoga Mat,Sports,899,0,13731,0,63,56,50344
24-07-2024,P1008,Yoga Mat,Sports,899,0,2373,0,7,56,50344
25-07-2024,P1008,Yoga Mat,Sports,899,0,19855,0,420,43,38657
26-07-2024,P1008,Yoga Mat,Sports,809,10,16955,0,358,62,50158
27-07-2024,P1008,Yoga Mat,Sports,899,0,5246,0,295,63,56637
28-07-2024,P1008,Yoga Mat,Sports,899,0,2456,0,243,52,46748
29-07-2024,P1008,Yoga Mat,Sports,899,0,8754,0,210,33,29667
30-07-2024,P1008,Yoga Mat,Sports,719,20,12868,0,142,68,48892
31-07-2024,P1008,Yoga Mat,Sports,899,0,13079,0,96,46,41354
01-08-2024,P1008,Yoga Mat,Sports,899,0,17918,0,49,47,42253
02-08-2024,P1008,Yoga Mat,Sports,764,15,3571,0,420,58,44312
03-08-2024,P1008,Yoga Mat,Sports,899,0,5003,0,368,52,46748
04-08-2024,P1008,Yoga Mat,Sports,719,20,16676,0,299,69,49611
05-08-2024,P1008,Yoga Mat,Sports,854,5,14778,0,259,40,34160
06-08-2024,P1008,Yoga Mat,Sports,854,5,18977,0,218,41,35014
07-08-2024,P1008,Yoga Mat,Sports,899,0,9169,0,187,31,27869
08-08-2024,P1008,Yoga Mat,Sports,899,0,14929,0,138,49,44051
09-08-2024,P1008,Yoga Mat,Sports,899,0,8157,0,100,38,34162
10-08-2024,P1008,Yoga Mat,Sports,899,0,5957,0,41,59,53041
11-08-2024,P1008,Yoga Mat,Sports,854,5,12809,0,420,65,55510
12-08-2024,P1008,Yoga Mat,Sports,629,30,15619,0,354,66,41514
13-08-2024,P1008,Yoga Mat,Sports,809,10,18400,1,272,82,66338
14-08-2024,P1008,Yoga Mat,Sports,899,0,8778,1,214,58,52142
15-08-2024,P1008,Yoga Mat,Sports,899,0,10470,1,141,73,65627
16-08-2024,P1008,Yoga Mat,Sports,899,0,10338,1,68,73,65627
17-08-2024,P1008,Yoga Mat,Sports,899,0,5113,1,420,71,63829
18-08-2024,P1008,Yoga Mat,Sports,899,0,11233,0,360,60,53940
19-08-2024,P1008,Yoga Mat,Sports,764,15,7158,0,306,54,41256
20-08-2024,P1008,Yoga Mat,Sports,854,5,5255,0,244,62,52948
21-08-2024,P1008,Yoga Mat,Sports,854,5,6581,0,197,47,40138
22-08-2024,P1008,Yoga Mat,Sports,899,0,19797,0,159,38,34162
23-08-2024,P1008,Yoga Mat,Sports,899,0,14289,0,115,44,39556
24-08-2024,P1008,Yoga Mat,Sports,854,5,15752,0,57,58,49532
25-08-2024,P1008,Yoga Mat,Sports,899,0,4451,0,7,50,44950
26-08-2024,P1008,Yoga Mat,Sports,899,0,10553,0,420,36,32364
27-08-2024,P1008,Yoga Mat,Sports,899,0,5599,0,385,35,31465
28-08-2024,P1008,Yoga Mat,Sports,899,0,11814,0,344,41,36859
29-08-2024,P1008,Yoga Mat,Sports,764,15,6122,0,286,58,44312
30-08-2024,P1008,Yoga Mat,Sports,809,10,3514,0,233,53,42877
31-08-2024,P1008,Yoga Mat,Sports,854,5,5550,0,186,47,40138
01-09-2024,P1008,Yoga Mat,Sports,854,5,19705,0,124,62,52948
02-09-2024,P1008,Yoga Mat,Sports,809,10,15473,0,71,53,42877
03-09-2024,P1008,Yoga Mat,Sports,899,0,5882,0,39,32,28768
04-09-2024,P1008,Yoga Mat,Sports,854,5,6651,0,420,54,46116
05-09-2024,P1008,Yoga Mat,Sports,854,5,11496,0,380,40,34160
06-09-2024,P1008,Yoga Mat,Sports,629,30,18995,0,314,66,41514
07-09-2024,P1008,Yoga Mat,Sports,899,0,10442,0,266,48,43152
08-09-2024,P1008,Yoga Mat,Sports,854,5,5328,0,221,45,38430
09-09-2024,P1008,Yoga Mat,Sports,899,0,9204,0,186,35,31465
10-09-2024,P1008,Yoga Mat,Sports,899,0,16460,0,147,39,35061
11-09-2024,P1008,Yoga Mat,Sports,629,30,19902,0,68,79,49691
12-09-2024,P1008,Yoga Mat,Sports,719,20,16342,0,9,59,42421
13-09-2024,P1008,Yoga Mat,Sports,899,0,10001,0,420,36,32364
14-09-2024,P1008,Yoga Mat,Sports,899,0,11938,0,371,49,44051
15-09-2024,P1008,Yoga Mat,Sports,854,5,6981,0,317,54,46116
16-09-2024,P1008,Yoga Mat,Sports,854,5,17374,0,281,36,30744
17-09-2024,P1008,Yoga Mat,Sports,764,15,19368,0,216,65,49660
18-09-2024,P1008,Yoga Mat,Sports,899,0,3340,0,184,32,28768
19-09-2024,P1008,Yoga Mat,Sports,629,30,5156,0,128,56,35224
20-09-2024,P1008,Yoga Mat,Sports,899,0,9568,0,86,42,37758
21-09-2024,P1008,Yoga Mat,Sports,854,5,5864,0,34,52,44408
22-09-2024,P1008,Yoga Mat,Sports,809,10,13287,0,420,54,43686
23-09-2024,P1008,Yoga Mat,Sports,899,0,16872,0,378,42,37758
24-09-2024,P1008,Yoga Mat,Sports,809,10,2620,0,333,45,36405
25-09-2024,P1008,Yoga Mat,Sports,899,0,17082,0,285,48,43152
26-09-2024,P1008,Yoga Mat,Sports,899,0,11367,0,242,43,38657
27-09-2024,P1008,Yoga Mat,Sports,719,20,15728,0,166,76,54644
28-09-2024,P1008,Yoga Mat,Sports,899,0,6321,0,123,43,38657
29-09-2024,P1008,Yoga Mat,Sports,899,0,14074,0,80,43,38657
30-09-2024,P1008,Yoga Mat,Sports,899,0,14671,0,33,47,42253
01-10-2024,P1008,Yoga Mat,Sports,899,0,12318,0,420,42,37758
02-10-2024,P1008,Yoga Mat,Sports,899,0,18661,0,388,32,28768
03-10-2024,P1008,Yoga Mat,Sports,899,0,18055,0,346,42,37758
04-10-2024,P1008,Yoga Mat,Sports,764,15,15587,0,301,45,34380
05-10-2024,P1008,Yoga Mat,Sports,764,15,19703,0,229,72,55008
06-10-2024,P1008,Yoga Mat,Sports,899,0,10252,0,189,40,35960
07-10-2024,P1008,Yoga Mat,Sports,899,0,3594,0,156,33,29667
08-10-2024,P1008,Yoga Mat,Sports,854,5,12070,0,107,49,41846
09-10-2024,P1008,Yoga Mat,Sports,899,0,11324,0,80,27,24273
10-10-2024,P1008,Yoga Mat,Sports,809,10,6745,0,27,53,42877
11-10-2024,P1008,Yoga Mat,Sports,899,0,17740,0,420,46,41354
12-10-2024,P1008,Yoga Mat,Sports,854,5,3959,0,366,54,46116
13-10-2024,P1008,Yoga Mat,Sports,899,0,4237,0,299,67,60233
14-10-2024,P1008,Yoga Mat,Sports,719,20,6965,0,249,50,35950
15-10-2024,P1008,Yoga Mat,Sports,854,5,10960,0,210,39,33306
16-10-2024,P1008,Yoga Mat,Sports,809,10,9136,0,164,46,37214
17-10-2024,P1008,Yoga Mat,Sports,899,0,7378,0,132,32,28768
18-10-2024,P1008,Yoga Mat,Sports,629,30,2521,0,79,53,33337
19-10-2024,P1008,Yoga Mat,Sports,854,5,8348,0,28,51,43554
20-10-2024,P1008,Yoga Mat,Sports,899,0,14003,0,420,43,38657
21-10-2024,P1008,Yoga Mat,Sports,719,20,18516,0,355,65,46735
22-10-2024,P1008,Yoga Mat,Sports,764,15,2346,0,307,48,36672
23-10-2024,P1008,Yoga Mat,Sports,899,0,10625,0,275,32,28768
24-10-2024,P1008,Yoga Mat,Sports,854,5,6153,0,241,34,29036
25-10-2024,P1008,Yoga Mat,Sports,899,0,10588,0,202,39,35061
26-10-2024,P1008,Yoga Mat,Sports,854,5,10120,0,144,58,49532
27-10-2024,P1008,Yoga Mat,Sports,854,5,5600,0,97,47,40138
28-10-2024,P1008,Yoga Mat,Sports,899,0,2360,0,57,40,35960
29-10-2024,P1008,Yoga Mat,Sports,899,0,4871,0,29,28,25172
30-10-2024,P1008,Yoga Mat,Sports,899,0,2917,1,420,53,47647
31-10-2024,P1008,Yoga Mat,Sports,809,10,19028,1,362,58,46922
01-11-2024,P1008,Yoga Mat,Sports,899,0,8071,1,306,56,50344
02-11-2024,P1008,Yoga Mat,Sports,854,5,19223,1,230,76,64904
03-11-2024,P1008,Yoga Mat,Sports,809,10,15860,1,149,81,65529
04-11-2024,P1008,Yoga Mat,Sports,809,10,6009,0,111,38,30742
05-11-2024,P1008,Yoga Mat,Sports,899,0,17951,0,71,40,35960
06-11-2024,P1008,Yoga Mat,Sports,809,10,13982,0,32,39,31551
07-11-2024,P1008,Yoga Mat,Sports,899,0,3186,0,11,21,18879
08-11-2024,P1008,Yoga Mat,Sports,719,20,14399,0,420,59,42421
09-11-2024,P1008,Yoga Mat,Sports,899,0,15428,0,371,49,44051
10-11-2024,P1008,Yoga Mat,Sports,899,0,8918,0,329,42,37758
11-11-2024,P1008,Yoga Mat,Sports,899,0,15140,0,301,28,25172
12-11-2024,P1008,Yoga Mat,Sports,899,0,6007,0,274,27,24273
13-11-2024,P1008,Yoga Mat,Sports,899,0,6670,0,237,37,33263
14-11-2024,P1008,Yoga Mat,Sports,899,0,2490,0,211,26,23374
15-11-2024,P1008,Yoga Mat,Sports,899,0,13229,0,165,46,41354
16-11-2024,P1008,Yoga Mat,Sports,764,15,15421,0,112,53,40492
17-11-2024,P1008,Yoga Mat,Sports,899,0,13951,0,70,42,37758
18-11-2024,P1008,Yoga Mat,Sports,629,30,10382,0,17,53,33337
19-11-2024,P1008,Yoga Mat,Sports,899,0,4659,0,420,38,34162
20-11-2024,P1008,Yoga Mat,Sports,899,0,12017,0,379,41,36859
21-11-2024,P1008,Yoga Mat,Sports,809,10,16673,0,329,50,40450
22-11-2024,P1008,Yoga Mat,Sports,764,15,2270,0,284,45,34380
23-11-2024,P1008,Yoga Mat,Sports,899,0,19081,0,242,42,37758
24-11-2024,P1008,Yoga Mat,Sports,764,15,9035,0,174,68,51952
25-11-2024,P1008,Yoga Mat,Sports,719,20,17245,0,126,48,34512
26-11-2024,P1008,Yoga Mat,Sports,899,0,8956,0,88,38,34162
27-11-2024,P1008,Yoga Mat,Sports,899,0,5117,0,46,42,37758
28-11-2024,P1008,Yoga Mat,Sports,764,15,2393,0,6,40,30560
29-11-2024,P1008,Yoga Mat,Sports,899,0,6381,0,420,27,24273
30-11-2024,P1008,Yoga Mat,Sports,809,10,10224,0,373,47,38023
01-12-2024,P1008,Yoga Mat,Sports,899,0,8378,0,328,45,40455
02-12-2024,P1008,Yoga Mat,Sports,629,30,6837,0,272,56,35224
03-12-2024,P1008,Yoga Mat,Sports,899,0,3484,0,239,33,29667
04-12-2024,P1008,Yoga Mat,Sports,764,15,8622,0,181,58,44312
05-12-2024,P1008,Yoga Mat,Sports,809,10,2542,0,130,51,41259
06-12-2024,P1008,Yoga Mat,Sports,899,0,11425,0,77,53,47647
07-12-2024,P1008,Yoga Mat,Sports,899,0,19293,0,19,58,52142
08-12-2024,P1008,Yoga Mat,Sports,899,0,9568,0,420,62,55738
09-12-2024,P1008,Yoga Mat,Sports,809,10,12820,0,379,41,33169
10-12-2024,P1008,Yoga Mat,Sports,629,30,18334,0,320,59,37111
11-12-2024,P1008,Yoga Mat,Sports,809,10,12767,0,285,35,28315
12-12-2024,P1008,Yoga Mat,Sports,899,0,19409,0,241,44,39556
13-12-2024,P1008,Yoga Mat,Sports,854,5,9859,0,213,28,23912
14-12-2024,P1008,Yoga Mat,Sports,719,20,15530,0,154,59,42421
15-12-2024,P1008,Yoga Mat,Sports,899,0,4359,0,123,31,27869
16-12-2024,P1008,Yoga Mat,Sports,899,0,3380,0,89,34,30566
17-12-2024,P1008,Yoga Mat,Sports,899,0,13499,0,45,44,39556
18-12-2024,P1008,Yoga Mat,Sports,899,0,15155,0,5,40,35960
19-12-2024,P1008,Yoga Mat,Sports,764,15,17075,0,420,49,37436
20-12-2024,P1008,Yoga Mat,Sports,764,15,11807,0,366,54,41256
21-12-2024,P1008,Yoga Mat,Sports,899,0,11572,0,311,55,49445
22-12-2024,P1008,Yoga Mat,Sports,629,30,15685,0,238,73,45917
23-12-2024,P1008,Yoga Mat,Sports,899,0,8846,1,174,64,57536
24-12-2024,P1008,Yoga Mat,Sports,899,0,14095,1,122,52,46748
25-12-2024,P1008,Yoga Mat,Sports,764,15,3749,1,44,78,59592
26-12-2024,P1008,Yoga Mat,Sports,899,0,12660,1,420,65,58435
27-12-2024,P1008,Yoga Mat,Sports,764,15,17310,1,329,91,69524
28-12-2024,P1008,Yoga Mat,Sports,899,0,16555,0,284,45,40455
29-12-2024,P1008,Yoga Mat,Sports,809,10,19810,0,227,57,46113
30-12-2024,P1008,Yoga Mat,Sports,719,20,19312,0,167,60,43140
31-12-2024,P1008,Yoga Mat,Sports,764,15,17595,0,104,63,48132
01-01-2025,P1008,Yoga Mat,Sports,899,0,4963,0,78,26,23374
02-01-2025,P1008,Yoga Mat,Sports,899,0,6984,0,39,39,35061
03-01-2025,P1008,Yoga Mat,Sports,899,0,6034,0,11,28,25172
04-01-2025,P1008,Yoga Mat,Sports,719,20,14887,0,420,77,55363
05-01-2025,P1008,Yoga Mat,Sports,899,0,13474,0,367,53,47647
06-01-2025,P1008,Yoga Mat,Sports,899,0,19661,0,324,43,38657
07-01-2025,P1008,Yoga Mat,Sports,899,0,5364,0,289,35,31465
08-01-2025,P1008,Yoga Mat,Sports,899,0,18026,0,250,39,35061
09-01-2025,P1008,Yoga Mat,Sports,899,0,13110,0,216,34,30566
10-01-2025,P1008,Yoga Mat,Sports,764,15,6305,0,153,63,48132
11-01-2025,P1008,Yoga Mat,Sports,854,5,13974,0,106,47,40138
12-01-2025,P1008,Yoga Mat,Sports,899,0,8871,0,65,41,36859
13-01-2025,P1008,Yoga Mat,Sports,899,0,2630,0,36,29,26071
14-01-2025,P1008,Yoga Mat,Sports,809,10,11126,0,420,40,32360
15-01-2025,P1008,Yoga Mat,Sports,899,0,7999,0,383,37,33263
16-01-2025,P1008,Yoga Mat,Sports,854,5,15736,0,340,43,36722
17-01-2025,P1008,Yoga Mat,Sports,899,0,19437,0,296,44,39556
18-01-2025,P1008,Yoga Mat,Sports,809,10,10782,0,239,57,46113
19-01-2025,P1008,Yoga Mat,Sports,899,0,7612,0,188,51,45849
20-01-2025,P1008,Yoga Mat,Sports,899,0,6668,0,153,35,31465
21-01-2025,P1008,Yoga Mat,Sports,899,0,8024,0,109,44,39556
22-01-2025,P1008,Yoga Mat,Sports,899,0,5600,0,72,37,33263
23-01-2025,P1008,Yoga Mat,Sports,629,30,5127,0,420,72,45288
24-01-2025,P1008,Yoga Mat,Sports,764,15,17994,1,326,94,71816
25-01-2025,P1008,Yoga Mat,Sports,899,0,13880,1,236,90,80910
26-01-2025,P1008,Yoga Mat,Sports,899,0,18059,1,147,89,80011
27-01-2025,P1008,Yoga Mat,Sports,899,0,19122,1,82,65,58435
28-01-2025,P1008,Yoga Mat,Sports,854,5,10928,1,16,66,56364
29-01-2025,P1008,Yoga Mat,Sports,899,0,2618,0,420,45,40455
30-01-2025,P1008,Yoga Mat,Sports,854,5,12353,0,371,49,41846
31-01-2025,P1008,Yoga Mat,Sports,719,20,10059,0,300,71,51049
01-02-2025,P1008,Yoga Mat,Sports,809,10,10282,0,234,66,53394
02-02-2025,P1008,Yoga Mat,Sports,899,0,11319,0,190,44,39556
03-02-2025,P1008,Yoga Mat,Sports,899,0,4093,0,160,30,26970
04-02-2025,P1008,Yoga Mat,Sports,899,0,18797,0,120,40,35960
05-02-2025,P1008,Yoga Mat,Sports,899,0,13439,0,85,35,31465
06-02-2025,P1008,Yoga Mat,Sports,809,10,14253,0,41,44,35596
07-02-2025,P1008,Yoga Mat,Sports,809,10,13370,0,420,60,48540
08-02-2025,P1008,Yoga Mat,Sports,809,10,7377,0,361,59,47731
09-02-2025,P1008,Yoga Mat,Sports,899,0,14450,0,305,56,50344
10-02-2025,P1008,Yoga Mat,Sports,899,0,9103,0,252,53,47647
11-02-2025,P1008,Yoga Mat,Sports,899,0,15406,0,214,38,34162
12-02-2025,P1008,Yoga Mat,Sports,809,10,10727,0,162,52,42068
13-02-2025,P1008,Yoga Mat,Sports,899,0,6210,0,117,45,40455
14-02-2025,P1008,Yoga Mat,Sports,899,0,8680,0,80,37,33263
15-02-2025,P1008,Yoga Mat,Sports,899,0,18635,0,13,67,60233
16-02-2025,P1008,Yoga Mat,Sports,899,0,2566,0,420,50,44950
17-02-2025,P1008,Yoga Mat,Sports,809,10,8407,0,366,54,43686
18-02-2025,P1008,Yoga Mat,Sports,899,0,12130,0,314,52,46748
19-02-2025,P1008,Yoga Mat,Sports,899,0,17282,0,268,46,41354
20-02-2025,P1008,Yoga Mat,Sports,899,0,16902,0,219,49,44051
21-02-2025,P1008,Yoga Mat,Sports,854,5,17498,0,174,45,38430
22-02-2025,P1008,Yoga Mat,Sports,899,0,3368,0,126,48,43152
23-02-2025,P1008,Yoga Mat,Sports,899,0,16596,0,49,77,69223
24-02-2025,P1008,Yoga Mat,Sports,899,0,4364,0,3,46,41354
25-02-2025,P1008,Yoga Mat,Sports,899,0,16016,0,420,53,47647
26-02-2025,P1008,Yoga Mat,Sports,719,20,18774,0,349,71,51049
27-02-2025,P1008,Yoga Mat,Sports,809,10,18054,0,290,59,47731
28-02-2025,P1008,Yoga Mat,Sports,899,0,11037,0,254,36,32364
01-03-2025,P1008,Yoga Mat,Sports,899,0,9036,0,192,62,55738
02-03-2025,P1008,Yoga Mat,Sports,809,10,11653,0,118,74,59866
03-03-2025,P1008,Yoga Mat,Sports,809,10,9867,0,67,51,41259
04-03-2025,P1008,Yoga Mat,Sports,899,0,7461,0,12,55,49445
05-03-2025,P1008,Yoga Mat,Sports,899,0,15321,0,420,42,37758
06-03-2025,P1008,Yoga Mat,Sports,899,0,4039,0,379,41,36859
07-03-2025,P1008,Yoga Mat,Sports,899,0,3350,0,341,38,34162
08-03-2025,P1008,Yoga Mat,Sports,899,0,7078,0,284,57,51243
09-03-2025,P1008,Yoga Mat,Sports,899,0,15341,0,220,64,57536
10-03-2025,P1008,Yoga Mat,Sports,899,0,7698,0,176,44,39556
11-03-2025,P1008,Yoga Mat,Sports,899,0,18786,0,131,45,40455
12-03-2025,P1008,Yoga Mat,Sports,899,0,15115,1,52,79,71021
13-03-2025,P1008,Yoga Mat,Sports,809,10,10455,1,420,79,63911
14-03-2025,P1008,Yoga Mat,Sports,899,0,10905,1,351,69,62031
15-03-2025,P1008,Yoga Mat,Sports,854,5,3933,1,266,85,72590
16-03-2025,P1008,Yoga Mat,Sports,809,10,17669,1,140,126,101934
17-03-2025,P1008,Yoga Mat,Sports,854,5,6895,0,86,54,46116
18-03-2025,P1008,Yoga Mat,Sports,899,0,2508,0,44,42,37758
19-03-2025,P1008,Yoga Mat,Sports,809,10,10753,0,420,48,38832
20-03-2025,P1008,Yoga Mat,Sports,764,15,15730,0,356,64,48896
21-03-2025,P1008,Yoga Mat,Sports,854,5,9377,0,303,53,45262
22-03-2025,P1008,Yoga Mat,Sports,899,0,10507,0,256,47,42253
23-03-2025,P1008,Yoga Mat,Sports,899,0,5534,0,205,51,45849
24-03-2025,P1008,Yoga Mat,Sports,809,10,4648,0,156,49,39641
25-03-2025,P1008,Yoga Mat,Sports,854,5,9574,0,118,38,32452
26-03-2025,P1008,Yoga Mat,Sports,899,0,13017,0,67,51,45849
27-03-2025,P1008,Yoga Mat,Sports,764,15,19876,0,420,76,58064
28-03-2025,P1008,Yoga Mat,Sports,764,15,5261,0,353,67,51188
29-03-2025,P1008,Yoga Mat,Sports,899,0,17601,0,283,70,62930
30-03-2025,P1008,Yoga Mat,Sports,719,20,14589,0,201,82,58958
31-03-2025,P1008,Yoga Mat,Sports,899,0,6228,0,150,51,45849
01-04-2025,P1008,Yoga Mat,Sports,899,0,18442,0,104,46,41354
02-04-2025,P1008,Yoga Mat,Sports,854,5,15732,0,35,69,58926
03-04-2025,P1008,Yoga Mat,Sports,899,0,9604,0,420,54,48546
04-04-2025,P1008,Yoga Mat,Sports,629,30,15445,0,347,73,45917
05-04-2025,P1008,Yoga Mat,Sports,854,5,16804,0,269,78,66612
06-04-2025,P1008,Yoga Mat,Sports,854,5,7292,0,212,57,48678
07-04-2025,P1008,Yoga Mat,Sports,899,0,17554,0,167,45,40455
08-04-2025,P1008,Yoga Mat,Sports,899,0,13381,0,124,43,38657
09-04-2025,P1008,Yoga Mat,Sports,764,15,11406,0,66,58,44312
10-04-2025,P1008,Yoga Mat,Sports,809,10,2979,0,28,38,30742
11-04-2025,P1008,Yoga Mat,Sports,899,0,16034,0,420,66,59334
12-04-2025,P1008,Yoga Mat,Sports,764,15,10703,0,352,68,51952
13-04-2025,P1008,Yoga Mat,Sports,809,10,17553,0,272,80,64720
14-04-2025,P1008,Yoga Mat,Sports,899,0,2330,0,242,30,26970
15-04-2025,P1008,Yoga Mat,Sports,854,5,9646,0,177,65,55510
16-04-2025,P1008,Yoga Mat,Sports,899,0,11509,0,116,61,54839
17-04-2025,P1008,Yoga Mat,Sports,899,0,9230,0,77,39,35061
18-04-2025,P1008,Yoga Mat,Sports,719,20,14163,0,5,72,51768
19-04-2025,P1008,Yoga Mat,Sports,899,0,2927,0,420,57,51243
20-04-2025,P1008,Yoga Mat,Sports,764,15,8461,0,329,91,69524
21-04-2025,P1008,Yoga Mat,Sports,719,20,19809,0,273,56,40264
22-04-2025,P1008,Yoga Mat,Sports,809,10,16816,0,221,52,42068
23-04-2025,P1008,Yoga Mat,Sports,719,20,6087,0,156,65,46735
24-04-2025,P1008,Yoga Mat,Sports,899,0,12110,0,118,38,34162
25-04-2025,P1008,Yoga Mat,Sports,899,0,16639,0,67,51,45849
26-04-2025,P1008,Yoga Mat,Sports,899,0,11666,0,7,60,53940
27-04-2025,P1008,Yoga Mat,Sports,809,10,4361,0,420,91,73619
28-04-2025,P1008,Yoga Mat,Sports,899,0,19008,0,374,46,41354
29-04-2025,P1008,Yoga Mat,Sports,899,0,12225,0,313,61,54839
30-04-2025,P1008,Yoga Mat,Sports,854,5,4674,0,254,59,50386
01-05-2025,P1008,Yoga Mat,Sports,899,0,4797,0,204,50,44950
02-05-2025,P1008,Yoga Mat,Sports,854,5,4548,0,141,63,53802
03-05-2025,P1008,Yoga Mat,Sports,899,0,17182,0,53,88,79112
04-05-2025,P1008,Yoga Mat,Sports,809,10,2668,0,420,71,57439
05-05-2025,P1008,Yoga Mat,Sports,899,0,7231,0,372,48,43152
06-05-2025,P1008,Yoga Mat,Sports,809,10,3173,0,320,52,42068
07-05-2025,P1008,Yoga Mat,Sports,899,0,7157,0,277,43,38657
08-05-2025,P1008,Yoga Mat,Sports,899,0,7434,0,225,52,46748
09-05-2025,P1008,Yoga Mat,Sports,629,30,17647,0,131,94,59126
10-05-2025,P1008,Yoga Mat,Sports,899,0,11965,0,71,60,53940
11-05-2025,P1008,Yoga Mat,Sports,899,0,14908,0,7,64,57536
12-05-2025,P1008,Yoga Mat,Sports,899,0,6612,0,420,50,44950
13-05-2025,P1008,Yoga Mat,Sports,629,30,8037,0,352,68,42772
14-05-2025,P1008,Yoga Mat,Sports,899,0,17799,0,292,60,53940
15-05-2025,P1008,Yoga Mat,Sports,899,0,10863,0,238,54,48546
16-05-2025,P1008,Yoga Mat,Sports,899,0,14901,0,183,55,49445
17-05-2025,P1008,Yoga Mat,Sports,764,15,10959,0,99,84,64176
18-05-2025,P1008,Yoga Mat,Sports,899,0,7260,0,37,62,55738
19-05-2025,P1008,Yoga Mat,Sports,899,0,14638,0,420,42,37758
20-05-2025,P1008,Yoga Mat,Sports,899,0,10456,0,374,46,41354
21-05-2025,P1008,Yoga Mat,Sports,899,0,9415,0,323,51,45849
22-05-2025,P1008,Yoga Mat,Sports,899,0,5313,0,277,46,41354
23-05-2025,P1008,Yoga Mat,Sports,899,0,18306,0,211,66,59334
24-05-2025,P1008,Yoga Mat,Sports,899,0,17978,0,144,67,60233
25-05-2025,P1008,Yoga Mat,Sports,854,5,11780,0,83,61,52094
26-05-2025,P1008,Yoga Mat,Sports,899,0,13210,0,30,53,47647
27-05-2025,P1008,Yoga Mat,Sports,899,0,19106,0,420,49,44051
28-05-2025,P1008,Yoga Mat,Sports,899,0,5367,0,376,44,39556
29-05-2025,P1008,Yoga Mat,Sports,629,30,12908,0,288,88,55352
30-05-2025,P1008,Yoga Mat,Sports,899,0,6735,0,237,51,45849
31-05-2025,P1008,Yoga Mat,Sports,899,0,15565,0,179,58,52142
01-06-2025,P1008,Yoga Mat,Sports,899,0,3281,0,134,45,40455
02-06-2025,P1008,Yoga Mat,Sports,809,10,9338,0,71,63,50967
03-06-2025,P1008,Yoga Mat,Sports,899,0,12757,0,13,58,52142
04-06-2025,P1008,Yoga Mat,Sports,719,20,18935,0,420,69,49611
05-06-2025,P1008,Yoga Mat,Sports,854,5,8673,0,349,71,60634
06-06-2025,P1008,Yoga Mat,Sports,809,10,3034,0,294,55,44495
07-06-2025,P1008,Yoga Mat,Sports,899,0,12715,0,201,93,83607
08-06-2025,P1008,Yoga Mat,Sports,809,10,11448,0,126,75,60675
09-06-2025,P1008,Yoga Mat,Sports,899,0,15708,0,69,57,51243
10-06-2025,P1008,Yoga Mat,Sports,899,0,19238,0,10,59,53041
11-06-2025,P1008,Yoga Mat,Sports,899,0,7332,0,420,51,45849
12-06-2025,P1008,Yoga Mat,Sports,809,10,3062,0,364,56,45304
13-06-2025,P1008,Yoga Mat,Sports,764,15,15975,0,299,65,49660
14-06-2025,P1008,Yoga Mat,Sports,899,0,11059,0,245,54,48546
15-06-2025,P1008,Yoga Mat,Sports,764,15,9235,0,166,79,60356
16-06-2025,P1008,Yoga Mat,Sports,899,0,14705,0,111,55,49445
17-06-2025,P1008,Yoga Mat,Sports,809,10,11364,0,46,65,52585
18-06-2025,P1008,Yoga Mat,Sports,764,15,9640,0,420,61,46604
19-06-2025,P1008,Yoga Mat,Sports,854,5,5547,0,363,57,48678
20-06-2025,P1008,Yoga Mat,Sports,899,0,7442,0,307,56,50344
21-06-2025,P1008,Yoga Mat,Sports,899,0,6214,0,239,68,61132
22-06-2025,P1008,Yoga Mat,Sports,629,30,4930,0,142,97,61013
23-06-2025,P1008,Yoga Mat,Sports,899,0,13192,0,89,53,47647
24-06-2025,P1008,Yoga Mat,Sports,764,15,7890,0,12,77,58828
25-06-2025,P1008,Yoga Mat,Sports,629,30,17555,0,420,91,57239
26-06-2025,P1008,Yoga Mat,Sports,719,20,3280,0,350,70,50330
27-06-2025,P1008,Yoga Mat,Sports,899,0,4027,0,293,57,51243
28-06-2025,P1008,Yoga Mat,Sports,899,0,13912,0,224,69,62031
29-06-2025,P1008,Yoga Mat,Sports,764,15,6366,0,143,81,61884
30-06-2025,P1008,Yoga Mat,Sports,719,20,2721,0,66,77,55363
01-07-2025,P1008,Yoga Mat,Sports,899,0,11706,0,13,53,47647
02-07-2025,P1008,Yoga Mat,Sports,899,0,16661,0,420,43,38657
03-07-2025,P1008,Yoga Mat,Sports,854,5,19216,0,356,64,54656
04-07-2025,P1008,Yoga Mat,Sports,899,0,10558,0,322,34,30566
05-07-2025,P1008,Yoga Mat,Sports,899,0,8972,0,255,67,60233
06-07-2025,P1008,Yoga Mat,Sports,899,0,2865,0,192,63,56637
07-07-2025,P1008,Yoga Mat,Sports,719,20,9766,0,123,69,49611
08-07-2025,P1008,Yoga Mat,Sports,899,0,11991,0,78,45,40455
09-07-2025,P1008,Yoga Mat,Sports,899,0,15587,0,29,49,44051
10-07-2025,P1008,Yoga Mat,Sports,899,0,12429,0,420,50,44950
11-07-2025,P1008,Yoga Mat,Sports,854,5,18675,0,363,57,48678
12-07-2025,P1008,Yoga Mat,Sports,899,0,9439,0,316,47,42253
13-07-2025,P1008,Yoga Mat,Sports,764,15,17297,0,239,77,58828
14-07-2025,P1008,Yoga Mat,Sports,899,0,13498,0,191,48,43152
15-07-2025,P1008,Yoga Mat,Sports,899,0,14883,0,126,65,58435
16-07-2025,P1008,Yoga Mat,Sports,764,15,18521,0,52,74,56536
17-07-2025,P1008,Yoga Mat,Sports,899,0,7590,0,420,64,57536
18-07-2025,P1008,Yoga Mat,Sports,809,10,12979,0,361,59,47731
19-07-2025,P1008,Yoga Mat,Sports,764,15,8891,0,282,79,60356
20-07-2025,P1008,Yoga Mat,Sports,899,0,17471,0,222,60,53940
21-07-2025,P1008,Yoga Mat,Sports,854,5,4163,0,182,40,34160
22-07-2025,P1008,Yoga Mat,Sports,854,5,8482,0,131,51,43554
23-07-2025,P1008,Yoga Mat,Sports,629,30,4193,0,49,82,51578
24-07-2025,P1008,Yoga Mat,Sports,899,0,19355,0,420,58,52142
25-07-2025,P1008,Yoga Mat,Sports,809,10,5595,0,359,61,49349
26-07-2025,P1008,Yoga Mat,Sports,899,0,10199,0,288,71,63829
27-07-2025,P1008,Yoga Mat,Sports,899,0,4622,0,235,53,47647
28-07-2025,P1008,Yoga Mat,Sports,899,0,9649,0,174,61,54839
29-07-2025,P1008,Yoga Mat,Sports,899,0,6511,0,123,51,45849
30-07-2025,P1008,Yoga Mat,Sports,764,15,16567,0,55,68,51952
31-07-2025,P1008,Yoga Mat,Sports,899,0,13232,0,11,44,39556
01-08-2025,P1008,Yoga Mat,Sports,899,0,5014,0,420,47,42253
02-08-2025,P1008,Yoga Mat,Sports,899,0,19687,0,356,64,57536
03-08-2025,P1008,Yoga Mat,Sports,899,0,7773,0,303,53,47647
04-08-2025,P1008,Yoga Mat,Sports,899,0,13246,0,258,45,40455
05-08-2025,P1008,Yoga Mat,Sports,899,0,14211,0,207,51,45849
06-08-2025,P1008,Yoga Mat,Sports,899,0,15128,0,150,57,51243
07-08-2025,P1008,Yoga Mat,Sports,899,0,6328,0,102,48,43152
08-08-2025,P1008,Yoga Mat,Sports,809,10,8128,0,39,63,50967
09-08-2025,P1008,Yoga Mat,Sports,809,10,14434,0,420,85,68765
10-08-2025,P1008,Yoga Mat,Sports,899,0,6769,0,361,59,53041
11-08-2025,P1008,Yoga Mat,Sports,854,5,12252,0,303,58,49532
12-08-2025,P1008,Yoga Mat,Sports,899,0,6070,0,261,42,37758
13-08-2025,P1008,Yoga Mat,Sports,899,0,7689,1,194,67,60233
14-08-2025,P1008,Yoga Mat,Sports,719,20,17814,1,98,96,69024
15-08-2025,P1008,Yoga Mat,Sports,899,0,16263,1,23,75,67425
16-08-2025,P1008,Yoga Mat,Sports,899,0,9831,1,420,112,100688
17-08-2025,P1008,Yoga Mat,Sports,719,20,6218,1,309,111,79809
18-08-2025,P1008,Yoga Mat,Sports,899,0,18121,0,255,54,48546
19-08-2025,P1008,Yoga Mat,Sports,899,0,19095,0,198,57,51243
20-08-2025,P1008,Yoga Mat,Sports,809,10,3822,0,133,65,52585
21-08-2025,P1008,Yoga Mat,Sports,764,15,14827,0,68,65,49660
22-08-2025,P1008,Yoga Mat,Sports,809,10,2066,0,9,59,47731
23-08-2025,P1008,Yoga Mat,Sports,764,15,16573,0,420,74,56536
24-08-2025,P1008,Yoga Mat,Sports,899,0,15340,0,346,74,66526
25-08-2025,P1008,Yoga Mat,Sports,764,15,12570,0,295,51,38964
26-08-2025,P1008,Yoga Mat,Sports,899,0,4196,0,247,48,43152
27-08-2025,P1008,Yoga Mat,Sports,899,0,4458,0,203,44,39556
28-08-2025,P1008,Yoga Mat,Sports,719,20,11403,0,127,76,54644
29-08-2025,P1008,Yoga Mat,Sports,899,0,14501,0,93,34,30566
30-08-2025,P1008,Yoga Mat,Sports,899,0,16036,0,18,75,67425
31-08-2025,P1008,Yoga Mat,Sports,854,5,10464,0,420,67,57218
01-09-2025,P1008,Yoga Mat,Sports,809,10,11481,0,351,69,55821
02-09-2025,P1008,Yoga Mat,Sports,719,20,2315,0,283,68,48892
03-09-2025,P1008,Yoga Mat,Sports,854,5,18962,0,223,60,51240
04-09-2025,P1008,Yoga Mat,Sports,899,0,5069,0,176,47,42253
05-09-2025,P1008,Yoga Mat,Sports,899,0,15110,0,122,54,48546
06-09-2025,P1008,Yoga Mat,Sports,899,0,8818,0,61,61,54839
07-09-2025,P1008,Yoga Mat,Sports,899,0,3513,0,420,64,57536
08-09-2025,P1008,Yoga Mat,Sports,854,5,9442,0,357,63,53802
09-09-2025,P1008,Yoga Mat,Sports,899,0,8709,0,318,39,35061
10-09-2025,P1008,Yoga Mat,Sports,899,0,11744,0,264,54,48546
11-09-2025,P1008,Yoga Mat,Sports,899,0,17312,0,216,48,43152
12-09-2025,P1008,Yoga Mat,Sports,809,10,14832,0,158,58,46922
13-09-2025,P1008,Yoga Mat,Sports,899,0,2981,0,105,53,47647
14-09-2025,P1008,Yoga Mat,Sports,899,0,4701,0,46,59,53041
15-09-2025,P1008,Yoga Mat,Sports,764,15,6506,0,420,61,46604
16-09-2025,P1008,Yoga Mat,Sports,899,0,14400,0,381,39,35061
17-09-2025,P1008,Yoga Mat,Sports,854,5,14026,0,327,54,46116
18-09-2025,P1008,Yoga Mat,Sports,899,0,18772,0,291,36,32364
19-09-2025,P1008,Yoga Mat,Sports,719,20,6840,0,220,71,51049
20-09-2025,P1008,Yoga Mat,Sports,764,15,2874,0,149,71,54244
21-09-2025,P1008,Yoga Mat,Sports,899,0,14401,0,84,65,58435
22-09-2025,P1008,Yoga Mat,Sports,809,10,16398,0,27,57,46113
23-09-2025,P1008,Yoga Mat,Sports,809,10,13996,0,420,49,39641
24-09-2025,P1008,Yoga Mat,Sports,899,0,16020,0,378,42,37758
25-09-2025,P1008,Yoga Mat,Sports,809,10,19848,0,321,57,46113
26-09-2025,P1008,Yoga Mat,Sports,854,5,2152,0,277,44,37576
27-09-2025,P1008,Yoga Mat,Sports,899,0,9867,0,231,46,41354
28-09-2025,P1008,Yoga Mat,Sports,899,0,5296,0,175,56,50344
29-09-2025,P1008,Yoga Mat,Sports,719,20,18097,0,96,79,56801
30-09-2025,P1008,Yoga Mat,Sports,899,0,8683,0,40,56,50344
01-10-2025,P1008,Yoga Mat,Sports,899,0,6444,0,420,51,45849
02-10-2025,P1008,Yoga Mat,Sports,764,15,18704,0,366,54,41256
03-10-2025,P1008,Yoga Mat,Sports,899,0,9258,0,327,39,35061
04-10-2025,P1008,Yoga Mat,Sports,899,0,15331,0,262,65,58435
05-10-2025,P1008,Yoga Mat,Sports,899,0,3189,0,212,50,44950
06-10-2025,P1008,Yoga Mat,Sports,719,20,8150,0,150,62,44578
07-10-2025,P1008,Yoga Mat,Sports,854,5,4019,0,98,52,44408
08-10-2025,P1008,Yoga Mat,Sports,809,10,13025,0,47,51,41259
09-10-2025,P1008,Yoga Mat,Sports,764,15,16374,0,420,51,38964
10-10-2025,P1008,Yoga Mat,Sports,899,0,4017,0,373,47,42253
11-10-2025,P1008,Yoga Mat,Sports,899,0,14717,0,309,64,57536
12-10-2025,P1008,Yoga Mat,Sports,899,0,8412,0,259,50,44950
13-10-2025,P1008,Yoga Mat,Sports,899,0,2009,0,221,38,34162
14-10-2025,P1008,Yoga Mat,Sports,899,0,12268,0,181,40,35960
15-10-2025,P1008,Yoga Mat,Sports,899,0,19604,0,134,47,42253
16-10-2025,P1008,Yoga Mat,Sports,899,0,9419,0,98,36,32364
17-10-2025,P1008,Yoga Mat,Sports,899,0,11939,0,65,33,29667
18-10-2025,P1008,Yoga Mat,Sports,899,0,14731,1,420,120,107880
19-10-2025,P1008,Yoga Mat,Sports,629,30,14348,1,268,152,95608
20-10-2025,P1008,Yoga Mat,Sports,899,0,16132,1,199,69,62031
21-10-2025,P1008,Yoga Mat,Sports,719,20,11548,1,105,94,67586
22-10-2025,P1008,Yoga Mat,Sports,854,5,14282,1,28,77,65758
23-10-2025,P1008,Yoga Mat,Sports,629,30,8040,0,420,61,38369
24-10-2025,P1008,Yoga Mat,Sports,899,0,10226,0,393,27,24273
25-10-2025,P1008,Yoga Mat,Sports,899,0,5144,0,356,37,33263
26-10-2025,P1008,Yoga Mat,Sports,854,5,11859,0,300,56,47824
27-10-2025,P1008,Yoga Mat,Sports,899,0,5952,0,267,33,29667
28-10-2025,P1008,Yoga Mat,Sports,809,10,4092,0,222,45,36405
29-10-2025,P1008,Yoga Mat,Sports,899,0,10583,0,189,33,29667
30-10-2025,P1008,Yoga Mat,Sports,899,0,19466,0,141,48,43152
31-10-2025,P1008,Yoga Mat,Sports,899,0,15256,0,92,49,44051
01-11-2025,P1008,Yoga Mat,Sports,899,0,11646,0,43,49,44051
02-11-2025,P1008,Yoga Mat,Sports,899,0,15518,0,420,52,46748
03-11-2025,P1008,Yoga Mat,Sports,899,0,12734,0,376,44,39556
04-11-2025,P1008,Yoga Mat,Sports,899,0,10950,0,334,42,37758
05-11-2025,P1008,Yoga Mat,Sports,764,15,8891,0,276,58,44312
06-11-2025,P1008,Yoga Mat,Sports,899,0,7734,0,231,45,40455
07-11-2025,P1008,Yoga Mat,Sports,899,0,18742,0,194,37,33263
08-11-2025,P1008,Yoga Mat,Sports,899,0,4045,0,139,55,49445
09-11-2025,P1008,Yoga Mat,Sports,899,0,12548,0,94,45,40455
10-11-2025,P1008,Yoga Mat,Sports,854,5,17942,0,46,48,40992
11-11-2025,P1008,Yoga Mat,Sports,899,0,14727,0,420,50,44950
12-11-2025,P1008,Yoga Mat,Sports,899,0,17757,0,373,47,42253
13-11-2025,P1008,Yoga Mat,Sports,899,0,5131,0,333,40,35960
14-11-2025,P1008,Yoga Mat,Sports,899,0,4683,0,288,45,40455
15-11-2025,P1008,Yoga Mat,Sports,809,10,2845,0,229,59,47731
16-11-2025,P1008,Yoga Mat,Sports,809,10,12457,0,166,63,50967
17-11-2025,P1008,Yoga Mat,Sports,899,0,9612,0,120,46,41354
18-11-2025,P1008,Yoga Mat,Sports,854,5,19573,0,66,54,46116
19-11-2025,P1008,Yoga Mat,Sports,899,0,17657,0,11,55,49445
20-11-2025,P1008,Yoga Mat,Sports,899,0,15328,0,420,41,36859
21-11-2025,P1008,Yoga Mat,Sports,899,0,11877,0,379,41,36859
22-11-2025,P1008,Yoga Mat,Sports,899,0,17345,0,321,58,52142
23-11-2025,P1008,Yoga Mat,Sports,899,0,9179,0,282,39,35061
24-11-2025,P1008,Yoga Mat,Sports,719,20,16559,0,215,67,48173
25-11-2025,P1008,Yoga Mat,Sports,809,10,15981,0,153,62,50158
26-11-2025,P1008,Yoga Mat,Sports,809,10,7563,0,97,56,45304
27-11-2025,P1008,Yoga Mat,Sports,899,0,11643,0,53,44,39556
28-11-2025,P1008,Yoga Mat,Sports,854,5,14764,0,12,41,35014
29-11-2025,P1008,Yoga Mat,Sports,854,5,18690,0,420,73,62342
30-11-2025,P1008,Yoga Mat,Sports,899,0,16403,0,371,49,44051
01-12-2025,P1008,Yoga Mat,Sports,899,0,13929,0,332,39,35061
02-12-2025,P1008,Yoga Mat,Sports,899,0,9859,0,289,43,38657
03-12-2025,P1008,Yoga Mat,Sports,899,0,5191,0,229,60,53940
04-12-2025,P1008,Yoga Mat,Sports,854,5,9233,0,188,41,35014
05-12-2025,P1008,Yoga Mat,Sports,854,5,13165,0,151,37,31598
06-12-2025,P1008,Yoga Mat,Sports,899,0,9818,0,86,65,58435
07-12-2025,P1008,Yoga Mat,Sports,899,0,3276,0,39,47,42253
08-12-2025,P1008,Yoga Mat,Sports,899,0,19420,0,420,47,42253
09-12-2025,P1008,Yoga Mat,Sports,899,0,12279,0,376,44,39556
10-12-2025,P1008,Yoga Mat,Sports,809,10,5604,0,336,40,32360
11-12-2025,P1008,Yoga Mat,Sports,719,20,16191,0,276,60,43140
12-12-2025,P1008,Yoga Mat,Sports,854,5,3777,0,222,54,46116
13-12-2025,P1008,Yoga Mat,Sports,719,20,3646,0,162,60,43140
14-12-2025,P1008,Yoga Mat,Sports,899,0,12635,0,105,57,51243
15-12-2025,P1008,Yoga Mat,Sports,899,0,11182,0,66,39,35061
16-12-2025,P1008,Yoga Mat,Sports,719,20,8395,0,11,55,39545
17-12-2025,P1008,Yoga Mat,Sports,899,0,12200,0,420,35,31465
18-12-2025,P1008,Yoga Mat,Sports,899,0,8864,0,379,41,36859
19-12-2025,P1008,Yoga Mat,Sports,809,10,14386,0,322,57,46113
20-12-2025,P1008,Yoga Mat,Sports,899,0,3115,0,290,32,28768
21-12-2025,P1008,Yoga Mat,Sports,899,0,4344,0,227,63,56637
22-12-2025,P1008,Yoga Mat,Sports,899,0,17111,0,185,42,37758
23-12-2025,P1008,Yoga Mat,Sports,899,0,12640,1,128,57,51243
24-12-2025,P1008,Yoga Mat,Sports,719,20,6129,1,50,78,56082
25-12-2025,P1008,Yoga Mat,Sports,899,0,9139,1,420,64,57536
26-12-2025,P1008,Yoga Mat,Sports,899,0,4525,1,355,65,58435
27-12-2025,P1008,Yoga Mat,Sports,809,10,11905,1,260,95,76855
28-12-2025,P1008,Yoga Mat,Sports,899,0,14426,0,207,53,47647
29-12-2025,P1008,Yoga Mat,Sports,899,0,12051,0,159,48,43152
30-12-2025,P1008,Yoga Mat,Sports,899,0,3496,0,124,35,31465
31-12-2025,P1008,Yoga Mat,Sports,899,0,12909,0,72,52,46748
01-01-2026,P1008,Yoga Mat,Sports,809,10,18003,0,26,46,37214
02-01-2026,P1008,Yoga Mat,Sports,899,0,7005,0,420,60,53940
03-01-2026,P1008,Yoga Mat,Sports,719,20,16826,0,327,93,66867
04-01-2026,P1008,Yoga Mat,Sports,899,0,9246,0,275,52,46748
05-01-2026,P1008,Yoga Mat,Sports,899,0,10760,0,224,51,45849
06-01-2026,P1008,Yoga Mat,Sports,899,0,12681,0,180,44,39556
07-01-2026,P1008,Yoga Mat,Sports,899,0,3270,0,131,49,44051
08-01-2026,P1008,Yoga Mat,Sports,899,0,6051,0,88,43,38657
09-01-2026,P1008,Yoga Mat,Sports,629,30,18064,0,12,76,47804
10-01-2026,P1008,Yoga Mat,Sports,899,0,5709,0,420,57,51243
11-01-2026,P1008,Yoga Mat,Sports,899,0,16660,0,362,58,52142
12-01-2026,P1008,Yoga Mat,Sports,899,0,19312,0,320,42,37758
13-01-2026,P1008,Yoga Mat,Sports,854,5,3675,0,281,39,33306
14-01-2026,P1008,Yoga Mat,Sports,899,0,16402,0,242,39,35061
15-01-2026,P1008,Yoga Mat,Sports,899,0,10647,0,199,43,38657
16-01-2026,P1008,Yoga Mat,Sports,899,0,2272,0,155,44,39556
17-01-2026,P1008,Yoga Mat,Sports,899,0,5805,0,90,65,58435
18-01-2026,P1008,Yoga Mat,Sports,719,20,5910,0,13,77,55363
19-01-2026,P1008,Yoga Mat,Sports,719,20,7086,0,420,67,48173
20-01-2026,P1008,Yoga Mat,Sports,899,0,15348,0,373,47,42253
21-01-2026,P1008,Yoga Mat,Sports,809,10,11004,0,325,48,38832
22-01-2026,P1008,Yoga Mat,Sports,809,10,6879,0,269,56,45304
23-01-2026,P1008,Yoga Mat,Sports,719,20,12853,0,204,65,46735
24-01-2026,P1008,Yoga Mat,Sports,809,10,3751,1,113,91,73619
25-01-2026,P1008,Yoga Mat,Sports,899,0,7711,1,33,80,71920
26-01-2026,P1008,Yoga Mat,Sports,899,0,6685,1,420,52,46748
27-01-2026,P1008,Yoga Mat,Sports,899,0,3216,1,346,74,66526
28-01-2026,P1008,Yoga Mat,Sports,719,20,19701,1,238,108,77652
29-01-2026,P1008,Yoga Mat,Sports,899,0,14570,0,189,49,44051
30-01-2026,P1008,Yoga Mat,Sports,899,0,18844,0,141,48,43152
31-01-2026,P1008,Yoga Mat,Sports,629,30,17719,0,47,94,59126
01-02-2026,P1008,Yoga Mat,Sports,854,5,11684,0,420,63,53802
02-02-2026,P1008,Yoga Mat,Sports,719,20,7570,0,366,54,38826
03-02-2026,P1008,Yoga Mat,Sports,899,0,18300,0,310,56,50344
04-02-2026,P1008,Yoga Mat,Sports,854,5,17522,0,258,52,44408
05-02-2026,P1008,Yoga Mat,Sports,854,5,2466,0,196,62,52948
06-02-2026,P1008,Yoga Mat,Sports,899,0,19033,0,157,39,35061
07-02-2026,P1008,Yoga Mat,Sports,899,0,19748,0,86,71,63829
08-02-2026,P1008,Yoga Mat,Sports,899,0,6232,0,18,68,61132
09-02-2026,P1008,Yoga Mat,Sports,899,0,6394,0,420,47,42253
10-02-2026,P1008,Yoga Mat,Sports,899,0,2842,0,377,43,38657
11-02-2026,P1008,Yoga Mat,Sports,899,0,16291,0,330,47,42253
12-02-2026,P1008,Yoga Mat,Sports,899,0,17552,0,271,59,53041
13-02-2026,P1008,Yoga Mat,Sports,809,10,16266,0,204,67,54203
14-02-2026,P1008,Yoga Mat,Sports,899,0,17563,0,126,78,70122
15-02-2026,P1008,Yoga Mat,Sports,899,0,4325,0,74,52,46748
16-02-2026,P1008,Yoga Mat,Sports,899,0,14887,0,36,38,34162
17-02-2026,P1008,Yoga Mat,Sports,899,0,16169,0,420,40,35960
18-02-2026,P1008,Yoga Mat,Sports,854,5,14810,0,365,55,46970
19-02-2026,P1008,Yoga Mat,Sports,629,30,7872,0,279,86,54094
20-02-2026,P1008,Yoga Mat,Sports,764,15,6541,0,208,71,54244
21-02-2026,P1008,Yoga Mat,Sports,899,0,18705,0,133,75,67425
22-02-2026,P1008,Yoga Mat,Sports,809,10,16211,0,53,80,64720
23-02-2026,P1008,Yoga Mat,Sports,899,0,19534,0,420,53,47647
24-02-2026,P1008,Yoga Mat,Sports,899,0,3811,0,385,35,31465
25-02-2026,P1008,Yoga Mat,Sports,899,0,18172,0,340,45,40455
26-02-2026,P1008,Yoga Mat,Sports,899,0,18131,0,303,37,33263
27-02-2026,P1008,Yoga Mat,Sports,809,10,11345,0,240,63,50967
28-02-2026,P1008,Yoga Mat,Sports,764,15,12417,0,150,90,68760
01-03-2026,P1008,Yoga Mat,Sports,809,10,12142,0,86,64,51776
02-03-2026,P1008,Yoga Mat,Sports,899,0,18647,1,420,91,81809
03-03-2026,P1008,Yoga Mat,Sports,809,10,12822,1,314,106,85754
04-03-2026,P1008,Yoga Mat,Sports,899,0,12651,1,227,87,78213
05-03-2026,P1008,Yoga Mat,Sports,629,30,15721,1,107,120,75480
06-03-2026,P1008,Yoga Mat,Sports,899,0,13702,1,27,80,71920
07-03-2026,P1008,Yoga Mat,Sports,899,0,16707,0,420,62,55738
08-03-2026,P1008,Yoga Mat,Sports,899,0,12002,0,349,71,63829
09-03-2026,P1008,Yoga Mat,Sports,809,10,14177,0,289,60,48540
10-03-2026,P1008,Yoga Mat,Sports,809,10,11380,0,239,50,40450
11-03-2026,P1008,Yoga Mat,Sports,899,0,6724,0,197,42,37758
12-03-2026,P1008,Yoga Mat,Sports,854,5,14006,0,128,69,58926
13-03-2026,P1008,Yoga Mat,Sports,899,0,6982,0,82,46,41354
14-03-2026,P1008,Yoga Mat,Sports,899,0,6466,0,28,54,48546
15-03-2026,P1008,Yoga Mat,Sports,899,0,3878,0,420,53,47647
16-03-2026,P1008,Yoga Mat,Sports,854,5,19010,0,353,67,57218
17-03-2026,P1008,Yoga Mat,Sports,899,0,19089,0,276,77,69223
18-03-2026,P1008,Yoga Mat,Sports,899,0,2096,0,235,41,36859
19-03-2026,P1008,Yoga Mat,Sports,899,0,10617,0,175,60,53940
20-03-2026,P1008,Yoga Mat,Sports,764,15,6242,0,110,65,49660
21-03-2026,P1008,Yoga Mat,Sports,899,0,19983,0,43,67,60233
22-03-2026,P1008,Yoga Mat,Sports,899,0,11324,0,420,65,58435
23-03-2026,P1008,Yoga Mat,Sports,899,0,9694,0,362,58,52142
24-03-2026,P1008,Yoga Mat,Sports,764,15,13540,0,302,60,45840
25-03-2026,P1008,Yoga Mat,Sports,899,0,3626,0,260,42,37758
26-03-2026,P1008,Yoga Mat,Sports,764,15,11102,0,191,69,52716
27-03-2026,P1008,Yoga Mat,Sports,899,0,5952,0,143,48,43152
28-03-2026,P1008,Yoga Mat,Sports,899,0,4535,0,72,71,63829
29-03-2026,P1008,Yoga Mat,Sports,899,0,19017,0,8,64,57536
30-03-2026,P1008,Yoga Mat,Sports,809,10,8813,0,420,76,61484
31-03-2026,P1008,Yoga Mat,Sports,764,15,9334,0,347,73,55772
01-04-2026,P1008,Yoga Mat,Sports,899,0,18238,0,285,62,55738
02-04-2026,P1008,Yoga Mat,Sports,899,0,11073,0,214,71,63829
03-04-2026,P1008,Yoga Mat,Sports,899,0,16327,0,147,67,60233
04-04-2026,P1008,Yoga Mat,Sports,719,20,13059,0,44,103,74057
05-04-2026,P1008,Yoga Mat,Sports,899,0,2773,0,420,77,69223
06-04-2026,P1008,Yoga Mat,Sports,899,0,19911,0,352,68,61132
07-04-2026,P1008,Yoga Mat,Sports,809,10,2922,0,295,57,46113
08-04-2026,P1008,Yoga Mat,Sports,719,20,8301,0,225,70,50330
09-04-2026,P1008,Yoga Mat,Sports,899,0,7246,0,169,56,50344
10-04-2026,P1008,Yoga Mat,Sports,899,0,7650,0,119,50,44950
11-04-2026,P1008,Yoga Mat,Sports,899,0,18503,0,49,70,62930
12-04-2026,P1008,Yoga Mat,Sports,899,0,13425,0,420,78,70122
13-04-2026,P1008,Yoga Mat,Sports,899,0,4296,0,366,54,48546
14-04-2026,P1008,Yoga Mat,Sports,899,0,14629,0,312,54,48546
15-04-2026,P1008,Yoga Mat,Sports,809,10,4363,0,258,54,43686
16-04-2026,P1008,Yoga Mat,Sports,899,0,19323,0,205,53,47647
17-04-2026,P1008,Yoga Mat,Sports,899,0,5652,0,153,52,46748
18-04-2026,P1008,Yoga Mat,Sports,899,0,4459,0,78,75,67425
19-04-2026,P1008,Yoga Mat,Sports,809,10,5180,0,11,67,54203
20-04-2026,P1008,Yoga Mat,Sports,899,0,2132,0,420,54,48546
21-04-2026,P1008,Yoga Mat,Sports,899,0,10500,0,365,55,49445
22-04-2026,P1008,Yoga Mat,Sports,764,15,14851,0,293,72,55008
23-04-2026,P1008,Yoga Mat,Sports,809,10,6041,0,233,60,48540
24-04-2026,P1008,Yoga Mat,Sports,899,0,2447,0,180,53,47647
25-04-2026,P1008,Yoga Mat,Sports,899,0,15314,0,106,74,66526
26-04-2026,P1008,Yoga Mat,Sports,719,20,7247,0,420,118,84842
27-04-2026,P1008,Yoga Mat,Sports,899,0,6246,0,364,56,50344
28-04-2026,P1008,Yoga Mat,Sports,899,0,18305,0,314,50,44950
29-04-2026,P1008,Yoga Mat,Sports,899,0,13654,0,254,60,53940
30-04-2026,P1008,Yoga Mat,Sports,899,0,11151,0,205,49,44051
01-05-2026,P1008,Yoga Mat,Sports,899,0,12496,0,147,58,52142
02-05-2026,P1008,Yoga Mat,Sports,899,0,13350,0,50,97,87203
03-05-2026,P1008,Yoga Mat,Sports,899,0,12865,0,420,64,57536
04-05-2026,P1008,Yoga Mat,Sports,899,0,9970,0,351,69,62031
05-05-2026,P1008,Yoga Mat,Sports,899,0,6569,0,300,51,45849
06-05-2026,P1008,Yoga Mat,Sports,809,10,17719,0,231,69,55821
07-05-2026,P1008,Yoga Mat,Sports,899,0,12522,0,165,66,59334
08-05-2026,P1008,Yoga Mat,Sports,764,15,2560,0,87,78,59592
09-05-2026,P1008,Yoga Mat,Sports,899,0,8384,0,13,74,66526
10-05-2026,P1008,Yoga Mat,Sports,764,15,19033,0,420,103,78692
11-05-2026,P1008,Yoga Mat,Sports,899,0,11332,0,347,73,65627
12-05-2026,P1008,Yoga Mat,Sports,854,5,4685,0,293,54,46116
13-05-2026,P1008,Yoga Mat,Sports,899,0,7930,0,226,67,60233
14-05-2026,P1008,Yoga Mat,Sports,899,0,6287,0,177,49,44051
15-05-2026,P1008,Yoga Mat,Sports,899,0,10490,0,107,70,62930
16-05-2026,P1008,Yoga Mat,Sports,854,5,13654,0,22,85,72590
17-05-2026,P1008,Yoga Mat,Sports,719,20,9887,0,420,106,76214
18-05-2026,P1008,Yoga Mat,Sports,764,15,11623,0,343,77,58828
19-05-2026,P1008,Yoga Mat,Sports,809,10,7939,0,257,86,69574
20-05-2026,P1008,Yoga Mat,Sports,899,0,7710,0,187,70,62930
21-05-2026,P1008,Yoga Mat,Sports,899,0,5914,0,146,41,36859
22-05-2026,P1008,Yoga Mat,Sports,809,10,13879,0,76,70,56630
23-05-2026,P1008,Yoga Mat,Sports,899,0,19649,0,420,91,81809
24-05-2026,P1008,Yoga Mat,Sports,899,0,12640,0,345,75,67425
25-05-2026,P1008,Yoga Mat,Sports,719,20,19983,0,251,94,67586
26-05-2026,P1008,Yoga Mat,Sports,899,0,2152,0,198,53,47647
27-05-2026,P1008,Yoga Mat,Sports,854,5,11736,0,141,57,48678
28-05-2026,P1008,Yoga Mat,Sports,899,0,14664,0,62,79,71021
29-05-2026,P1008,Yoga Mat,Sports,899,0,10374,0,1,61,54839
30-05-2026,P1008,Yoga Mat,Sports,899,0,11460,0,420,87,78213
31-05-2026,P1008,Yoga Mat,Sports,809,10,17847,0,315,105,84945
01-06-2026,P1008,Yoga Mat,Sports,899,0,2573,0,264,51,45849
02-06-2026,P1008,Yoga Mat,Sports,764,15,4002,0,196,68,51952
03-06-2026,P1008,Yoga Mat,Sports,899,0,11356,0,148,48,43152
04-06-2026,P1008,Yoga Mat,Sports,854,5,12953,0,88,60,51240
05-06-2026,P1008,Yoga Mat,Sports,899,0,12274,0,39,49,44051
06-06-2026,P1008,Yoga Mat,Sports,899,0,5888,0,420,61,54839
07-06-2026,P1008,Yoga Mat,Sports,764,15,11983,0,317,103,78692
08-06-2026,P1008,Yoga Mat,Sports,899,0,19428,0,248,69,62031
09-06-2026,P1008,Yoga Mat,Sports,809,10,15765,0,161,87,70383
10-06-2026,P1008,Yoga Mat,Sports,899,0,12306,0,112,49,44051
11-06-2026,P1008,Yoga Mat,Sports,854,5,6533,0,62,50,42700
12-06-2026,P1008,Yoga Mat,Sports,899,0,2682,0,24,38,34162
13-06-2026,P1008,Yoga Mat,Sports,899,0,2368,0,420,78,70122
14-06-2026,P1008,Yoga Mat,Sports,899,0,5632,0,336,84,75516
15-06-2026,P1008,Yoga Mat,Sports,899,0,9063,0,276,60,53940
16-06-2026,P1008,Yoga Mat,Sports,899,0,14346,0,216,60,53940
17-06-2026,P1008,Yoga Mat,Sports,809,10,15566,0,139,77,62293
18-06-2026,P1008,Yoga Mat,Sports,809,10,16747,0,45,94,76046
19-06-2026,P1008,Yoga Mat,Sports,899,0,13766,0,420,58,52142
20-06-2026,P1008,Yoga Mat,Sports,899,0,15047,0,340,80,71920
21-06-2026,P1008,Yoga Mat,Sports,899,0,9413,0,267,73,65627
22-06-2026,P1008,Yoga Mat,Sports,899,0,8845,0,223,44,39556
23-06-2026,P1008,Yoga Mat,Sports,899,0,16391,0,162,61,54839
24-06-2026,P1008,Yoga Mat,Sports,899,0,6209,0,106,56,50344
25-06-2026,P1008,Yoga Mat,Sports,899,0,9201,0,59,47,42253
26-06-2026,P1008,Yoga Mat,Sports,899,0,3241,0,17,42,37758
27-06-2026,P1008,Yoga Mat,Sports,899,0,8324,0,420,78,70122
28-06-2026,P1008,Yoga Mat,Sports,764,15,15957,0,321,99,75636
29-06-2026,P1008,Yoga Mat,Sports,899,0,16134,0,263,58,52142
30-06-2026,P1008,Yoga Mat,Sports,629,30,7021,0,172,91,57239
01-07-2026,P1008,Yoga Mat,Sports,899,0,4818,0,114,58,52142
02-07-2026,P1008,Yoga Mat,Sports,719,20,15056,0,24,90,64710
03-07-2026,P1008,Yoga Mat,Sports,899,0,13418,0,420,64,57536
04-07-2026,P1008,Yoga Mat,Sports,899,0,5096,0,357,63,56637
05-07-2026,P1008,Yoga Mat,Sports,899,0,5244,0,299,58,52142
06-07-2026,P1008,Yoga Mat,Sports,899,0,19374,0,225,74,66526
07-07-2026,P1008,Yoga Mat,Sports,809,10,10643,0,139,86,69574
08-07-2026,P1008,Yoga Mat,Sports,899,0,5527,0,83,56,50344
09-07-2026,P1008,Yoga Mat,Sports,899,0,15742,0,22,61,54839
10-07-2026,P1008,Yoga Mat,Sports,899,0,12228,0,420,56,50344
11-07-2026,P1008,Yoga Mat,Sports,719,20,6355,0,306,114,81966
12-07-2026,P1008,Yoga Mat,Sports,899,0,4347,0,233,73,65627
13-07-2026,P1008,Yoga Mat,Sports,899,0,7775,0,176,57,51243
14-07-2026,P1008,Yoga Mat,Sports,764,15,10245,0,106,70,53480
15-07-2026,P1008,Yoga Mat,Sports,899,0,4619,0,55,51,45849
16-07-2026,P1008,Yoga Mat,Sports,899,0,17472,0,420,80,71920
17-07-2026,P1008,Yoga Mat,Sports,809,10,3534,0,369,51,41259
18-07-2026,P1008,Yoga Mat,Sports,899,0,13933,0,288,81,72819
19-07-2026,P1008,Yoga Mat,Sports,899,0,16062,0,206,82,73718
20-07-2026,P1008,Yoga Mat,Sports,899,0,10830,0,159,47,42253
21-07-2026,P1008,Yoga Mat,Sports,719,20,19719,0,78,81,58239
22-07-2026,P1008,Yoga Mat,Sports,899,0,16477,0,14,64,57536
23-07-2026,P1008,Yoga Mat,Sports,719,20,6072,0,420,74,53206
24-07-2026,P1008,Yoga Mat,Sports,899,0,11108,0,363,57,51243
25-07-2026,P1008,Yoga Mat,Sports,629,30,3866,0,255,108,67932
26-07-2026,P1008,Yoga Mat,Sports,899,0,15330,0,164,91,81809
27-07-2026,P1008,Yoga Mat,Sports,899,0,3362,0,123,41,36859
28-07-2026,P1008,Yoga Mat,Sports,899,0,9290,0,60,63,56637
29-07-2026,P1008,Yoga Mat,Sports,899,0,4292,0,1,59,53041
30-07-2026,P1008,Yoga Mat,Sports,899,0,19184,0,420,68,61132
31-07-2026,P1008,Yoga Mat,Sports,809,10,9658,0,357,63,50967
01-08-2026,P1008,Yoga Mat,Sports,764,15,19348,0,254,103,78692
02-08-2026,P1008,Yoga Mat,Sports,809,10,14547,0,173,81,65529
03-08-2026,P1008,Yoga Mat,Sports,899,0,9241,0,111,62,55738
04-08-2026,P1008,Yoga Mat,Sports,854,5,7897,0,60,51,43554
05-08-2026,P1008,Yoga Mat,Sports,899,0,16858,0,420,64,57536
06-08-2026,P1008,Yoga Mat,Sports,899,0,13062,0,365,55,49445
07-08-2026,P1008,Yoga Mat,Sports,899,0,2975,0,312,53,47647
08-08-2026,P1008,Yoga Mat,Sports,899,0,13781,0,230,82,73718
09-08-2026,P1008,Yoga Mat,Sports,899,0,17976,0,167,63,56637
10-08-2026,P1008,Yoga Mat,Sports,854,5,12533,0,97,70,59780
11-08-2026,P1008,Yoga Mat,Sports,899,0,10133,0,54,43,38657
12-08-2026,P1008,Yoga Mat,Sports,899,0,19925,0,7,47,42253
13-08-2026,P1008,Yoga Mat,Sports,809,10,3820,1,420,92,74428
14-08-2026,P1008,Yoga Mat,Sports,809,10,6191,1,331,89,72001
15-08-2026,P1008,Yoga Mat,Sports,899,0,4101,1,244,87,78213
16-08-2026,P1008,Yoga Mat,Sports,899,0,16382,1,145,99,89001
17-08-2026,P1008,Yoga Mat,Sports,899,0,7874,1,61,84,75516
18-08-2026,P1008,Yoga Mat,Sports,764,15,15380,0,420,69,52716
19-08-2026,P1008,Yoga Mat,Sports,719,20,9601,0,347,73,52487
20-08-2026,P1008,Yoga Mat,Sports,899,0,14354,0,297,50,44950
21-08-2026,P1008,Yoga Mat,Sports,899,0,2365,0,237,60,53940
22-08-2026,P1008,Yoga Mat,Sports,899,0,14660,0,166,71,63829
23-08-2026,P1008,Yoga Mat,Sports,854,5,19451,0,93,73,62342
24-08-2026,P1008,Yoga Mat,Sports,854,5,3402,0,32,61,52094
25-08-2026,P1008,Yoga Mat,Sports,809,10,13443,0,420,63,50967
26-08-2026,P1008,Yoga Mat,Sports,719,20,16795,0,331,89,63991
27-08-2026,P1008,Yoga Mat,Sports,899,0,15424,0,287,44,39556
28-08-2026,P1008,Yoga Mat,Sports,899,0,18606,0,223,64,57536
29-08-2026,P1008,Yoga Mat,Sports,719,20,16100,0,121,102,73338
30-08-2026,P1008,Yoga Mat,Sports,899,0,7412,0,52,69,62031
31-08-2026,P1008,Yoga Mat,Sports,899,0,7599,0,420,53,47647
01-09-2026,P1008,Yoga Mat,Sports,899,0,15063,0,366,54,48546
02-09-2026,P1008,Yoga Mat,Sports,764,15,15833,0,306,60,45840
03-09-2026,P1008,Yoga Mat,Sports,809,10,6812,0,239,67,54203
04-09-2026,P1008,Yoga Mat,Sports,899,0,3074,0,194,45,40455
05-09-2026,P1008,Yoga Mat,Sports,719,20,7555,0,119,75,53925
06-09-2026,P1008,Yoga Mat,Sports,854,5,13177,0,50,69,58926
07-09-2026,P1008,Yoga Mat,Sports,719,20,12356,0,420,73,52487
08-09-2026,P1008,Yoga Mat,Sports,899,0,2386,0,377,43,38657
09-09-2026,P1008,Yoga Mat,Sports,899,0,16959,0,308,69,62031
10-09-2026,P1008,Yoga Mat,Sports,899,0,4776,0,258,50,44950
11-09-2026,P1008,Yoga Mat,Sports,899,0,18774,0,212,46,41354
12-09-2026,P1008,Yoga Mat,Sports,899,0,11488,0,142,70,62930
13-09-2026,P1008,Yoga Mat,Sports,899,0,12680,0,73,69,62031
14-09-2026,P1008,Yoga Mat,Sports,899,0,2820,0,29,44,39556
15-09-2026,P1008,Yoga Mat,Sports,899,0,10424,0,420,56,50344
16-09-2026,P1008,Yoga Mat,Sports,899,0,12653,0,365,55,49445
17-09-2026,P1008,Yoga Mat,Sports,899,0,17198,0,312,53,47647
18-09-2026,P1008,Yoga Mat,Sports,899,0,8784,0,274,38,34162
19-09-2026,P1008,Yoga Mat,Sports,899,0,12348,0,211,63,56637
20-09-2026,P1008,Yoga Mat,Sports,854,5,15118,0,137,74,63196
21-09-2026,P1008,Yoga Mat,Sports,899,0,19003,0,90,47,42253
22-09-2026,P1008,Yoga Mat,Sports,854,5,16253,0,19,71,60634
23-09-2026,P1008,Yoga Mat,Sports,629,30,3870,0,420,86,54094
24-09-2026,P1008,Yoga Mat,Sports,719,20,17645,0,337,83,59677
25-09-2026,P1008,Yoga Mat,Sports,899,0,10314,0,296,41,36859
26-09-2026,P1008,Yoga Mat,Sports,899,0,16183,0,232,64,57536
27-09-2026,P1008,Yoga Mat,Sports,899,0,8013,0,170,62,55738
